prompt_id,pilot_index,bucket,frame_key,pose_index,mask_label,strategy,positive_point_count,negative_point_count,has_box,has_shifted_entry,selected_candidate,predicted_quality,iou,oracle_candidate,oracle_iou,candidate_predicted_qualities,candidate_ious,inference_seconds,prediction_path
129:0:p1_visible_points,129,B,Stage_1/Proctocolectomy/10/157589,0,50,p1_visible_points,3,0,False,False,2,0.99219692,0.11812113,0,0.66708901,"[0.9345145225524902, 0.91593337059021, 0.9921969175338745]","[0.6670890085524231, 0.23317010387024767, 0.11812112675338833]",0.237505,outputs/c6_sam1_vit_h_pilot/predictions/129_0_p1_visible_points.png
129:0:p2_visible_skeleton,129,B,Stage_1/Proctocolectomy/10/157589,0,50,p2_visible_skeleton,29,0,False,False,2,0.92598557,0.30422243,0,0.76460088,"[0.8589003682136536, 0.900121808052063, 0.92598557472229]","[0.764600877837747, 0.5508540732213975, 0.30422243340988886]",0.016664,outputs/c6_sam1_vit_h_pilot/predictions/129_0_p2_visible_skeleton.png
129:0:p3_visible_box,129,B,Stage_1/Proctocolectomy/10/157589,0,50,p3_visible_box,0,0,True,False,1,0.96739399,0.45032659,0,0.64127545,"[0.9196016192436218, 0.9673939943313599, 0.967369556427002]","[0.6412754503872257, 0.4503265919956903, 0.46223013576674826]",0.007164,outputs/c6_sam1_vit_h_pilot/predictions/129_0_p3_visible_box.png
129:0:p4_visible_points_box,129,B,Stage_1/Proctocolectomy/10/157589,0,50,p4_visible_points_box,3,0,True,False,1,0.96071422,0.46349512,0,0.69905330,"[0.9372029900550842, 0.9607142210006714, 0.9398790597915649]","[0.6990533046027765, 0.46349511739504917, 0.46676641729010804]",0.006642,outputs/c6_sam1_vit_h_pilot/predictions/129_0_p4_visible_points_box.png
129:0:p5_visible_points_negatives,129,B,Stage_1/Proctocolectomy/10/157589,0,50,p5_visible_points_negatives,3,0,False,False,2,0.99219692,0.11812113,0,0.66708901,"[0.9345145225524902, 0.91593337059021, 0.9921969175338745]","[0.6670890085524231, 0.23317010387024767, 0.11812112675338833]",0.007141,outputs/c6_sam1_vit_h_pilot/predictions/129_0_p5_visible_points_negatives.png
129:0:p6_visible_points_box_negatives,129,B,Stage_1/Proctocolectomy/10/157589,0,50,p6_visible_points_box_negatives,3,0,True,False,1,0.96071422,0.46349512,0,0.69905330,"[0.9372029900550842, 0.9607142210006714, 0.9398790597915649]","[0.6990533046027765, 0.46349511739504917, 0.46676641729010804]",0.007315,outputs/c6_sam1_vit_h_pilot/predictions/129_0_p6_visible_points_box_negatives.png
129:0:p7_shifted_entry_ablation,129,B,Stage_1/Proctocolectomy/10/157589,0,50,p7_shifted_entry_ablation,3,0,False,False,2,0.99219692,0.11812113,0,0.66708901,"[0.9345145225524902, 0.91593337059021, 0.9921969175338745]","[0.6670890085524231, 0.23317010387024767, 0.11812112675338833]",0.006026,outputs/c6_sam1_vit_h_pilot/predictions/129_0_p7_shifted_entry_ablation.png
33:0:p1_visible_points,33,C,Stage_1/Proctocolectomy/10/396832,0,200,p1_visible_points,2,0,False,False,2,1.00722063,0.02820049,0,0.28373702,"[0.7842018008232117, 0.9033427238464355, 1.0072206258773804]","[0.2837370242214533, 0.049186341463414635, 0.028200491858812765]",0.021079,outputs/c6_sam1_vit_h_pilot/predictions/033_0_p1_visible_points.png
33:0:p2_visible_skeleton,33,C,Stage_1/Proctocolectomy/10/396832,0,200,p2_visible_skeleton,2,0,False,False,2,1.00722063,0.02820049,0,0.28373702,"[0.7842018008232117, 0.9033427238464355, 1.0072206258773804]","[0.2837370242214533, 0.049186341463414635, 0.028200491858812765]",0.005588,outputs/c6_sam1_vit_h_pilot/predictions/033_0_p2_visible_skeleton.png
33:0:p3_visible_box,33,C,Stage_1/Proctocolectomy/10/396832,0,200,p3_visible_box,0,0,True,False,1,0.70703614,0.01879405,2,0.03395412,"[0.5183844566345215, 0.7070361375808716, 0.6744372248649597]","[0.012788725042411589, 0.018794048551292093, 0.033954122189416305]",0.004997,outputs/c6_sam1_vit_h_pilot/predictions/033_0_p3_visible_box.png
33:0:p4_visible_points_box,33,C,Stage_1/Proctocolectomy/10/396832,0,200,p4_visible_points_box,2,0,True,False,2,0.85724485,0.08405396,2,0.08405396,"[0.8212733268737793, 0.848292350769043, 0.8572448492050171]","[0.0377453447408153, 0.07791550720971414, 0.08405396056727776]",0.006154,outputs/c6_sam1_vit_h_pilot/predictions/033_0_p4_visible_points_box.png
33:0:p5_visible_points_negatives,33,C,Stage_1/Proctocolectomy/10/396832,0,200,p5_visible_points_negatives,2,2,False,False,2,0.94557333,0.05127576,1,0.65430820,"[0.8835251927375793, 0.8127561807632446, 0.9455733299255371]","[0.4488695912561761, 0.6543082021541011, 0.05127576455973455]",0.005638,outputs/c6_sam1_vit_h_pilot/predictions/033_0_p5_visible_points_negatives.png
33:0:p6_visible_points_box_negatives,33,C,Stage_1/Proctocolectomy/10/396832,0,200,p6_visible_points_box_negatives,2,2,True,False,2,0.84045470,0.13048232,1,0.18728717,"[0.7082608938217163, 0.7840834856033325, 0.8404546976089478]","[0.0422986804784807, 0.1872871736662883, 0.13048232292552545]",0.006070,outputs/c6_sam1_vit_h_pilot/predictions/033_0_p6_visible_points_box_negatives.png
33:0:p7_shifted_entry_ablation,33,C,Stage_1/Proctocolectomy/10/396832,0,200,p7_shifted_entry_ablation,3,0,False,True,2,1.00582385,0.02826095,0,0.24395969,"[0.5450182557106018, 0.9208047389984131, 1.0058238506317139]","[0.2439596852133094, 0.04243201196509291, 0.02826094595544311]",0.005560,outputs/c6_sam1_vit_h_pilot/predictions/033_0_p7_shifted_entry_ablation.png
33:1:p1_visible_points,33,B,Stage_1/Proctocolectomy/10/396832,1,100,p1_visible_points,2,0,False,False,2,0.93753397,0.02676501,1,0.85172065,"[0.9062033891677856, 0.9350529909133911, 0.937533974647522]","[0.6600407747196738, 0.8517206477732794, 0.02676501195844668]",0.005546,outputs/c6_sam1_vit_h_pilot/predictions/033_1_p1_visible_points.png
33:1:p2_visible_skeleton,33,B,Stage_1/Proctocolectomy/10/396832,1,100,p2_visible_skeleton,7,0,False,False,2,0.94485068,0.05523675,1,0.83305113,"[0.9222158789634705, 0.941979169845581, 0.9448506832122803]","[0.654715378079864, 0.833051134439553, 0.055236749116607774]",0.005868,outputs/c6_sam1_vit_h_pilot/predictions/033_1_p2_visible_skeleton.png
33:1:p3_visible_box,33,B,Stage_1/Proctocolectomy/10/396832,1,100,p3_visible_box,0,0,True,False,1,0.95677042,0.84429007,2,0.87143096,"[0.9366759657859802, 0.9567704200744629, 0.9537605047225952]","[0.8067369853691732, 0.8442900711623179, 0.8714309567540491]",0.004891,outputs/c6_sam1_vit_h_pilot/predictions/033_1_p3_visible_box.png
33:1:p4_visible_points_box,33,B,Stage_1/Proctocolectomy/10/396832,1,100,p4_visible_points_box,2,0,True,False,1,0.95868361,0.85709477,2,0.87427434,"[0.9477539658546448, 0.9586836099624634, 0.953437089920044]","[0.8395459166384277, 0.8570947651910453, 0.8742743406866811]",0.005745,outputs/c6_sam1_vit_h_pilot/predictions/033_1_p4_visible_points_box.png
33:1:p5_visible_points_negatives,33,B,Stage_1/Proctocolectomy/10/396832,1,100,p5_visible_points_negatives,2,2,False,False,2,0.93632567,0.05966201,1,0.83654496,"[0.8815088868141174, 0.9243576526641846, 0.9363256692886353]","[0.6825127334465195, 0.8365449628127113, 0.05966201023533122]",0.011641,outputs/c6_sam1_vit_h_pilot/predictions/033_1_p5_visible_points_negatives.png
33:1:p6_visible_points_box_negatives,33,B,Stage_1/Proctocolectomy/10/396832,1,100,p6_visible_points_box_negatives,2,2,True,False,1,0.95332372,0.85284676,2,0.87435341,"[0.941906750202179, 0.9533237218856812, 0.9462878704071045]","[0.830166270783848, 0.8528467646561919, 0.8743534123143668]",0.005917,outputs/c6_sam1_vit_h_pilot/predictions/033_1_p6_visible_points_box_negatives.png
33:1:p7_shifted_entry_ablation,33,B,Stage_1/Proctocolectomy/10/396832,1,100,p7_shifted_entry_ablation,2,0,False,False,2,0.93753397,0.02676501,1,0.85172065,"[0.9062033891677856, 0.9350529909133911, 0.937533974647522]","[0.6600407747196738, 0.8517206477732794, 0.02676501195844668]",0.005482,outputs/c6_sam1_vit_h_pilot/predictions/033_1_p7_shifted_entry_ablation.png
9:0:p1_visible_points,9,B,Stage_1/Proctocolectomy/10/398148,0,100,p1_visible_points,2,0,False,False,0,0.94852936,0.89679437,1,0.92747506,"[0.9485293626785278, 0.9456628561019897, 0.7430909872055054]","[0.8967943706020328, 0.9274750575594781, 0.026826778365976616]",0.021862,outputs/c6_sam1_vit_h_pilot/predictions/009_0_p1_visible_points.png
9:0:p2_visible_skeleton,9,B,Stage_1/Proctocolectomy/10/398148,0,100,p2_visible_skeleton,5,0,False,False,1,0.95367432,0.92639692,1,0.92639692,"[0.9466962218284607, 0.95367431640625, 0.827299952507019]","[0.8956215793588741, 0.9263969171483623, 0.033618468241107244]",0.005636,outputs/c6_sam1_vit_h_pilot/predictions/009_0_p2_visible_skeleton.png
9:0:p3_visible_box,9,B,Stage_1/Proctocolectomy/10/398148,0,100,p3_visible_box,0,0,True,False,0,0.95379835,0.91634392,0,0.91634392,"[0.9537983536720276, 0.9523005485534668, 0.9388264417648315]","[0.9163439194422928, 0.914725770097671, 0.8774787535410765]",0.004904,outputs/c6_sam1_vit_h_pilot/predictions/009_0_p3_visible_box.png
9:0:p4_visible_points_box,9,B,Stage_1/Proctocolectomy/10/398148,0,100,p4_visible_points_box,2,0,True,False,1,0.95714474,0.92243976,0,0.92358417,"[0.955894410610199, 0.9571447372436523, 0.9501410722732544]","[0.9235841737781226, 0.9224397590361446, 0.8772053634438955]",0.006226,outputs/c6_sam1_vit_h_pilot/predictions/009_0_p4_visible_points_box.png
9:0:p5_visible_points_negatives,9,B,Stage_1/Proctocolectomy/10/398148,0,100,p5_visible_points_negatives,2,0,False,False,0,0.94852936,0.89679437,1,0.92747506,"[0.9485293626785278, 0.9456628561019897, 0.7430909872055054]","[0.8967943706020328, 0.9274750575594781, 0.026826778365976616]",0.005497,outputs/c6_sam1_vit_h_pilot/predictions/009_0_p5_visible_points_negatives.png
9:0:p6_visible_points_box_negatives,9,B,Stage_1/Proctocolectomy/10/398148,0,100,p6_visible_points_box_negatives,2,0,True,False,1,0.95714474,0.92243976,0,0.92358417,"[0.955894410610199, 0.9571447372436523, 0.9501410722732544]","[0.9235841737781226, 0.9224397590361446, 0.8772053634438955]",0.005682,outputs/c6_sam1_vit_h_pilot/predictions/009_0_p6_visible_points_box_negatives.png
9:0:p7_shifted_entry_ablation,9,B,Stage_1/Proctocolectomy/10/398148,0,100,p7_shifted_entry_ablation,2,0,False,False,0,0.94852936,0.89679437,1,0.92747506,"[0.9485293626785278, 0.9456628561019897, 0.7430909872055054]","[0.8967943706020328, 0.9274750575594781, 0.026826778365976616]",0.005495,outputs/c6_sam1_vit_h_pilot/predictions/009_0_p7_shifted_entry_ablation.png
103:0:p1_visible_points,103,C,Stage_1/Proctocolectomy/3/63665,0,50,p1_visible_points,1,0,False,False,0,0.98600906,0.86918927,1,0.91023610,"[0.9860090613365173, 0.9639608860015869, 0.711328387260437]","[0.8691892749484372, 0.9102360957059104, 0.026579015097648328]",0.020462,outputs/c6_sam1_vit_h_pilot/predictions/103_0_p1_visible_points.png
103:0:p2_visible_skeleton,103,C,Stage_1/Proctocolectomy/3/63665,0,50,p2_visible_skeleton,1,0,False,False,0,0.98600906,0.86918927,1,0.91023610,"[0.9860090613365173, 0.9639608860015869, 0.711328387260437]","[0.8691892749484372, 0.9102360957059104, 0.026579015097648328]",0.005548,outputs/c6_sam1_vit_h_pilot/predictions/103_0_p2_visible_skeleton.png
103:0:p3_visible_box,103,C,Stage_1/Proctocolectomy/3/63665,0,50,p3_visible_box,0,0,True,False,1,0.63827133,0.01306620,0,0.01999048,"[0.48735368251800537, 0.6382713317871094, 0.6328593492507935]","[0.019990480723465015, 0.013066202090592335, 0.011444266422522316]",0.005004,outputs/c6_sam1_vit_h_pilot/predictions/103_0_p3_visible_box.png
103:0:p4_visible_points_box,103,C,Stage_1/Proctocolectomy/3/63665,0,50,p4_visible_points_box,1,0,True,False,1,0.82859421,0.04251944,1,0.04251944,"[0.6290310025215149, 0.8285942077636719, 0.7721033096313477]","[0.027517842981760507, 0.04251943518959226, 0.04179222839016653]",0.007805,outputs/c6_sam1_vit_h_pilot/predictions/103_0_p4_visible_points_box.png
103:0:p5_visible_points_negatives,103,C,Stage_1/Proctocolectomy/3/63665,0,50,p5_visible_points_negatives,1,0,False,False,0,0.98600906,0.86918927,1,0.91023610,"[0.9860090613365173, 0.9639608860015869, 0.711328387260437]","[0.8691892749484372, 0.9102360957059104, 0.026579015097648328]",0.007148,outputs/c6_sam1_vit_h_pilot/predictions/103_0_p5_visible_points_negatives.png
103:0:p6_visible_points_box_negatives,103,C,Stage_1/Proctocolectomy/3/63665,0,50,p6_visible_points_box_negatives,1,0,True,False,1,0.82859421,0.04251944,1,0.04251944,"[0.6290310025215149, 0.8285942077636719, 0.7721033096313477]","[0.027517842981760507, 0.04251943518959226, 0.04179222839016653]",0.005736,outputs/c6_sam1_vit_h_pilot/predictions/103_0_p6_visible_points_box_negatives.png
103:0:p7_shifted_entry_ablation,103,C,Stage_1/Proctocolectomy/3/63665,0,50,p7_shifted_entry_ablation,2,0,False,True,1,0.98019934,0.87783595,1,0.87783595,"[0.9066399931907654, 0.9801993370056152, 0.6838229894638062]","[0.4791369189274948, 0.8778359511343804, 0.02640221074048527]",0.005670,outputs/c6_sam1_vit_h_pilot/predictions/103_0_p7_shifted_entry_ablation.png
179:0:p1_visible_points,179,A,Stage_1/Proctocolectomy/4/215232,0,100,p1_visible_points,4,0,False,False,2,0.99469614,0.04724129,0,0.44000711,"[0.6895790696144104, 0.927603006362915, 0.9946961402893066]","[0.4400071076362667, 0.22963334833639165, 0.04724128647896483]",0.020623,outputs/c6_sam1_vit_h_pilot/predictions/179_0_p1_visible_points.png
179:0:p2_visible_skeleton,179,A,Stage_1/Proctocolectomy/4/215232,0,100,p2_visible_skeleton,22,0,False,False,2,0.91155350,0.05902990,0,0.51513313,"[0.8379008173942566, 0.8690276145935059, 0.9115535020828247]","[0.5151331311088642, 0.5015183583325665, 0.05902990160954894]",0.006758,outputs/c6_sam1_vit_h_pilot/predictions/179_0_p2_visible_skeleton.png
179:0:p3_visible_box,179,A,Stage_1/Proctocolectomy/4/215232,0,100,p3_visible_box,0,0,True,False,2,0.90108240,0.50981810,1,0.62129704,"[0.780462920665741, 0.8680675029754639, 0.9010823965072632]","[0.2794854350918424, 0.6212970376301041, 0.5098181009067141]",0.005033,outputs/c6_sam1_vit_h_pilot/predictions/179_0_p3_visible_box.png
179:0:p4_visible_points_box,179,A,Stage_1/Proctocolectomy/4/215232,0,100,p4_visible_points_box,4,0,True,False,2,0.93274343,0.63410263,0,0.67420723,"[0.8950251936912537, 0.9285179376602173, 0.9327434301376343]","[0.674207230862452, 0.631715173127804, 0.6341026337225089]",0.005702,outputs/c6_sam1_vit_h_pilot/predictions/179_0_p4_visible_points_box.png
179:0:p5_visible_points_negatives,179,A,Stage_1/Proctocolectomy/4/215232,0,100,p5_visible_points_negatives,4,6,False,False,2,0.92560375,0.05725999,0,0.54456577,"[0.6712440848350525, 0.8866218328475952, 0.9256037473678589]","[0.5445657694261046, 0.10839718250288745, 0.057259992004695115]",0.005779,outputs/c6_sam1_vit_h_pilot/predictions/179_0_p5_visible_points_negatives.png
179:0:p6_visible_points_box_negatives,179,A,Stage_1/Proctocolectomy/4/215232,0,100,p6_visible_points_box_negatives,4,6,True,False,2,0.90833354,0.50889542,0,0.65343724,"[0.8518770337104797, 0.8877906799316406, 0.9083335399627686]","[0.6534372357134227, 0.6347487221013209, 0.5088954207920792]",0.006249,outputs/c6_sam1_vit_h_pilot/predictions/179_0_p6_visible_points_box_negatives.png
179:0:p7_shifted_entry_ablation,179,A,Stage_1/Proctocolectomy/4/215232,0,100,p7_shifted_entry_ablation,4,0,False,False,2,0.99469614,0.04724129,0,0.44000711,"[0.6895790696144104, 0.927603006362915, 0.9946961402893066]","[0.4400071076362667, 0.22963334833639165, 0.04724128647896483]",0.005483,outputs/c6_sam1_vit_h_pilot/predictions/179_0_p7_shifted_entry_ablation.png
179:1:p1_visible_points,179,A,Stage_1/Proctocolectomy/4/215232,1,50,p1_visible_points,4,0,False,False,2,0.97764647,0.04232595,1,0.55750708,"[0.9357777237892151, 0.8992198705673218, 0.9776464700698853]","[0.5170866976592448, 0.5575070821529745, 0.042325954891418195]",0.005415,outputs/c6_sam1_vit_h_pilot/predictions/179_1_p1_visible_points.png
179:1:p2_visible_skeleton,179,A,Stage_1/Proctocolectomy/4/215232,1,50,p2_visible_skeleton,18,0,False,False,1,0.91056395,0.49983681,1,0.49983681,"[0.8737362027168274, 0.9105639457702637, 0.8758981227874756]","[0.38515669748793063, 0.49983681462140994, 0.04724098416435592]",0.005923,outputs/c6_sam1_vit_h_pilot/predictions/179_1_p2_visible_skeleton.png
179:1:p3_visible_box,179,A,Stage_1/Proctocolectomy/4/215232,1,50,p3_visible_box,0,0,True,False,1,0.95377028,0.50986467,2,0.52073309,"[0.9523321390151978, 0.9537702798843384, 0.9018595218658447]","[0.46165155599117863, 0.5098646665579651, 0.5207330880271723]",0.005276,outputs/c6_sam1_vit_h_pilot/predictions/179_1_p3_visible_box.png
179:1:p4_visible_points_box,179,A,Stage_1/Proctocolectomy/4/215232,1,50,p4_visible_points_box,4,0,True,False,0,0.91937184,0.51653736,2,0.62528160,"[0.9193718433380127, 0.9119763374328613, 0.8732696771621704]","[0.5165373621886484, 0.5740680449291877, 0.6252816020025032]",0.006162,outputs/c6_sam1_vit_h_pilot/predictions/179_1_p4_visible_points_box.png
179:1:p5_visible_points_negatives,179,A,Stage_1/Proctocolectomy/4/215232,1,50,p5_visible_points_negatives,4,6,False,False,0,0.87098831,0.48456387,1,0.53907587,"[0.8709883093833923, 0.8345733880996704, 0.8591408729553223]","[0.4845638680169879, 0.5390758699372504, 0.05792656080307611]",0.005661,outputs/c6_sam1_vit_h_pilot/predictions/179_1_p5_visible_points_negatives.png
179:1:p6_visible_points_box_negatives,179,A,Stage_1/Proctocolectomy/4/215232,1,50,p6_visible_points_box_negatives,4,6,True,False,0,0.89565092,0.48071265,2,0.61583482,"[0.8956509232521057, 0.8918869495391846, 0.8407418727874756]","[0.4807126511932004, 0.547019003343936, 0.6158348236059178]",0.006099,outputs/c6_sam1_vit_h_pilot/predictions/179_1_p6_visible_points_box_negatives.png
179:1:p7_shifted_entry_ablation,179,A,Stage_1/Proctocolectomy/4/215232,1,50,p7_shifted_entry_ablation,4,0,False,False,2,0.97764647,0.04232595,1,0.55750708,"[0.9357777237892151, 0.8992198705673218, 0.9776464700698853]","[0.5170866976592448, 0.5575070821529745, 0.042325954891418195]",0.005493,outputs/c6_sam1_vit_h_pilot/predictions/179_1_p7_shifted_entry_ablation.png
179:2:p1_visible_points,179,C,Stage_1/Proctocolectomy/4/215232,2,150,p1_visible_points,2,0,False,False,2,0.98150086,0.02036877,0,0.68666667,"[0.9030486941337585, 0.7904365062713623, 0.9815008640289307]","[0.6866666666666666, 0.6108627626285204, 0.020368773213515656]",0.005449,outputs/c6_sam1_vit_h_pilot/predictions/179_2_p1_visible_points.png
179:2:p2_visible_skeleton,179,C,Stage_1/Proctocolectomy/4/215232,2,150,p2_visible_skeleton,2,0,False,False,2,0.98150086,0.02036877,0,0.68666667,"[0.9030486941337585, 0.7904365062713623, 0.9815008640289307]","[0.6866666666666666, 0.6108627626285204, 0.020368773213515656]",0.005403,outputs/c6_sam1_vit_h_pilot/predictions/179_2_p2_visible_skeleton.png
179:2:p3_visible_box,179,C,Stage_1/Proctocolectomy/4/215232,2,150,p3_visible_box,0,0,True,False,1,0.85421836,0.28859060,0,0.29804429,"[0.7293047904968262, 0.8542183637619019, 0.8469852209091187]","[0.2980442864069824, 0.28859060402684567, 0.23807898031182428]",0.004878,outputs/c6_sam1_vit_h_pilot/predictions/179_2_p3_visible_box.png
179:2:p4_visible_points_box,179,C,Stage_1/Proctocolectomy/4/215232,2,150,p4_visible_points_box,2,0,True,False,2,0.84023440,0.23524004,0,0.42209998,"[0.7538835406303406, 0.780611515045166, 0.8402343988418579]","[0.42209998382138814, 0.3179391682184978, 0.2352400408580184]",0.005842,outputs/c6_sam1_vit_h_pilot/predictions/179_2_p4_visible_points_box.png
179:2:p5_visible_points_negatives,179,C,Stage_1/Proctocolectomy/4/215232,2,150,p5_visible_points_negatives,2,8,False,False,2,0.79404914,0.01497371,1,0.73251848,"[0.7694882154464722, 0.7328002452850342, 0.7940491437911987]","[0.7279625443978043, 0.7325184764070495, 0.01497371420168376]",0.005553,outputs/c6_sam1_vit_h_pilot/predictions/179_2_p5_visible_points_negatives.png
179:2:p6_visible_points_box_negatives,179,C,Stage_1/Proctocolectomy/4/215232,2,150,p6_visible_points_box_negatives,2,8,True,False,1,0.86407387,0.42443730,0,0.47161300,"[0.7761107087135315, 0.8640738725662231, 0.8585419654846191]","[0.47161300357753927, 0.42443729903536975, 0.2205523344522429]",0.006054,outputs/c6_sam1_vit_h_pilot/predictions/179_2_p6_visible_points_box_negatives.png
179:2:p7_shifted_entry_ablation,179,C,Stage_1/Proctocolectomy/4/215232,2,150,p7_shifted_entry_ablation,3,0,False,True,2,0.97278953,0.02039300,1,0.80579382,"[0.9263727068901062, 0.9152131080627441, 0.9727895259857178]","[0.42717656631407647, 0.8057938177698657, 0.02039300097208721]",0.005454,outputs/c6_sam1_vit_h_pilot/predictions/179_2_p7_shifted_entry_ablation.png
55:0:p1_visible_points,55,C,Stage_1/Proctocolectomy/9/159000,0,50,p1_visible_points,2,0,False,False,2,0.99765384,0.15888663,0,0.90133882,"[0.9791826605796814, 0.950046181678772, 0.9976538419723511]","[0.901338816940847, 0.19179793252736943, 0.15888663276490989]",0.021370,outputs/c6_sam1_vit_h_pilot/predictions/055_0_p1_visible_points.png
55:0:p2_visible_skeleton,55,C,Stage_1/Proctocolectomy/9/159000,0,50,p2_visible_skeleton,2,0,False,False,2,0.99765384,0.15888663,0,0.90133882,"[0.9791826605796814, 0.950046181678772, 0.9976538419723511]","[0.901338816940847, 0.19179793252736943, 0.15888663276490989]",0.006161,outputs/c6_sam1_vit_h_pilot/predictions/055_0_p2_visible_skeleton.png
55:0:p3_visible_box,55,C,Stage_1/Proctocolectomy/9/159000,0,50,p3_visible_box,0,0,True,False,0,0.82370073,0.23216532,0,0.23216532,"[0.8237007260322571, 0.7173943519592285, 0.7684779167175293]","[0.2321653189577718, 0.0012823448591710556, 0.12392695489308568]",0.005213,outputs/c6_sam1_vit_h_pilot/predictions/055_0_p3_visible_box.png
55:0:p4_visible_points_box,55,C,Stage_1/Proctocolectomy/9/159000,0,50,p4_visible_points_box,2,0,True,False,0,0.82665080,0.28648673,0,0.28648673,"[0.8266507983207703, 0.7038553953170776, 0.7868970632553101]","[0.28648672903906125, 0.012261940126085091, 0.11368863652698914]",0.005838,outputs/c6_sam1_vit_h_pilot/predictions/055_0_p4_visible_points_box.png
55:0:p5_visible_points_negatives,55,C,Stage_1/Proctocolectomy/9/159000,0,50,p5_visible_points_negatives,2,0,False,False,2,0.99765384,0.15888663,0,0.90133882,"[0.9791826605796814, 0.950046181678772, 0.9976538419723511]","[0.901338816940847, 0.19179793252736943, 0.15888663276490989]",0.005391,outputs/c6_sam1_vit_h_pilot/predictions/055_0_p5_visible_points_negatives.png
55:0:p6_visible_points_box_negatives,55,C,Stage_1/Proctocolectomy/9/159000,0,50,p6_visible_points_box_negatives,2,0,True,False,0,0.82665080,0.28648673,0,0.28648673,"[0.8266507983207703, 0.7038553953170776, 0.7868970632553101]","[0.28648672903906125, 0.012261940126085091, 0.11368863652698914]",0.005763,outputs/c6_sam1_vit_h_pilot/predictions/055_0_p6_visible_points_box_negatives.png
55:0:p7_shifted_entry_ablation,55,C,Stage_1/Proctocolectomy/9/159000,0,50,p7_shifted_entry_ablation,2,0,False,False,2,0.99765384,0.15888663,0,0.90133882,"[0.9791826605796814, 0.950046181678772, 0.9976538419723511]","[0.901338816940847, 0.19179793252736943, 0.15888663276490989]",0.005639,outputs/c6_sam1_vit_h_pilot/predictions/055_0_p7_shifted_entry_ablation.png
48:0:p1_visible_points,48,A,Stage_1/Proctocolectomy/9/262500,0,50,p1_visible_points,4,0,False,False,0,0.96455425,0.88151941,0,0.88151941,"[0.9645542502403259, 0.8851895332336426, 0.7440112829208374]","[0.8815194054500413, 0.8806635861891926, 0.10630823388245159]",0.021849,outputs/c6_sam1_vit_h_pilot/predictions/048_0_p1_visible_points.png
48:0:p2_visible_skeleton,48,A,Stage_1/Proctocolectomy/9/262500,0,50,p2_visible_skeleton,24,0,False,False,1,0.94545710,0.87066024,1,0.87066024,"[0.8951504826545715, 0.9454571008682251, 0.9216452836990356]","[0.6707403531278485, 0.8706602448324302, 0.7850008417036081]",0.006128,outputs/c6_sam1_vit_h_pilot/predictions/048_0_p2_visible_skeleton.png
48:0:p3_visible_box,48,A,Stage_1/Proctocolectomy/9/262500,0,50,p3_visible_box,0,0,True,False,1,0.97253382,0.86257222,1,0.86257222,"[0.9674646258354187, 0.9725338220596313, 0.9662783145904541]","[0.8453951797495624, 0.8625722205523828, 0.8200006071829746]",0.006303,outputs/c6_sam1_vit_h_pilot/predictions/048_0_p3_visible_box.png
48:0:p4_visible_points_box,48,A,Stage_1/Proctocolectomy/9/262500,0,50,p4_visible_points_box,4,0,True,False,1,0.97245967,0.88412991,1,0.88412991,"[0.9658119678497314, 0.9724596738815308, 0.9037845134735107]","[0.8771807397069086, 0.8841299059890868, 0.8282019518385352]",0.006362,outputs/c6_sam1_vit_h_pilot/predictions/048_0_p4_visible_points_box.png
48:0:p5_visible_points_negatives,48,A,Stage_1/Proctocolectomy/9/262500,0,50,p5_visible_points_negatives,4,2,False,False,1,0.95974338,0.88124917,1,0.88124917,"[0.9510052800178528, 0.9597433805465698, 0.7761951684951782]","[0.8638316439551588, 0.881249166777763, 0.20649671633359226]",0.005734,outputs/c6_sam1_vit_h_pilot/predictions/048_0_p5_visible_points_negatives.png
48:0:p6_visible_points_box_negatives,48,A,Stage_1/Proctocolectomy/9/262500,0,50,p6_visible_points_box_negatives,4,2,True,False,1,0.97061491,0.88161268,2,0.88271605,"[0.9662874341011047, 0.9706149101257324, 0.9010528326034546]","[0.8617157060325138, 0.8816126776975064, 0.8827160493827161]",0.005825,outputs/c6_sam1_vit_h_pilot/predictions/048_0_p6_visible_points_box_negatives.png
48:0:p7_shifted_entry_ablation,48,A,Stage_1/Proctocolectomy/9/262500,0,50,p7_shifted_entry_ablation,4,0,False,False,0,0.96455425,0.88151941,0,0.88151941,"[0.9645542502403259, 0.8851895332336426, 0.7440112829208374]","[0.8815194054500413, 0.8806635861891926, 0.10630823388245159]",0.005453,outputs/c6_sam1_vit_h_pilot/predictions/048_0_p7_shifted_entry_ablation.png
48:1:p1_visible_points,48,B,Stage_1/Proctocolectomy/9/262500,1,100,p1_visible_points,2,0,False,False,0,0.90000242,0.67204161,0,0.67204161,"[0.9000024199485779, 0.7011792659759521, 0.8202022314071655]","[0.6720416124837452, 0.05915329595979122, 0.012644633196788227]",0.005486,outputs/c6_sam1_vit_h_pilot/predictions/048_1_p1_visible_points.png
48:1:p2_visible_skeleton,48,B,Stage_1/Proctocolectomy/9/262500,1,100,p2_visible_skeleton,8,0,False,False,0,0.85005170,0.70913242,0,0.70913242,"[0.8500517010688782, 0.7971563339233398, 0.8011198043823242]","[0.7091324200913242, 0.4312345196193456, 0.0884305729820159]",0.005670,outputs/c6_sam1_vit_h_pilot/predictions/048_1_p2_visible_skeleton.png
48:1:p3_visible_box,48,B,Stage_1/Proctocolectomy/9/262500,1,100,p3_visible_box,0,0,True,False,2,0.88927829,0.57761921,1,0.74620341,"[0.8517218828201294, 0.883825421333313, 0.8892782926559448]","[0.6329501915708812, 0.7462034054302807, 0.5776192133658197]",0.004921,outputs/c6_sam1_vit_h_pilot/predictions/048_1_p3_visible_box.png
48:1:p4_visible_points_box,48,B,Stage_1/Proctocolectomy/9/262500,1,100,p4_visible_points_box,2,0,True,False,2,0.90827453,0.51890563,0,0.72301172,"[0.884442150592804, 0.9027262926101685, 0.9082745313644409]","[0.7230117177761157, 0.7077547532578509, 0.518905625576391]",0.005722,outputs/c6_sam1_vit_h_pilot/predictions/048_1_p4_visible_points_box.png
48:1:p5_visible_points_negatives,48,B,Stage_1/Proctocolectomy/9/262500,1,100,p5_visible_points_negatives,2,4,False,False,0,0.83855098,0.70506429,0,0.70506429,"[0.8385509848594666, 0.8125150203704834, 0.7210228443145752]","[0.7050642875885594, 0.17974954184483813, 0.0022621486859403313]",0.005521,outputs/c6_sam1_vit_h_pilot/predictions/048_1_p5_visible_points_negatives.png
48:1:p6_visible_points_box_negatives,48,B,Stage_1/Proctocolectomy/9/262500,1,100,p6_visible_points_box_negatives,2,4,True,False,0,0.87646633,0.70064350,0,0.70064350,"[0.8764663338661194, 0.8521848917007446, 0.8624621629714966]","[0.7006435006435007, 0.4121923013381794, 0.4760233918128655]",0.005701,outputs/c6_sam1_vit_h_pilot/predictions/048_1_p6_visible_points_box_negatives.png
48:1:p7_shifted_entry_ablation,48,B,Stage_1/Proctocolectomy/9/262500,1,100,p7_shifted_entry_ablation,2,0,False,False,0,0.90000242,0.67204161,0,0.67204161,"[0.9000024199485779, 0.7011792659759521, 0.8202022314071655]","[0.6720416124837452, 0.05915329595979122, 0.012644633196788227]",0.005446,outputs/c6_sam1_vit_h_pilot/predictions/048_1_p7_shifted_entry_ablation.png
143:0:p1_visible_points,143,B,Stage_1/Proctocolectomy/9/74675,0,50,p1_visible_points,3,0,False,False,2,0.95768678,0.11209795,0,0.74042649,"[0.9216316342353821, 0.7863829135894775, 0.9576867818832397]","[0.7404264856557377, 0.19489328253662372, 0.11209795228432683]",0.020756,outputs/c6_sam1_vit_h_pilot/predictions/143_0_p1_visible_points.png
143:0:p2_visible_skeleton,143,B,Stage_1/Proctocolectomy/9/74675,0,50,p2_visible_skeleton,22,0,False,False,0,0.91836083,0.82112649,1,0.87636282,"[0.9183608293533325, 0.8614351749420166, 0.8900988101959229]","[0.821126489811611, 0.8763628225213416, 0.7698940561003181]",0.005873,outputs/c6_sam1_vit_h_pilot/predictions/143_0_p2_visible_skeleton.png
143:0:p3_visible_box,143,B,Stage_1/Proctocolectomy/9/74675,0,50,p3_visible_box,0,0,True,False,2,0.95754838,0.85554526,2,0.85554526,"[0.9347475171089172, 0.9221957921981812, 0.9575483798980713]","[0.5475458157119056, 0.8311800447713463, 0.8555452599290667]",0.004905,outputs/c6_sam1_vit_h_pilot/predictions/143_0_p3_visible_box.png
143:0:p4_visible_points_box,143,B,Stage_1/Proctocolectomy/9/74675,0,50,p4_visible_points_box,3,0,True,False,1,0.95646894,0.86712705,2,0.88317802,"[0.940348207950592, 0.956468939781189, 0.952988862991333]","[0.7105347422350304, 0.8671270541594731, 0.8831780159664133]",0.005952,outputs/c6_sam1_vit_h_pilot/predictions/143_0_p4_visible_points_box.png
143:0:p5_visible_points_negatives,143,B,Stage_1/Proctocolectomy/9/74675,0,50,p5_visible_points_negatives,3,0,False,False,2,0.95768678,0.11209795,0,0.74042649,"[0.9216316342353821, 0.7863829135894775, 0.9576867818832397]","[0.7404264856557377, 0.19489328253662372, 0.11209795228432683]",0.005454,outputs/c6_sam1_vit_h_pilot/predictions/143_0_p5_visible_points_negatives.png
143:0:p6_visible_points_box_negatives,143,B,Stage_1/Proctocolectomy/9/74675,0,50,p6_visible_points_box_negatives,3,0,True,False,1,0.95646894,0.86712705,2,0.88317802,"[0.940348207950592, 0.956468939781189, 0.952988862991333]","[0.7105347422350304, 0.8671270541594731, 0.8831780159664133]",0.005749,outputs/c6_sam1_vit_h_pilot/predictions/143_0_p6_visible_points_box_negatives.png
143:0:p7_shifted_entry_ablation,143,B,Stage_1/Proctocolectomy/9/74675,0,50,p7_shifted_entry_ablation,3,0,False,False,2,0.95768678,0.11209795,0,0.74042649,"[0.9216316342353821, 0.7863829135894775, 0.9576867818832397]","[0.7404264856557377, 0.19489328253662372, 0.11209795228432683]",0.005696,outputs/c6_sam1_vit_h_pilot/predictions/143_0_p7_shifted_entry_ablation.png
161:0:p1_visible_points,161,C,Stage_1/Rectal resection/1/238392,0,50,p1_visible_points,1,0,False,False,2,0.99920809,0.02658917,0,0.50827052,"[0.7049400806427002, 0.8862577676773071, 0.9992080926895142]","[0.5082705192629816, 0.12546624734878958, 0.026589168694880125]",0.020991,outputs/c6_sam1_vit_h_pilot/predictions/161_0_p1_visible_points.png
161:0:p2_visible_skeleton,161,C,Stage_1/Rectal resection/1/238392,0,50,p2_visible_skeleton,1,0,False,False,2,0.99920809,0.02658917,0,0.50827052,"[0.7049400806427002, 0.8862577676773071, 0.9992080926895142]","[0.5082705192629816, 0.12546624734878958, 0.026589168694880125]",0.005537,outputs/c6_sam1_vit_h_pilot/predictions/161_0_p2_visible_skeleton.png
161:0:p3_visible_box,161,C,Stage_1/Rectal resection/1/238392,0,50,p3_visible_box,0,0,True,False,2,0.68036175,0.02423575,2,0.02423575,"[0.4838827848434448, 0.5808150768280029, 0.6803617477416992]","[0.0, 0.004282256563023646, 0.02423574772789865]",0.004966,outputs/c6_sam1_vit_h_pilot/predictions/161_0_p3_visible_box.png
161:0:p4_visible_points_box,161,C,Stage_1/Rectal resection/1/238392,0,50,p4_visible_points_box,1,0,True,False,2,0.72748482,0.05471180,2,0.05471180,"[0.5791465044021606, 0.7063405513763428, 0.7274848222732544]","[0.05223603637038412, 0.03918830866610817, 0.054711802378774016]",0.005961,outputs/c6_sam1_vit_h_pilot/predictions/161_0_p4_visible_points_box.png
161:0:p5_visible_points_negatives,161,C,Stage_1/Rectal resection/1/238392,0,50,p5_visible_points_negatives,1,0,False,False,2,0.99920809,0.02658917,0,0.50827052,"[0.7049400806427002, 0.8862577676773071, 0.9992080926895142]","[0.5082705192629816, 0.12546624734878958, 0.026589168694880125]",0.005532,outputs/c6_sam1_vit_h_pilot/predictions/161_0_p5_visible_points_negatives.png
161:0:p6_visible_points_box_negatives,161,C,Stage_1/Rectal resection/1/238392,0,50,p6_visible_points_box_negatives,1,0,True,False,2,0.72748482,0.05471180,2,0.05471180,"[0.5791465044021606, 0.7063405513763428, 0.7274848222732544]","[0.05223603637038412, 0.03918830866610817, 0.054711802378774016]",0.005689,outputs/c6_sam1_vit_h_pilot/predictions/161_0_p6_visible_points_box_negatives.png
161:0:p7_shifted_entry_ablation,161,C,Stage_1/Rectal resection/1/238392,0,50,p7_shifted_entry_ablation,2,0,False,True,2,0.97111356,0.02656057,1,0.10862312,"[0.9511817097663879, 0.7991417646408081, 0.9711135625839233]","[0.0, 0.10862312261395583, 0.026560572065933895]",0.005429,outputs/c6_sam1_vit_h_pilot/predictions/161_0_p7_shifted_entry_ablation.png
67:0:p1_visible_points,67,B,Stage_1/Rectal resection/1/75602,0,50,p1_visible_points,3,0,False,False,2,0.97136986,0.06233373,1,0.31351842,"[0.9342260360717773, 0.9268527030944824, 0.9713698625564575]","[0.21727454182544004, 0.31351841771003447, 0.06233372746083358]",0.020387,outputs/c6_sam1_vit_h_pilot/predictions/067_0_p1_visible_points.png
67:0:p2_visible_skeleton,67,B,Stage_1/Rectal resection/1/75602,0,50,p2_visible_skeleton,14,0,False,False,0,0.91529483,0.16976955,2,0.78791244,"[0.9152948260307312, 0.8679752349853516, 0.8926165103912354]","[0.16976955180547995, 0.2643803302485937, 0.7879124365482234]",0.006320,outputs/c6_sam1_vit_h_pilot/predictions/067_0_p2_visible_skeleton.png
67:0:p3_visible_box,67,B,Stage_1/Rectal resection/1/75602,0,50,p3_visible_box,0,0,True,False,0,0.93615443,0.17735438,2,0.37586645,"[0.9361544251441956, 0.9345841407775879, 0.9035793542861938]","[0.17735438214480131, 0.20170567954999094, 0.37586644892034116]",0.004925,outputs/c6_sam1_vit_h_pilot/predictions/067_0_p3_visible_box.png
67:0:p4_visible_points_box,67,B,Stage_1/Rectal resection/1/75602,0,50,p4_visible_points_box,3,0,True,False,0,0.92974591,0.18577391,2,0.40493558,"[0.9297459125518799, 0.9207763671875, 0.9000364542007446]","[0.18577390673199057, 0.2174922881509708, 0.4049355833786972]",0.005716,outputs/c6_sam1_vit_h_pilot/predictions/067_0_p4_visible_points_box.png
67:0:p5_visible_points_negatives,67,B,Stage_1/Rectal resection/1/75602,0,50,p5_visible_points_negatives,3,0,False,False,2,0.97136986,0.06233373,1,0.31351842,"[0.9342260360717773, 0.9268527030944824, 0.9713698625564575]","[0.21727454182544004, 0.31351841771003447, 0.06233372746083358]",0.005445,outputs/c6_sam1_vit_h_pilot/predictions/067_0_p5_visible_points_negatives.png
67:0:p6_visible_points_box_negatives,67,B,Stage_1/Rectal resection/1/75602,0,50,p6_visible_points_box_negatives,3,0,True,False,0,0.92974591,0.18577391,2,0.40493558,"[0.9297459125518799, 0.9207763671875, 0.9000364542007446]","[0.18577390673199057, 0.2174922881509708, 0.4049355833786972]",0.005707,outputs/c6_sam1_vit_h_pilot/predictions/067_0_p6_visible_points_box_negatives.png
67:0:p7_shifted_entry_ablation,67,B,Stage_1/Rectal resection/1/75602,0,50,p7_shifted_entry_ablation,3,0,False,False,2,0.97136986,0.06233373,1,0.31351842,"[0.9342260360717773, 0.9268527030944824, 0.9713698625564575]","[0.21727454182544004, 0.31351841771003447, 0.06233372746083358]",0.005479,outputs/c6_sam1_vit_h_pilot/predictions/067_0_p7_shifted_entry_ablation.png
2:0:p1_visible_points,2,A,Stage_1/Rectal resection/8/51992,0,100,p1_visible_points,4,0,False,False,1,0.91382408,0.80686856,1,0.80686856,"[0.8990015387535095, 0.9138240814208984, 0.7824699878692627]","[0.46852930563431106, 0.8068685573893073, 0.04216285649642743]",0.020683,outputs/c6_sam1_vit_h_pilot/predictions/002_0_p1_visible_points.png
2:0:p2_visible_skeleton,2,A,Stage_1/Rectal resection/8/51992,0,100,p2_visible_skeleton,33,0,False,False,1,0.89366734,0.67885780,0,0.75682395,"[0.8666502833366394, 0.8936673402786255, 0.8700287342071533]","[0.756823949862744, 0.6788578047042053, 0.5134457336233986]",0.006201,outputs/c6_sam1_vit_h_pilot/predictions/002_0_p2_visible_skeleton.png
2:0:p3_visible_box,2,A,Stage_1/Rectal resection/8/51992,0,100,p3_visible_box,0,0,True,False,2,0.93897283,0.79806883,2,0.79806883,"[0.9010365605354309, 0.935664176940918, 0.9389728307723999]","[0.6611696608966308, 0.673567645642754, 0.798068828918049]",0.004971,outputs/c6_sam1_vit_h_pilot/predictions/002_0_p3_visible_box.png
2:0:p4_visible_points_box,2,A,Stage_1/Rectal resection/8/51992,0,100,p4_visible_points_box,4,0,True,False,1,0.94252145,0.79345876,1,0.79345876,"[0.9266157150268555, 0.9425214529037476, 0.8896239995956421]","[0.7304971970451092, 0.7934587583944225, 0.6560007210780117]",0.005862,outputs/c6_sam1_vit_h_pilot/predictions/002_0_p4_visible_points_box.png
2:0:p5_visible_points_negatives,2,A,Stage_1/Rectal resection/8/51992,0,100,p5_visible_points_negatives,4,2,False,False,0,0.83978516,0.31778309,1,0.76335626,"[0.8397851586341858, 0.8290700912475586, 0.7152621746063232]","[0.31778309409888356, 0.7633562585969739, 0.038758199073952664]",0.005508,outputs/c6_sam1_vit_h_pilot/predictions/002_0_p5_visible_points_negatives.png
2:0:p6_visible_points_box_negatives,2,A,Stage_1/Rectal resection/8/51992,0,100,p6_visible_points_box_negatives,4,2,True,False,2,0.90485048,0.55691251,1,0.79853073,"[0.8966183662414551, 0.904075026512146, 0.9048504829406738]","[0.6654879048790487, 0.7985307330479362, 0.5569125124951106]",0.005778,outputs/c6_sam1_vit_h_pilot/predictions/002_0_p6_visible_points_box_negatives.png
2:0:p7_shifted_entry_ablation,2,A,Stage_1/Rectal resection/8/51992,0,100,p7_shifted_entry_ablation,4,0,False,False,1,0.91382408,0.80686856,1,0.80686856,"[0.8990015387535095, 0.9138240814208984, 0.7824699878692627]","[0.46852930563431106, 0.8068685573893073, 0.04216285649642743]",0.005915,outputs/c6_sam1_vit_h_pilot/predictions/002_0_p7_shifted_entry_ablation.png
2:1:p1_visible_points,2,B,Stage_1/Rectal resection/8/51992,1,50,p1_visible_points,2,0,False,False,2,0.92507982,0.03030312,0,0.71625139,"[0.6794703602790833, 0.895032525062561, 0.9250798225402832]","[0.7162513945704723, 0.09253058414057858, 0.030303120391951672]",0.005470,outputs/c6_sam1_vit_h_pilot/predictions/002_1_p1_visible_points.png
2:1:p2_visible_skeleton,2,B,Stage_1/Rectal resection/8/51992,1,50,p2_visible_skeleton,11,0,False,False,1,0.91781712,0.75315196,1,0.75315196,"[0.8522917628288269, 0.9178171157836914, 0.8966588973999023]","[0.697032894113186, 0.7531519575315195, 0.13985703379832048]",0.005887,outputs/c6_sam1_vit_h_pilot/predictions/002_1_p2_visible_skeleton.png
2:1:p3_visible_box,2,B,Stage_1/Rectal resection/8/51992,1,50,p3_visible_box,0,0,True,False,2,0.92471075,0.90187091,2,0.90187091,"[0.7552857995033264, 0.9091997146606445, 0.924710750579834]","[0.35506491045200417, 0.670490093847758, 0.9018709073900842]",0.004979,outputs/c6_sam1_vit_h_pilot/predictions/002_1_p3_visible_box.png
2:1:p4_visible_points_box,2,B,Stage_1/Rectal resection/8/51992,1,50,p4_visible_points_box,2,0,True,False,2,0.94064665,0.92538546,2,0.92538546,"[0.8044377565383911, 0.9233179092407227, 0.9406466484069824]","[0.5992428804955692, 0.8588591429382272, 0.925385462555066]",0.005712,outputs/c6_sam1_vit_h_pilot/predictions/002_1_p4_visible_points_box.png
2:1:p5_visible_points_negatives,2,B,Stage_1/Rectal resection/8/51992,1,50,p5_visible_points_negatives,2,4,False,False,2,0.92308748,0.11510634,2,0.11510634,"[0.6613737940788269, 0.9070379734039307, 0.923087477684021]","[0.07170405779781629, 0.11138121546961326, 0.11510634476742694]",0.005563,outputs/c6_sam1_vit_h_pilot/predictions/002_1_p5_visible_points_negatives.png
2:1:p6_visible_points_box_negatives,2,B,Stage_1/Rectal resection/8/51992,1,50,p6_visible_points_box_negatives,2,4,True,False,2,0.88319612,0.55203646,1,0.76444444,"[0.726112425327301, 0.8632940053939819, 0.8831961154937744]","[0.3347740453003611, 0.7644444444444445, 0.5520364601361486]",0.005682,outputs/c6_sam1_vit_h_pilot/predictions/002_1_p6_visible_points_box_negatives.png
2:1:p7_shifted_entry_ablation,2,B,Stage_1/Rectal resection/8/51992,1,50,p7_shifted_entry_ablation,2,0,False,False,2,0.92507982,0.03030312,0,0.71625139,"[0.6794703602790833, 0.895032525062561, 0.9250798225402832]","[0.7162513945704723, 0.09253058414057858, 0.030303120391951672]",0.005464,outputs/c6_sam1_vit_h_pilot/predictions/002_1_p7_shifted_entry_ablation.png
25:0:p1_visible_points,25,B,Stage_1/Rectal resection/9/111654,0,100,p1_visible_points,3,0,False,False,1,0.99034059,0.94934089,1,0.94934089,"[0.8528464436531067, 0.9903405904769897, 0.8225066661834717]","[0.7901651856293954, 0.9493408868068417, 0.07928769395281846]",0.021528,outputs/c6_sam1_vit_h_pilot/predictions/025_0_p1_visible_points.png
25:0:p2_visible_skeleton,25,B,Stage_1/Rectal resection/9/111654,0,100,p2_visible_skeleton,18,0,False,False,2,0.96154499,0.94647719,2,0.94647719,"[0.9330744743347168, 0.9562569856643677, 0.9615449905395508]","[0.6400763358778626, 0.92977390356851, 0.9464771861047588]",0.005812,outputs/c6_sam1_vit_h_pilot/predictions/025_0_p2_visible_skeleton.png
25:0:p3_visible_box,25,B,Stage_1/Rectal resection/9/111654,0,100,p3_visible_box,0,0,True,False,1,0.99768519,0.94585172,2,0.95753484,"[0.9756104350090027, 0.9976851940155029, 0.9973299503326416]","[0.9265050394987742, 0.9458517186904178, 0.9575348432055749]",0.004861,outputs/c6_sam1_vit_h_pilot/predictions/025_0_p3_visible_box.png
25:0:p4_visible_points_box,25,B,Stage_1/Rectal resection/9/111654,0,100,p4_visible_points_box,3,0,True,False,1,0.99162781,0.94540402,2,0.95725798,"[0.9407569766044617, 0.9916278123855591, 0.9865175485610962]","[0.8899117550931473, 0.9454040211409579, 0.9572579766960688]",0.007446,outputs/c6_sam1_vit_h_pilot/predictions/025_0_p4_visible_points_box.png
25:0:p5_visible_points_negatives,25,B,Stage_1/Rectal resection/9/111654,0,100,p5_visible_points_negatives,3,3,False,False,1,0.95764208,0.94217891,1,0.94217891,"[0.9391154646873474, 0.9576420783996582, 0.93513023853302]","[0.8226958085790592, 0.9421789078238144, 0.22714166946739073]",0.005464,outputs/c6_sam1_vit_h_pilot/predictions/025_0_p5_visible_points_negatives.png
25:0:p6_visible_points_box_negatives,25,B,Stage_1/Rectal resection/9/111654,0,100,p6_visible_points_box_negatives,3,3,True,False,1,0.97794425,0.94115403,2,0.95187340,"[0.9457705616950989, 0.9779442548751831, 0.9747323989868164]","[0.8565357162316788, 0.9411540347627091, 0.951873402577628]",0.005715,outputs/c6_sam1_vit_h_pilot/predictions/025_0_p6_visible_points_box_negatives.png
25:0:p7_shifted_entry_ablation,25,B,Stage_1/Rectal resection/9/111654,0,100,p7_shifted_entry_ablation,3,0,False,False,1,0.99034059,0.94934089,1,0.94934089,"[0.8528464436531067, 0.9903405904769897, 0.8225066661834717]","[0.7901651856293954, 0.9493408868068417, 0.07928769395281846]",0.005890,outputs/c6_sam1_vit_h_pilot/predictions/025_0_p7_shifted_entry_ablation.png
25:1:p1_visible_points,25,B,Stage_1/Rectal resection/9/111654,1,50,p1_visible_points,3,0,False,False,1,0.98223341,0.90963278,1,0.90963278,"[0.8700761198997498, 0.9822334051132202, 0.7748018503189087]","[0.4479465138490926, 0.9096327833954231, 0.03152772198377628]",0.005438,outputs/c6_sam1_vit_h_pilot/predictions/025_1_p1_visible_points.png
25:1:p2_visible_skeleton,25,B,Stage_1/Rectal resection/9/111654,1,50,p2_visible_skeleton,15,0,False,False,1,0.96775723,0.91109931,1,0.91109931,"[0.9338616728782654, 0.9677572250366211, 0.9420545101165771]","[0.89654071314529, 0.9110993096123208, 0.6119957909505437]",0.005937,outputs/c6_sam1_vit_h_pilot/predictions/025_1_p2_visible_skeleton.png
25:1:p3_visible_box,25,B,Stage_1/Rectal resection/9/111654,1,50,p3_visible_box,0,0,True,False,1,0.98531127,0.90868455,2,0.91900774,"[0.9753280282020569, 0.9853112697601318, 0.9798778295516968]","[0.8954108858057631, 0.9086845466155811, 0.9190077387893565]",0.004873,outputs/c6_sam1_vit_h_pilot/predictions/025_1_p3_visible_box.png
25:1:p4_visible_points_box,25,B,Stage_1/Rectal resection/9/111654,1,50,p4_visible_points_box,3,0,True,False,1,0.97908902,0.91332485,2,0.92263036,"[0.9746453166007996, 0.9790890216827393, 0.9480526447296143]","[0.9017895185342991, 0.9133248461701676, 0.9226303567658856]",0.005720,outputs/c6_sam1_vit_h_pilot/predictions/025_1_p4_visible_points_box.png
25:1:p5_visible_points_negatives,25,B,Stage_1/Rectal resection/9/111654,1,50,p5_visible_points_negatives,3,3,False,False,1,0.97120976,0.90839451,1,0.90839451,"[0.9390653967857361, 0.9712097644805908, 0.8417497873306274]","[0.8708612796763547, 0.9083945100542611, 0.11355787538572648]",0.005449,outputs/c6_sam1_vit_h_pilot/predictions/025_1_p5_visible_points_negatives.png
25:1:p6_visible_points_box_negatives,25,B,Stage_1/Rectal resection/9/111654,1,50,p6_visible_points_box_negatives,3,3,True,False,1,0.97194135,0.91499522,2,0.93162122,"[0.9692615866661072, 0.971941351890564, 0.9456795454025269]","[0.9033013844515442, 0.9149952244508118, 0.9316212217290214]",0.007057,outputs/c6_sam1_vit_h_pilot/predictions/025_1_p6_visible_points_box_negatives.png
25:1:p7_shifted_entry_ablation,25,B,Stage_1/Rectal resection/9/111654,1,50,p7_shifted_entry_ablation,3,0,False,False,1,0.98223341,0.90963278,1,0.90963278,"[0.8700761198997498, 0.9822334051132202, 0.7748018503189087]","[0.4479465138490926, 0.9096327833954231, 0.03152772198377628]",0.006104,outputs/c6_sam1_vit_h_pilot/predictions/025_1_p7_shifted_entry_ablation.png
47:0:p1_visible_points,47,B,Stage_1/Rectal resection/9/122028,0,50,p1_visible_points,3,0,False,False,0,0.95598298,0.89439889,0,0.89439889,"[0.9559829831123352, 0.8808575868606567, 0.7021597623825073]","[0.8943988859662695, 0.8668983995944674, 0.03744420812988647]",0.020471,outputs/c6_sam1_vit_h_pilot/predictions/047_0_p1_visible_points.png
47:0:p2_visible_skeleton,47,B,Stage_1/Rectal resection/9/122028,0,50,p2_visible_skeleton,17,0,False,False,0,0.93651348,0.89362032,1,0.91050733,"[0.9365134835243225, 0.9125193357467651, 0.8371590375900269]","[0.8936203158872716, 0.9105073298027477, 0.13877555672053427]",0.006090,outputs/c6_sam1_vit_h_pilot/predictions/047_0_p2_visible_skeleton.png
47:0:p3_visible_box,47,B,Stage_1/Rectal resection/9/122028,0,50,p3_visible_box,0,0,True,False,1,0.97318637,0.89364341,1,0.89364341,"[0.9705447554588318, 0.9731863737106323, 0.9610540866851807]","[0.8751947647242132, 0.8936434108527131, 0.8820065593321408]",0.004769,outputs/c6_sam1_vit_h_pilot/predictions/047_0_p3_visible_box.png
47:0:p4_visible_points_box,47,B,Stage_1/Rectal resection/9/122028,0,50,p4_visible_points_box,3,0,True,False,0,0.97356075,0.88482448,1,0.90003862,"[0.9735607504844666, 0.9724684953689575, 0.9323946237564087]","[0.8848244796520659, 0.9000386249517188, 0.8492193626577316]",0.005871,outputs/c6_sam1_vit_h_pilot/predictions/047_0_p4_visible_points_box.png
47:0:p5_visible_points_negatives,47,B,Stage_1/Rectal resection/9/122028,0,50,p5_visible_points_negatives,3,0,False,False,0,0.95598298,0.89439889,0,0.89439889,"[0.9559829831123352, 0.8808575868606567, 0.7021597623825073]","[0.8943988859662695, 0.8668983995944674, 0.03744420812988647]",0.005423,outputs/c6_sam1_vit_h_pilot/predictions/047_0_p5_visible_points_negatives.png
47:0:p6_visible_points_box_negatives,47,B,Stage_1/Rectal resection/9/122028,0,50,p6_visible_points_box_negatives,3,0,True,False,0,0.97356075,0.88482448,1,0.90003862,"[0.9735607504844666, 0.9724684953689575, 0.9323946237564087]","[0.8848244796520659, 0.9000386249517188, 0.8492193626577316]",0.005651,outputs/c6_sam1_vit_h_pilot/predictions/047_0_p6_visible_points_box_negatives.png
47:0:p7_shifted_entry_ablation,47,B,Stage_1/Rectal resection/9/122028,0,50,p7_shifted_entry_ablation,3,0,False,False,0,0.95598298,0.89439889,0,0.89439889,"[0.9559829831123352, 0.8808575868606567, 0.7021597623825073]","[0.8943988859662695, 0.8668983995944674, 0.03744420812988647]",0.005409,outputs/c6_sam1_vit_h_pilot/predictions/047_0_p7_shifted_entry_ablation.png
113:0:p1_visible_points,113,C,Stage_1/Rectal resection/9/346827,0,50,p1_visible_points,2,0,False,False,2,0.99707186,0.05119843,0,0.45553116,"[0.5061790347099304, 0.9824004173278809, 0.9970718622207642]","[0.45553115564095525, 0.03216909790928474, 0.051198429819076144]",0.020271,outputs/c6_sam1_vit_h_pilot/predictions/113_0_p1_visible_points.png
113:0:p2_visible_skeleton,113,C,Stage_1/Rectal resection/9/346827,0,50,p2_visible_skeleton,2,0,False,False,2,0.99707186,0.05119843,0,0.45553116,"[0.5061790347099304, 0.9824004173278809, 0.9970718622207642]","[0.45553115564095525, 0.03216909790928474, 0.051198429819076144]",0.005420,outputs/c6_sam1_vit_h_pilot/predictions/113_0_p2_visible_skeleton.png
113:0:p3_visible_box,113,C,Stage_1/Rectal resection/9/346827,0,50,p3_visible_box,0,0,True,False,0,0.93003988,0.61728315,0,0.61728315,"[0.9300398826599121, 0.873913049697876, 0.8842647075653076]","[0.6172831508712833, 0.5281027539744642, 0.3820112251099274]",0.004884,outputs/c6_sam1_vit_h_pilot/predictions/113_0_p3_visible_box.png
113:0:p4_visible_points_box,113,C,Stage_1/Rectal resection/9/346827,0,50,p4_visible_points_box,2,0,True,False,2,0.89624321,0.53824404,0,0.63357987,"[0.8819147944450378, 0.8362047672271729, 0.8962432146072388]","[0.6335798728095532, 0.5723646671206906, 0.5382440394753644]",0.005641,outputs/c6_sam1_vit_h_pilot/predictions/113_0_p4_visible_points_box.png
113:0:p5_visible_points_negatives,113,C,Stage_1/Rectal resection/9/346827,0,50,p5_visible_points_negatives,2,0,False,False,2,0.99707186,0.05119843,0,0.45553116,"[0.5061790347099304, 0.9824004173278809, 0.9970718622207642]","[0.45553115564095525, 0.03216909790928474, 0.051198429819076144]",0.005467,outputs/c6_sam1_vit_h_pilot/predictions/113_0_p5_visible_points_negatives.png
113:0:p6_visible_points_box_negatives,113,C,Stage_1/Rectal resection/9/346827,0,50,p6_visible_points_box_negatives,2,0,True,False,2,0.89624321,0.53824404,0,0.63357987,"[0.8819147944450378, 0.8362047672271729, 0.8962432146072388]","[0.6335798728095532, 0.5723646671206906, 0.5382440394753644]",0.006109,outputs/c6_sam1_vit_h_pilot/predictions/113_0_p6_visible_points_box_negatives.png
113:0:p7_shifted_entry_ablation,113,C,Stage_1/Rectal resection/9/346827,0,50,p7_shifted_entry_ablation,3,0,False,True,2,0.99138141,0.06464301,0,0.11116184,"[0.4877743124961853, 0.9627149105072021, 0.9913814067840576]","[0.11116184214531398, 0.033661796918391676, 0.0646430141813211]",0.005403,outputs/c6_sam1_vit_h_pilot/predictions/113_0_p7_shifted_entry_ablation.png
120:0:p1_visible_points,120,B,Stage_2/Proctocolectomy/6/171000,0,50,p1_visible_points,2,0,False,False,0,0.97920239,0.92811333,0,0.92811333,"[0.979202389717102, 0.879056453704834, 0.9302664995193481]","[0.9281133272253154, 0.21551506546773938, 0.06380951945832838]",0.020396,outputs/c6_sam1_vit_h_pilot/predictions/120_0_p1_visible_points.png
120:0:p2_visible_skeleton,120,B,Stage_2/Proctocolectomy/6/171000,0,50,p2_visible_skeleton,15,0,False,False,1,0.96128094,0.89502275,2,0.93322913,"[0.9179373383522034, 0.9612809419631958, 0.9350351095199585]","[0.673719533733663, 0.8950227521252955, 0.9332291277311495]",0.005904,outputs/c6_sam1_vit_h_pilot/predictions/120_0_p2_visible_skeleton.png
120:0:p3_visible_box,120,B,Stage_2/Proctocolectomy/6/171000,0,50,p3_visible_box,0,0,True,False,2,0.98195195,0.92272471,2,0.92272471,"[0.9515553712844849, 0.9745843410491943, 0.9819519519805908]","[0.8320079171526527, 0.8918976169461607, 0.9227247111862497]",0.004860,outputs/c6_sam1_vit_h_pilot/predictions/120_0_p3_visible_box.png
120:0:p4_visible_points_box,120,B,Stage_2/Proctocolectomy/6/171000,0,50,p4_visible_points_box,2,0,True,False,2,0.98337150,0.92472816,2,0.92472816,"[0.9676076173782349, 0.9805883169174194, 0.9833714962005615]","[0.8456567796610169, 0.8940243257535695, 0.9247281556814583]",0.006180,outputs/c6_sam1_vit_h_pilot/predictions/120_0_p4_visible_points_box.png
120:0:p5_visible_points_negatives,120,B,Stage_2/Proctocolectomy/6/171000,0,50,p5_visible_points_negatives,2,0,False,False,0,0.97920239,0.92811333,0,0.92811333,"[0.979202389717102, 0.879056453704834, 0.9302664995193481]","[0.9281133272253154, 0.21551506546773938, 0.06380951945832838]",0.005443,outputs/c6_sam1_vit_h_pilot/predictions/120_0_p5_visible_points_negatives.png
120:0:p6_visible_points_box_negatives,120,B,Stage_2/Proctocolectomy/6/171000,0,50,p6_visible_points_box_negatives,2,0,True,False,2,0.98337150,0.92472816,2,0.92472816,"[0.9676076173782349, 0.9805883169174194, 0.9833714962005615]","[0.8456567796610169, 0.8940243257535695, 0.9247281556814583]",0.005627,outputs/c6_sam1_vit_h_pilot/predictions/120_0_p6_visible_points_box_negatives.png
120:0:p7_shifted_entry_ablation,120,B,Stage_2/Proctocolectomy/6/171000,0,50,p7_shifted_entry_ablation,2,0,False,False,0,0.97920239,0.92811333,0,0.92811333,"[0.979202389717102, 0.879056453704834, 0.9302664995193481]","[0.9281133272253154, 0.21551506546773938, 0.06380951945832838]",0.005474,outputs/c6_sam1_vit_h_pilot/predictions/120_0_p7_shifted_entry_ablation.png
101:0:p1_visible_points,101,D,Stage_2/Proctocolectomy/6/190500,0,100,p1_visible_points,2,0,False,False,1,0.99900949,0.63000283,1,0.63000283,"[0.924152672290802, 0.9990094900131226, 0.9299759864807129]","[0.563217125112868, 0.6300028327465501, 0.09931721622075203]",0.020381,outputs/c6_sam1_vit_h_pilot/predictions/101_0_p1_visible_points.png
101:0:p2_visible_skeleton,101,D,Stage_2/Proctocolectomy/6/190500,0,100,p2_visible_skeleton,2,0,False,False,1,0.99900949,0.63000283,1,0.63000283,"[0.924152672290802, 0.9990094900131226, 0.9299759864807129]","[0.563217125112868, 0.6300028327465501, 0.09931721622075203]",0.005786,outputs/c6_sam1_vit_h_pilot/predictions/101_0_p2_visible_skeleton.png
101:0:p3_visible_box,101,D,Stage_2/Proctocolectomy/6/190500,0,100,p3_visible_box,0,0,True,False,0,0.83283240,0.32886410,0,0.32886410,"[0.832832396030426, 0.7212852239608765, 0.8146325349807739]","[0.32886409953877505, 0.0039027256132105163, 0.19708372530573848]",0.005417,outputs/c6_sam1_vit_h_pilot/predictions/101_0_p3_visible_box.png
101:0:p4_visible_points_box,101,D,Stage_2/Proctocolectomy/6/190500,0,100,p4_visible_points_box,2,0,True,False,0,0.93847662,0.40610386,0,0.40610386,"[0.9384766221046448, 0.7942730188369751, 0.8994913101196289]","[0.40610386413979815, 0.19848693852918356, 0.23868184740455006]",0.005580,outputs/c6_sam1_vit_h_pilot/predictions/101_0_p4_visible_points_box.png
101:0:p5_visible_points_negatives,101,D,Stage_2/Proctocolectomy/6/190500,0,100,p5_visible_points_negatives,2,2,False,False,0,0.95419765,0.71373578,0,0.71373578,"[0.9541976451873779, 0.8110518455505371, 0.8995847702026367]","[0.713735778037583, 0.6107086230028053, 0.5608379842416283]",0.005462,outputs/c6_sam1_vit_h_pilot/predictions/101_0_p5_visible_points_negatives.png
101:0:p6_visible_points_box_negatives,101,D,Stage_2/Proctocolectomy/6/190500,0,100,p6_visible_points_box_negatives,2,2,True,False,0,0.94830775,0.41295030,0,0.41295030,"[0.9483077526092529, 0.7550978660583496, 0.8355077505111694]","[0.4129503038194444, 0.29246898233928276, 0.24163838552005293]",0.005707,outputs/c6_sam1_vit_h_pilot/predictions/101_0_p6_visible_points_box_negatives.png
101:0:p7_shifted_entry_ablation,101,D,Stage_2/Proctocolectomy/6/190500,0,100,p7_shifted_entry_ablation,3,0,False,True,1,1.00669646,0.62863176,1,0.62863176,"[0.825057864189148, 1.0066964626312256, 0.9053773880004883]","[0.6278475530532698, 0.6286317584715652, 0.10381917477224256]",0.005440,outputs/c6_sam1_vit_h_pilot/predictions/101_0_p7_shifted_entry_ablation.png
101:1:p1_visible_points,101,D,Stage_2/Proctocolectomy/6/190500,1,50,p1_visible_points,2,0,False,False,1,0.98657978,0.35259608,1,0.35259608,"[0.9575629830360413, 0.9865797758102417, 0.9244354963302612]","[0.27422390530397517, 0.35259607567401285, 0.05445923939074624]",0.005394,outputs/c6_sam1_vit_h_pilot/predictions/101_1_p1_visible_points.png
101:1:p2_visible_skeleton,101,D,Stage_2/Proctocolectomy/6/190500,1,50,p2_visible_skeleton,17,0,False,False,2,0.96587276,0.33172338,2,0.33172338,"[0.9421887993812561, 0.9560486078262329, 0.9658727645874023]","[0.22264597891744642, 0.31877496052753784, 0.3317233809001098]",0.005803,outputs/c6_sam1_vit_h_pilot/predictions/101_1_p2_visible_skeleton.png
101:1:p3_visible_box,101,D,Stage_2/Proctocolectomy/6/190500,1,50,p3_visible_box,0,0,True,False,2,0.97886920,0.33026734,0,0.63312627,"[0.8824487328529358, 0.9232778549194336, 0.9788691997528076]","[0.6331262743610413, 0.3660617059891107, 0.3302673449004715]",0.004838,outputs/c6_sam1_vit_h_pilot/predictions/101_1_p3_visible_box.png
101:1:p4_visible_points_box,101,D,Stage_2/Proctocolectomy/6/190500,1,50,p4_visible_points_box,2,0,True,False,2,0.97931719,0.36318032,0,0.56401132,"[0.8674281239509583, 0.9210336208343506, 0.9793171882629395]","[0.5640113222806308, 0.35704169567200367, 0.3631803188565146]",0.005995,outputs/c6_sam1_vit_h_pilot/predictions/101_1_p4_visible_points_box.png
101:1:p5_visible_points_negatives,101,D,Stage_2/Proctocolectomy/6/190500,1,50,p5_visible_points_negatives,2,2,False,False,1,0.96024811,0.33506482,1,0.33506482,"[0.7060846090316772, 0.9602481126785278, 0.8801708221435547]","[0.031288228098240334, 0.3350648167133711, 0.04428835549965029]",0.005550,outputs/c6_sam1_vit_h_pilot/predictions/101_1_p5_visible_points_negatives.png
101:1:p6_visible_points_box_negatives,101,D,Stage_2/Proctocolectomy/6/190500,1,50,p6_visible_points_box_negatives,2,2,True,False,2,0.93679035,0.34869098,0,0.77380080,"[0.9151911735534668, 0.8475970029830933, 0.9367903470993042]","[0.7738008004058395, 0.6666518254674978, 0.3486909770920991]",0.005731,outputs/c6_sam1_vit_h_pilot/predictions/101_1_p6_visible_points_box_negatives.png
101:1:p7_shifted_entry_ablation,101,D,Stage_2/Proctocolectomy/6/190500,1,50,p7_shifted_entry_ablation,2,0,False,False,1,0.98657978,0.35259608,1,0.35259608,"[0.9575629830360413, 0.9865797758102417, 0.9244354963302612]","[0.27422390530397517, 0.35259607567401285, 0.05445923939074624]",0.005446,outputs/c6_sam1_vit_h_pilot/predictions/101_1_p7_shifted_entry_ablation.png
17:0:p1_visible_points,17,A,Stage_2/Proctocolectomy/6/193500,0,50,p1_visible_points,4,0,False,False,1,0.97165179,0.88879887,1,0.88879887,"[0.9596360325813293, 0.9716517925262451, 0.8349478244781494]","[0.8849189532789491, 0.8887988710014635, 0.0885579035271818]",0.024569,outputs/c6_sam1_vit_h_pilot/predictions/017_0_p1_visible_points.png
17:0:p2_visible_skeleton,17,A,Stage_2/Proctocolectomy/6/193500,0,50,p2_visible_skeleton,24,0,False,False,2,0.97196424,0.87910844,2,0.87910844,"[0.9339680671691895, 0.9465183019638062, 0.9719642400741577]","[0.6217523643874334, 0.803604986633493, 0.879108444514618]",0.006029,outputs/c6_sam1_vit_h_pilot/predictions/017_0_p2_visible_skeleton.png
17:0:p3_visible_box,17,A,Stage_2/Proctocolectomy/6/193500,0,50,p3_visible_box,0,0,True,False,2,0.97443414,0.84045180,2,0.84045180,"[0.876928985118866, 0.9535887241363525, 0.9744341373443604]","[0.6509179337804976, 0.7429769723826858, 0.8404517993170475]",0.004936,outputs/c6_sam1_vit_h_pilot/predictions/017_0_p3_visible_box.png
17:0:p4_visible_points_box,17,A,Stage_2/Proctocolectomy/6/193500,0,50,p4_visible_points_box,4,0,True,False,2,0.95920634,0.80293232,1,0.80828116,"[0.8516529202461243, 0.9270412921905518, 0.9592063426971436]","[0.5608807261756689, 0.808281159572789, 0.802932320984422]",0.005675,outputs/c6_sam1_vit_h_pilot/predictions/017_0_p4_visible_points_box.png
17:0:p5_visible_points_negatives,17,A,Stage_2/Proctocolectomy/6/193500,0,50,p5_visible_points_negatives,4,1,False,False,1,0.96990597,0.88944054,1,0.88944054,"[0.94966059923172, 0.9699059724807739, 0.8597196340560913]","[0.8833972747717952, 0.8894405393399357, 0.08753804280287432]",0.005457,outputs/c6_sam1_vit_h_pilot/predictions/017_0_p5_visible_points_negatives.png
17:0:p6_visible_points_box_negatives,17,A,Stage_2/Proctocolectomy/6/193500,0,50,p6_visible_points_box_negatives,4,1,True,False,2,0.96052349,0.81182880,2,0.81182880,"[0.8627830147743225, 0.9215353727340698, 0.9605234861373901]","[0.5698052377051347, 0.8105733824302999, 0.8118288019278118]",0.005937,outputs/c6_sam1_vit_h_pilot/predictions/017_0_p6_visible_points_box_negatives.png
17:0:p7_shifted_entry_ablation,17,A,Stage_2/Proctocolectomy/6/193500,0,50,p7_shifted_entry_ablation,4,0,False,False,1,0.97165179,0.88879887,1,0.88879887,"[0.9596360325813293, 0.9716517925262451, 0.8349478244781494]","[0.8849189532789491, 0.8887988710014635, 0.0885579035271818]",0.005488,outputs/c6_sam1_vit_h_pilot/predictions/017_0_p7_shifted_entry_ablation.png
17:1:p1_visible_points,17,C,Stage_2/Proctocolectomy/6/193500,1,100,p1_visible_points,1,0,False,False,0,0.89792067,0.65214900,0,0.65214900,"[0.8979206681251526, 0.7216110229492188, 0.737709641456604]","[0.6521489971346704, 0.34287518417175333, 0.015247665186877153]",0.005407,outputs/c6_sam1_vit_h_pilot/predictions/017_1_p1_visible_points.png
17:1:p2_visible_skeleton,17,C,Stage_2/Proctocolectomy/6/193500,1,100,p2_visible_skeleton,1,0,False,False,0,0.89792067,0.65214900,0,0.65214900,"[0.8979206681251526, 0.7216110229492188, 0.737709641456604]","[0.6521489971346704, 0.34287518417175333, 0.015247665186877153]",0.005819,outputs/c6_sam1_vit_h_pilot/predictions/017_1_p2_visible_skeleton.png
17:1:p3_visible_box,17,C,Stage_2/Proctocolectomy/6/193500,1,100,p3_visible_box,0,0,True,False,1,0.76219821,0.11686144,1,0.11686144,"[0.6659742593765259, 0.7621982097625732, 0.7530199289321899]","[0.07767762460233298, 0.11686143572621036, 0.1033702213279678]",0.004841,outputs/c6_sam1_vit_h_pilot/predictions/017_1_p3_visible_box.png
17:1:p4_visible_points_box,17,C,Stage_2/Proctocolectomy/6/193500,1,100,p4_visible_points_box,1,0,True,False,1,0.81801915,0.12703063,1,0.12703063,"[0.7576747536659241, 0.8180191516876221, 0.7983884811401367]","[0.10405549626467449, 0.12703062583222371, 0.11669203450025367]",0.005667,outputs/c6_sam1_vit_h_pilot/predictions/017_1_p4_visible_points_box.png
17:1:p5_visible_points_negatives,17,C,Stage_2/Proctocolectomy/6/193500,1,100,p5_visible_points_negatives,1,4,False,False,1,0.82503736,0.11898886,0,0.52052958,"[0.7526017427444458, 0.8250373601913452, 0.7235785722732544]","[0.5205295793531087, 0.11898885648044275, 0.02729027090008739]",0.005461,outputs/c6_sam1_vit_h_pilot/predictions/017_1_p5_visible_points_negatives.png
17:1:p6_visible_points_box_negatives,17,C,Stage_2/Proctocolectomy/6/193500,1,100,p6_visible_points_box_negatives,1,4,True,False,2,0.82854831,0.14409848,2,0.14409848,"[0.7589224576950073, 0.8266004323959351, 0.8285483121871948]","[0.09488703923900119, 0.1364105208870552, 0.14409847936278058]",0.005670,outputs/c6_sam1_vit_h_pilot/predictions/017_1_p6_visible_points_box_negatives.png
17:1:p7_shifted_entry_ablation,17,C,Stage_2/Proctocolectomy/6/193500,1,100,p7_shifted_entry_ablation,2,0,False,True,0,0.95045894,0.60691643,1,0.66228196,"[0.9504589438438416, 0.8653528690338135, 0.6659256815910339]","[0.6069164265129683, 0.6622819559622534, 0.01689455222277901]",0.005443,outputs/c6_sam1_vit_h_pilot/predictions/017_1_p7_shifted_entry_ablation.png
97:0:p1_visible_points,97,C,Stage_2/Proctocolectomy/6/43500,0,50,p1_visible_points,1,0,False,False,0,0.97288322,0.46652572,1,0.90042224,"[0.9728832244873047, 0.9702632427215576, 0.673308789730072]","[0.4665257223396758, 0.9004222378606616, 0.01165829923043851]",0.020486,outputs/c6_sam1_vit_h_pilot/predictions/097_0_p1_visible_points.png
97:0:p2_visible_skeleton,97,C,Stage_2/Proctocolectomy/6/43500,0,50,p2_visible_skeleton,1,0,False,False,0,0.97288322,0.46652572,1,0.90042224,"[0.9728832244873047, 0.9702632427215576, 0.673308789730072]","[0.4665257223396758, 0.9004222378606616, 0.01165829923043851]",0.005505,outputs/c6_sam1_vit_h_pilot/predictions/097_0_p2_visible_skeleton.png
97:0:p3_visible_box,97,C,Stage_2/Proctocolectomy/6/43500,0,50,p3_visible_box,0,0,True,False,1,0.76071489,0.03828002,1,0.03828002,"[0.6501145362854004, 0.7607148885726929, 0.7342365980148315]","[0.03036576949620428, 0.03828002097535396, 0.018634592580044046]",0.004928,outputs/c6_sam1_vit_h_pilot/predictions/097_0_p3_visible_box.png
97:0:p4_visible_points_box,97,C,Stage_2/Proctocolectomy/6/43500,0,50,p4_visible_points_box,1,0,True,False,1,0.82088602,0.07362502,1,0.07362502,"[0.7489783763885498, 0.8208860158920288, 0.7997798919677734]","[0.05862908837856646, 0.07362502196450536, 0.045524559301728565]",0.006586,outputs/c6_sam1_vit_h_pilot/predictions/097_0_p4_visible_points_box.png
97:0:p5_visible_points_negatives,97,C,Stage_2/Proctocolectomy/6/43500,0,50,p5_visible_points_negatives,1,0,False,False,0,0.97288322,0.46652572,1,0.90042224,"[0.9728832244873047, 0.9702632427215576, 0.673308789730072]","[0.4665257223396758, 0.9004222378606616, 0.01165829923043851]",0.005621,outputs/c6_sam1_vit_h_pilot/predictions/097_0_p5_visible_points_negatives.png
97:0:p6_visible_points_box_negatives,97,C,Stage_2/Proctocolectomy/6/43500,0,50,p6_visible_points_box_negatives,1,0,True,False,1,0.82088602,0.07362502,1,0.07362502,"[0.7489783763885498, 0.8208860158920288, 0.7997798919677734]","[0.05862908837856646, 0.07362502196450536, 0.045524559301728565]",0.005650,outputs/c6_sam1_vit_h_pilot/predictions/097_0_p6_visible_points_box_negatives.png
97:0:p7_shifted_entry_ablation,97,C,Stage_2/Proctocolectomy/6/43500,0,50,p7_shifted_entry_ablation,2,0,False,True,1,0.94916093,0.89329107,1,0.89329107,"[0.9299528002738953, 0.9491609334945679, 0.6648514270782471]","[0.4189954014856739, 0.8932910723718964, 0.012349731829110413]",0.005409,outputs/c6_sam1_vit_h_pilot/predictions/097_0_p7_shifted_entry_ablation.png
145:0:p1_visible_points,145,B,Stage_2/Proctocolectomy/6/49500,0,50,p1_visible_points,3,0,False,False,1,0.99701917,0.95506097,1,0.95506097,"[0.7705705165863037, 0.9970191717147827, 0.771033525466919]","[0.06916943166006637, 0.955060965869762, 0.14504292658291776]",0.020235,outputs/c6_sam1_vit_h_pilot/predictions/145_0_p1_visible_points.png
145:0:p2_visible_skeleton,145,B,Stage_2/Proctocolectomy/6/49500,0,50,p2_visible_skeleton,24,0,False,False,1,0.96271241,0.95787010,1,0.95787010,"[0.9527287483215332, 0.9627124071121216, 0.9124033451080322]","[0.9124976578602211, 0.9578700994733762, 0.7080651491365777]",0.005877,outputs/c6_sam1_vit_h_pilot/predictions/145_0_p2_visible_skeleton.png
145:0:p3_visible_box,145,B,Stage_2/Proctocolectomy/6/49500,0,50,p3_visible_box,0,0,True,False,1,0.99191487,0.95090274,2,0.95659930,"[0.9815365672111511, 0.9919148683547974, 0.9907182455062866]","[0.9365974970585089, 0.9509027388857775, 0.956599302393695]",0.005340,outputs/c6_sam1_vit_h_pilot/predictions/145_0_p3_visible_box.png
145:0:p4_visible_points_box,145,B,Stage_2/Proctocolectomy/6/49500,0,50,p4_visible_points_box,3,0,True,False,1,0.98904431,0.95498255,1,0.95498255,"[0.985583484172821, 0.9890443086624146, 0.9589700698852539]","[0.9454341497289068, 0.9549825524093658, 0.9276723070573669]",0.005745,outputs/c6_sam1_vit_h_pilot/predictions/145_0_p4_visible_points_box.png
145:0:p5_visible_points_negatives,145,B,Stage_2/Proctocolectomy/6/49500,0,50,p5_visible_points_negatives,3,0,False,False,1,0.99701917,0.95506097,1,0.95506097,"[0.7705705165863037, 0.9970191717147827, 0.771033525466919]","[0.06916943166006637, 0.955060965869762, 0.14504292658291776]",0.005847,outputs/c6_sam1_vit_h_pilot/predictions/145_0_p5_visible_points_negatives.png
145:0:p6_visible_points_box_negatives,145,B,Stage_2/Proctocolectomy/6/49500,0,50,p6_visible_points_box_negatives,3,0,True,False,1,0.98904431,0.95498255,1,0.95498255,"[0.985583484172821, 0.9890443086624146, 0.9589700698852539]","[0.9454341497289068, 0.9549825524093658, 0.9276723070573669]",0.005639,outputs/c6_sam1_vit_h_pilot/predictions/145_0_p6_visible_points_box_negatives.png
145:0:p7_shifted_entry_ablation,145,B,Stage_2/Proctocolectomy/6/49500,0,50,p7_shifted_entry_ablation,3,0,False,False,1,0.99701917,0.95506097,1,0.95506097,"[0.7705705165863037, 0.9970191717147827, 0.771033525466919]","[0.06916943166006637, 0.955060965869762, 0.14504292658291776]",0.005410,outputs/c6_sam1_vit_h_pilot/predictions/145_0_p7_shifted_entry_ablation.png
127:0:p1_visible_points,127,B,Stage_2/Proctocolectomy/7/193500,0,50,p1_visible_points,2,0,False,False,0,0.97829884,0.89225031,0,0.89225031,"[0.9782988429069519, 0.9145481586456299, 0.9713304042816162]","[0.8922503108164112, 0.5762397242110846, 0.022998622774953143]",0.020847,outputs/c6_sam1_vit_h_pilot/predictions/127_0_p1_visible_points.png
127:0:p2_visible_skeleton,127,B,Stage_2/Proctocolectomy/7/193500,0,50,p2_visible_skeleton,13,0,False,False,1,0.97084975,0.89078498,0,0.89588850,"[0.9692550897598267, 0.9708497524261475, 0.9151175022125244]","[0.8958885017421603, 0.8907849829351536, 0.03661296690708292]",0.006134,outputs/c6_sam1_vit_h_pilot/predictions/127_0_p2_visible_skeleton.png
127:0:p3_visible_box,127,B,Stage_2/Proctocolectomy/7/193500,0,50,p3_visible_box,0,0,True,False,1,0.98319113,0.89685290,0,0.89689126,"[0.9799544811248779, 0.9831911325454712, 0.9792193174362183]","[0.8968912645941763, 0.8968529044780258, 0.8952276467361492]",0.004918,outputs/c6_sam1_vit_h_pilot/predictions/127_0_p3_visible_box.png
127:0:p4_visible_points_box,127,B,Stage_2/Proctocolectomy/7/193500,0,50,p4_visible_points_box,2,0,True,False,1,0.98137105,0.89483853,0,0.89581877,"[0.9799385666847229, 0.9813710451126099, 0.9796653985977173]","[0.8958187666060691, 0.8948385316036434, 0.8952407002188184]",0.005711,outputs/c6_sam1_vit_h_pilot/predictions/127_0_p4_visible_points_box.png
127:0:p5_visible_points_negatives,127,B,Stage_2/Proctocolectomy/7/193500,0,50,p5_visible_points_negatives,2,2,False,False,0,0.96749932,0.89485459,0,0.89485459,"[0.967499315738678, 0.9647612571716309, 0.8349449634552002]","[0.8948545861297539, 0.8912030693340641, 0.02248339111635361]",0.005463,outputs/c6_sam1_vit_h_pilot/predictions/127_0_p5_visible_points_negatives.png
127:0:p6_visible_points_box_negatives,127,B,Stage_2/Proctocolectomy/7/193500,0,50,p6_visible_points_box_negatives,2,2,True,False,1,0.98209155,0.89282270,0,0.89516354,"[0.9809640049934387, 0.9820915460586548, 0.9719685316085815]","[0.8951635448700028, 0.8928227028516325, 0.8927936551346917]",0.005700,outputs/c6_sam1_vit_h_pilot/predictions/127_0_p6_visible_points_box_negatives.png
127:0:p7_shifted_entry_ablation,127,B,Stage_2/Proctocolectomy/7/193500,0,50,p7_shifted_entry_ablation,2,0,False,False,0,0.97829884,0.89225031,0,0.89225031,"[0.9782988429069519, 0.9145481586456299, 0.9713304042816162]","[0.8922503108164112, 0.5762397242110846, 0.022998622774953143]",0.005422,outputs/c6_sam1_vit_h_pilot/predictions/127_0_p7_shifted_entry_ablation.png
127:1:p1_visible_points,127,C,Stage_2/Proctocolectomy/7/193500,1,100,p1_visible_points,2,0,False,False,2,0.95830071,0.01812380,0,0.79993649,"[0.9160559773445129, 0.8095718622207642, 0.9583007097244263]","[0.7999364877738965, 0.1765608836386692, 0.018123800350626763]",0.005452,outputs/c6_sam1_vit_h_pilot/predictions/127_1_p1_visible_points.png
127:1:p2_visible_skeleton,127,C,Stage_2/Proctocolectomy/7/193500,1,100,p2_visible_skeleton,2,0,False,False,2,0.95830071,0.01812380,0,0.79993649,"[0.9160559773445129, 0.8095718622207642, 0.9583007097244263]","[0.7999364877738965, 0.1765608836386692, 0.018123800350626763]",0.005659,outputs/c6_sam1_vit_h_pilot/predictions/127_1_p2_visible_skeleton.png
127:1:p3_visible_box,127,C,Stage_2/Proctocolectomy/7/193500,1,100,p3_visible_box,0,0,True,False,2,0.75464177,0.05644749,0,0.30829187,"[0.4745939373970032, 0.7240726947784424, 0.7546417713165283]","[0.30829187396351576, 0.05875286665938626, 0.05644748951835566]",0.005326,outputs/c6_sam1_vit_h_pilot/predictions/127_1_p3_visible_box.png
127:1:p4_visible_points_box,127,C,Stage_2/Proctocolectomy/7/193500,1,100,p4_visible_points_box,2,0,True,False,2,0.82818651,0.11956522,0,0.30907656,"[0.6728434562683105, 0.8045182228088379, 0.8281865119934082]","[0.3090765588003157, 0.1422667630953611, 0.11956521739130435]",0.006103,outputs/c6_sam1_vit_h_pilot/predictions/127_1_p4_visible_points_box.png
127:1:p5_visible_points_negatives,127,C,Stage_2/Proctocolectomy/7/193500,1,100,p5_visible_points_negatives,2,2,False,False,0,0.88271672,0.82007204,0,0.82007204,"[0.882716715335846, 0.7148364782333374, 0.8625501394271851]","[0.8200720366732155, 0.48874418604651165, 0.015439721482451312]",0.005487,outputs/c6_sam1_vit_h_pilot/predictions/127_1_p5_visible_points_negatives.png
127:1:p6_visible_points_box_negatives,127,C,Stage_2/Proctocolectomy/7/193500,1,100,p6_visible_points_box_negatives,2,2,True,False,2,0.87345362,0.17516328,0,0.41378245,"[0.7025159001350403, 0.832553505897522, 0.8734536170959473]","[0.4137824474660074, 0.20059194195149896, 0.1751632801161103]",0.005673,outputs/c6_sam1_vit_h_pilot/predictions/127_1_p6_visible_points_box_negatives.png
127:1:p7_shifted_entry_ablation,127,C,Stage_2/Proctocolectomy/7/193500,1,100,p7_shifted_entry_ablation,3,0,False,True,2,0.95219171,0.01840366,0,0.81321975,"[0.8800448775291443, 0.7992857694625854, 0.9521917104721069]","[0.8132197507493295, 0.29870636779301885, 0.018403661447015433]",0.005393,outputs/c6_sam1_vit_h_pilot/predictions/127_1_p7_shifted_entry_ablation.png
79:0:p1_visible_points,79,B,Stage_2/Proctocolectomy/7/46500,0,50,p1_visible_points,3,0,False,False,2,0.98231435,0.10194502,1,0.80009758,"[0.9360935091972351, 0.9623336791992188, 0.9823143482208252]","[0.7451398903951543, 0.8000975794866235, 0.10194501901648095]",0.020213,outputs/c6_sam1_vit_h_pilot/predictions/079_0_p1_visible_points.png
79:0:p2_visible_skeleton,79,B,Stage_2/Proctocolectomy/7/46500,0,50,p2_visible_skeleton,18,0,False,False,1,0.94623041,0.71366228,2,0.72086928,"[0.9002689719200134, 0.946230411529541, 0.9361052513122559]","[0.7032769881983573, 0.713662275318441, 0.7208692751274841]",0.006169,outputs/c6_sam1_vit_h_pilot/predictions/079_0_p2_visible_skeleton.png
79:0:p3_visible_box,79,B,Stage_2/Proctocolectomy/7/46500,0,50,p3_visible_box,0,0,True,False,2,0.96764541,0.72715528,0,0.77905038,"[0.917107105255127, 0.9636718034744263, 0.9676454067230225]","[0.779050376010824, 0.7088430905657279, 0.7271552768282508]",0.005319,outputs/c6_sam1_vit_h_pilot/predictions/079_0_p3_visible_box.png
79:0:p4_visible_points_box,79,B,Stage_2/Proctocolectomy/7/46500,0,50,p4_visible_points_box,3,0,True,False,1,0.96514666,0.72107500,0,0.73353414,"[0.9388145804405212, 0.9651466608047485, 0.9584369659423828]","[0.7335341365461847, 0.7210750034279446, 0.7255399568034557]",0.005707,outputs/c6_sam1_vit_h_pilot/predictions/079_0_p4_visible_points_box.png
79:0:p5_visible_points_negatives,79,B,Stage_2/Proctocolectomy/7/46500,0,50,p5_visible_points_negatives,3,2,False,False,2,0.93186867,0.10599469,1,0.79826947,"[0.8774922490119934, 0.8772939443588257, 0.9318686723709106]","[0.7440368577593748, 0.7982694684796044, 0.10599469348439168]",0.005481,outputs/c6_sam1_vit_h_pilot/predictions/079_0_p5_visible_points_negatives.png
79:0:p6_visible_points_box_negatives,79,B,Stage_2/Proctocolectomy/7/46500,0,50,p6_visible_points_box_negatives,3,2,True,False,1,0.95815837,0.72456335,2,0.73054187,"[0.9133797287940979, 0.9581583738327026, 0.9576891660690308]","[0.7228468864034177, 0.7245633490435265, 0.7305418719211823]",0.006075,outputs/c6_sam1_vit_h_pilot/predictions/079_0_p6_visible_points_box_negatives.png
79:0:p7_shifted_entry_ablation,79,B,Stage_2/Proctocolectomy/7/46500,0,50,p7_shifted_entry_ablation,3,0,False,False,2,0.98231435,0.10194502,1,0.80009758,"[0.9360935091972351, 0.9623336791992188, 0.9823143482208252]","[0.7451398903951543, 0.8000975794866235, 0.10194501901648095]",0.005403,outputs/c6_sam1_vit_h_pilot/predictions/079_0_p7_shifted_entry_ablation.png
79:1:p1_visible_points,79,C,Stage_2/Proctocolectomy/7/46500,1,100,p1_visible_points,2,0,False,False,0,0.98504001,0.92627907,0,0.92627907,"[0.985040009021759, 0.9661872386932373, 0.9148330688476562]","[0.9262790697674419, 0.7043081512678775, 0.02633957348963629]",0.005399,outputs/c6_sam1_vit_h_pilot/predictions/079_1_p1_visible_points.png
79:1:p2_visible_skeleton,79,C,Stage_2/Proctocolectomy/7/46500,1,100,p2_visible_skeleton,2,0,False,False,0,0.98504001,0.92627907,0,0.92627907,"[0.985040009021759, 0.9661872386932373, 0.9148330688476562]","[0.9262790697674419, 0.7043081512678775, 0.02633957348963629]",0.005403,outputs/c6_sam1_vit_h_pilot/predictions/079_1_p2_visible_skeleton.png
79:1:p3_visible_box,79,C,Stage_2/Proctocolectomy/7/46500,1,100,p3_visible_box,0,0,True,False,1,0.86658669,0.15683192,2,0.24027296,"[0.7747136354446411, 0.8665866851806641, 0.8546738624572754]","[0.10108303249097472, 0.15683192261185006, 0.24027295582425476]",0.004826,outputs/c6_sam1_vit_h_pilot/predictions/079_1_p3_visible_box.png
79:1:p4_visible_points_box,79,C,Stage_2/Proctocolectomy/7/46500,1,100,p4_visible_points_box,2,0,True,False,2,0.91812575,0.33936056,2,0.33936056,"[0.8544254899024963, 0.9125454425811768, 0.9181257486343384]","[0.2210271903323263, 0.2582909707092714, 0.3393605556220812]",0.005675,outputs/c6_sam1_vit_h_pilot/predictions/079_1_p4_visible_points_box.png
79:1:p5_visible_points_negatives,79,C,Stage_2/Proctocolectomy/7/46500,1,100,p5_visible_points_negatives,2,3,False,False,0,0.97451001,0.93306857,0,0.93306857,"[0.9745100140571594, 0.9670517444610596, 0.8885558843612671]","[0.9330685667562201, 0.7346076088954236, 0.02578832717902399]",0.005445,outputs/c6_sam1_vit_h_pilot/predictions/079_1_p5_visible_points_negatives.png
79:1:p6_visible_points_box_negatives,79,C,Stage_2/Proctocolectomy/7/46500,1,100,p6_visible_points_box_negatives,2,3,True,False,2,0.89199519,0.49637856,2,0.49637856,"[0.7526935338973999, 0.8784663677215576, 0.8919951915740967]","[0.242306760358614, 0.34239592183517414, 0.4963785610816031]",0.005689,outputs/c6_sam1_vit_h_pilot/predictions/079_1_p6_visible_points_box_negatives.png
79:1:p7_shifted_entry_ablation,79,C,Stage_2/Proctocolectomy/7/46500,1,100,p7_shifted_entry_ablation,3,0,False,True,0,0.98606116,0.92915404,0,0.92915404,"[0.986061155796051, 0.9722144603729248, 0.9322797060012817]","[0.9291540433465393, 0.6997120167553887, 0.02626947590307538]",0.005418,outputs/c6_sam1_vit_h_pilot/predictions/079_1_p7_shifted_entry_ablation.png
74:0:p1_visible_points,74,B,Stage_2/Rectal resection/4/130579,0,50,p1_visible_points,3,0,False,False,1,0.98110557,0.88964681,1,0.88964681,"[0.8567425012588501, 0.9811055660247803, 0.7389782667160034]","[0.5305983165238493, 0.8896468091556768, 0.038435849546685795]",0.020305,outputs/c6_sam1_vit_h_pilot/predictions/074_0_p1_visible_points.png
74:0:p2_visible_skeleton,74,B,Stage_2/Rectal resection/4/130579,0,50,p2_visible_skeleton,15,0,False,False,1,0.95843983,0.87798408,2,0.89063211,"[0.8365296721458435, 0.958439826965332, 0.9381740093231201]","[0.30909228785925535, 0.8779840848806366, 0.8906321055025012]",0.005842,outputs/c6_sam1_vit_h_pilot/predictions/074_0_p2_visible_skeleton.png
74:0:p3_visible_box,74,B,Stage_2/Rectal resection/4/130579,0,50,p3_visible_box,0,0,True,False,2,0.98932171,0.89550655,2,0.89550655,"[0.9699452519416809, 0.9892064332962036, 0.9893217086791992]","[0.866262319939348, 0.883735031074731, 0.8955065545199666]",0.004873,outputs/c6_sam1_vit_h_pilot/predictions/074_0_p3_visible_box.png
74:0:p4_visible_points_box,74,B,Stage_2/Rectal resection/4/130579,0,50,p4_visible_points_box,3,0,True,False,1,0.98745978,0.88661513,2,0.90112887,"[0.9060681462287903, 0.9874597787857056, 0.9842324256896973]","[0.8575327924785806, 0.886615128088525, 0.9011288733995]",0.005722,outputs/c6_sam1_vit_h_pilot/predictions/074_0_p4_visible_points_box.png
74:0:p5_visible_points_negatives,74,B,Stage_2/Rectal resection/4/130579,0,50,p5_visible_points_negatives,3,2,False,False,1,0.97365499,0.87925415,1,0.87925415,"[0.8813319802284241, 0.9736549854278564, 0.8386698961257935]","[0.4725866383559566, 0.8792541499279921, 0.10959959414516826]",0.005536,outputs/c6_sam1_vit_h_pilot/predictions/074_0_p5_visible_points_negatives.png
74:0:p6_visible_points_box_negatives,74,B,Stage_2/Rectal resection/4/130579,0,50,p6_visible_points_box_negatives,3,2,True,False,2,0.98382366,0.89102758,2,0.89102758,"[0.9007400870323181, 0.9824981689453125, 0.9838236570358276]","[0.8479035559936311, 0.877444292860391, 0.8910275841163989]",0.005741,outputs/c6_sam1_vit_h_pilot/predictions/074_0_p6_visible_points_box_negatives.png
74:0:p7_shifted_entry_ablation,74,B,Stage_2/Rectal resection/4/130579,0,50,p7_shifted_entry_ablation,3,0,False,False,1,0.98110557,0.88964681,1,0.88964681,"[0.8567425012588501, 0.9811055660247803, 0.7389782667160034]","[0.5305983165238493, 0.8896468091556768, 0.038435849546685795]",0.005491,outputs/c6_sam1_vit_h_pilot/predictions/074_0_p7_shifted_entry_ablation.png
74:1:p1_visible_points,74,B,Stage_2/Rectal resection/4/130579,1,100,p1_visible_points,2,0,False,False,1,0.97750342,0.86101674,1,0.86101674,"[0.8081832528114319, 0.9775034189224243, 0.8485296964645386]","[0.06923404514205755, 0.861016743508857, 0.04590093331897749]",0.005478,outputs/c6_sam1_vit_h_pilot/predictions/074_1_p1_visible_points.png
74:1:p2_visible_skeleton,74,B,Stage_2/Rectal resection/4/130579,1,100,p2_visible_skeleton,13,0,False,False,1,0.97640789,0.86069652,1,0.86069652,"[0.956195056438446, 0.9764078855514526, 0.950421929359436]","[0.8199720415729654, 0.8606965174129353, 0.6161707632600258]",0.005860,outputs/c6_sam1_vit_h_pilot/predictions/074_1_p2_visible_skeleton.png
74:1:p3_visible_box,74,B,Stage_2/Rectal resection/4/130579,1,100,p3_visible_box,0,0,True,False,1,1.00136483,0.85265202,2,0.86401699,"[0.9883008599281311, 1.001364827156067, 0.9989759922027588]","[0.7884813579872688, 0.85265202087632, 0.8640169902912621]",0.004871,outputs/c6_sam1_vit_h_pilot/predictions/074_1_p3_visible_box.png
74:1:p4_visible_points_box,74,B,Stage_2/Rectal resection/4/130579,1,100,p4_visible_points_box,2,0,True,False,1,0.99626172,0.85703016,2,0.86708707,"[0.9248664975166321, 0.996261715888977, 0.9930126667022705]","[0.8416960272141902, 0.857030159597063, 0.8670870725200097]",0.005697,outputs/c6_sam1_vit_h_pilot/predictions/074_1_p4_visible_points_box.png
74:1:p5_visible_points_negatives,74,B,Stage_2/Rectal resection/4/130579,1,100,p5_visible_points_negatives,2,3,False,False,1,0.96282375,0.85422988,1,0.85422988,"[0.7586565613746643, 0.962823748588562, 0.8417748212814331]","[0.04970493399038754, 0.8542298822672655, 0.1562614515226909]",0.005485,outputs/c6_sam1_vit_h_pilot/predictions/074_1_p5_visible_points_negatives.png
74:1:p6_visible_points_box_negatives,74,B,Stage_2/Rectal resection/4/130579,1,100,p6_visible_points_box_negatives,2,3,True,False,1,0.99207139,0.85195751,2,0.86551870,"[0.9553312659263611, 0.9920713901519775, 0.9908496141433716]","[0.8181652601542104, 0.8519575113808802, 0.8655187049051113]",0.005710,outputs/c6_sam1_vit_h_pilot/predictions/074_1_p6_visible_points_box_negatives.png
74:1:p7_shifted_entry_ablation,74,B,Stage_2/Rectal resection/4/130579,1,100,p7_shifted_entry_ablation,2,0,False,False,1,0.97750342,0.86101674,1,0.86101674,"[0.8081832528114319, 0.9775034189224243, 0.8485296964645386]","[0.06923404514205755, 0.861016743508857, 0.04590093331897749]",0.005462,outputs/c6_sam1_vit_h_pilot/predictions/074_1_p7_shifted_entry_ablation.png
144:0:p1_visible_points,144,B,Stage_2/Rectal resection/4/159079,0,50,p1_visible_points,3,0,False,False,1,0.97729421,0.88893661,1,0.88893661,"[0.7472635507583618, 0.9772942066192627, 0.8830856084823608]","[0.14719918191114645, 0.888936607226216, 0.14941327026131468]",0.020637,outputs/c6_sam1_vit_h_pilot/predictions/144_0_p1_visible_points.png
144:0:p2_visible_skeleton,144,B,Stage_2/Rectal resection/4/159079,0,50,p2_visible_skeleton,30,0,False,False,2,0.88310099,0.25419387,2,0.25419387,"[0.8048260807991028, 0.7660131454467773, 0.8831009864807129]","[0.21926387461459404, 0.13057810790579835, 0.2541938731695761]",0.006127,outputs/c6_sam1_vit_h_pilot/predictions/144_0_p2_visible_skeleton.png
144:0:p3_visible_box,144,B,Stage_2/Rectal resection/4/159079,0,50,p3_visible_box,0,0,True,False,1,0.89627302,0.19826232,2,0.27255903,"[0.8847044110298157, 0.8962730169296265, 0.8677189350128174]","[0.1256781879576583, 0.19826231804501315, 0.27255902641467106]",0.005121,outputs/c6_sam1_vit_h_pilot/predictions/144_0_p3_visible_box.png
144:0:p4_visible_points_box,144,B,Stage_2/Rectal resection/4/159079,0,50,p4_visible_points_box,3,0,True,False,2,0.92710924,0.43370619,2,0.43370619,"[0.8860904574394226, 0.9212722778320312, 0.9271092414855957]","[0.1905147418759649, 0.31769209224162076, 0.4337061894108874]",0.005758,outputs/c6_sam1_vit_h_pilot/predictions/144_0_p4_visible_points_box.png
144:0:p5_visible_points_negatives,144,B,Stage_2/Rectal resection/4/159079,0,50,p5_visible_points_negatives,3,0,False,False,1,0.97729421,0.88893661,1,0.88893661,"[0.7472635507583618, 0.9772942066192627, 0.8830856084823608]","[0.14719918191114645, 0.888936607226216, 0.14941327026131468]",0.005499,outputs/c6_sam1_vit_h_pilot/predictions/144_0_p5_visible_points_negatives.png
144:0:p6_visible_points_box_negatives,144,B,Stage_2/Rectal resection/4/159079,0,50,p6_visible_points_box_negatives,3,0,True,False,2,0.92710924,0.43370619,2,0.43370619,"[0.8860904574394226, 0.9212722778320312, 0.9271092414855957]","[0.1905147418759649, 0.31769209224162076, 0.4337061894108874]",0.005719,outputs/c6_sam1_vit_h_pilot/predictions/144_0_p6_visible_points_box_negatives.png
144:0:p7_shifted_entry_ablation,144,B,Stage_2/Rectal resection/4/159079,0,50,p7_shifted_entry_ablation,3,0,False,False,1,0.97729421,0.88893661,1,0.88893661,"[0.7472635507583618, 0.9772942066192627, 0.8830856084823608]","[0.14719918191114645, 0.888936607226216, 0.14941327026131468]",0.005499,outputs/c6_sam1_vit_h_pilot/predictions/144_0_p7_shifted_entry_ablation.png
102:0:p1_visible_points,102,A,Stage_2/Rectal resection/4/25579,0,150,p1_visible_points,4,0,False,False,2,0.98738122,0.09442844,1,0.88538446,"[0.9687513709068298, 0.9844368696212769, 0.9873812198638916]","[0.8696015021906948, 0.8853844568130282, 0.0944284364391456]",0.020627,outputs/c6_sam1_vit_h_pilot/predictions/102_0_p1_visible_points.png
102:0:p2_visible_skeleton,102,A,Stage_2/Rectal resection/4/25579,0,150,p2_visible_skeleton,30,0,False,False,2,0.95738709,0.88868114,2,0.88868114,"[0.8613300919532776, 0.9351608753204346, 0.9573870897293091]","[0.7029183351535008, 0.8764683141523181, 0.88868114482957]",0.005975,outputs/c6_sam1_vit_h_pilot/predictions/102_0_p2_visible_skeleton.png
102:0:p3_visible_box,102,A,Stage_2/Rectal resection/4/25579,0,150,p3_visible_box,0,0,True,False,2,0.98074937,0.89659443,2,0.89659443,"[0.9364427924156189, 0.978175163269043, 0.9807493686676025]","[0.8572931065568844, 0.8831854731032845, 0.896594427244582]",0.004926,outputs/c6_sam1_vit_h_pilot/predictions/102_0_p3_visible_box.png
102:0:p4_visible_points_box,102,A,Stage_2/Rectal resection/4/25579,0,150,p4_visible_points_box,4,0,True,False,1,0.97830272,0.88311420,2,0.89180068,"[0.9121537804603577, 0.9783027172088623, 0.9533687829971313]","[0.8651752423564504, 0.8831142031719827, 0.8918006808310834]",0.005940,outputs/c6_sam1_vit_h_pilot/predictions/102_0_p4_visible_points_box.png
102:0:p5_visible_points_negatives,102,A,Stage_2/Rectal resection/4/25579,0,150,p5_visible_points_negatives,4,5,False,False,1,0.95457768,0.86990600,1,0.86990600,"[0.9408919215202332, 0.9545776844024658, 0.9408069849014282]","[0.7822148660848631, 0.8699060022983764, 0.09451404830895067]",0.006356,outputs/c6_sam1_vit_h_pilot/predictions/102_0_p5_visible_points_negatives.png
102:0:p6_visible_points_box_negatives,102,A,Stage_2/Rectal resection/4/25579,0,150,p6_visible_points_box_negatives,4,5,True,False,1,0.96921229,0.87149179,1,0.87149179,"[0.9216334223747253, 0.9692122936248779, 0.9259737730026245]","[0.8172101285641165, 0.8714917881856791, 0.870262688834994]",0.005754,outputs/c6_sam1_vit_h_pilot/predictions/102_0_p6_visible_points_box_negatives.png
102:0:p7_shifted_entry_ablation,102,A,Stage_2/Rectal resection/4/25579,0,150,p7_shifted_entry_ablation,4,0,False,False,2,0.98738122,0.09442844,1,0.88538446,"[0.9687513709068298, 0.9844368696212769, 0.9873812198638916]","[0.8696015021906948, 0.8853844568130282, 0.0944284364391456]",0.005431,outputs/c6_sam1_vit_h_pilot/predictions/102_0_p7_shifted_entry_ablation.png
102:1:p1_visible_points,102,B,Stage_2/Rectal resection/4/25579,1,100,p1_visible_points,2,0,False,False,2,1.00496376,0.06871492,0,0.75833265,"[0.9131328463554382, 0.967334508895874, 1.004963755607605]","[0.7583326475187228, 0.07866955505630016, 0.06871492048643592]",0.005637,outputs/c6_sam1_vit_h_pilot/predictions/102_1_p1_visible_points.png
102:1:p2_visible_skeleton,102,B,Stage_2/Rectal resection/4/25579,1,100,p2_visible_skeleton,2,0,False,False,2,1.00496376,0.06871492,0,0.75833265,"[0.9131328463554382, 0.967334508895874, 1.004963755607605]","[0.7583326475187228, 0.07866955505630016, 0.06871492048643592]",0.005437,outputs/c6_sam1_vit_h_pilot/predictions/102_1_p2_visible_skeleton.png
102:1:p3_visible_box,102,B,Stage_2/Rectal resection/4/25579,1,100,p3_visible_box,0,0,True,False,2,0.72785115,0.00916660,0,0.01821150,"[0.6110427975654602, 0.7021968364715576, 0.727851152420044]","[0.0182115046470736, 0.016111618636325886, 0.009166599951965415]",0.004870,outputs/c6_sam1_vit_h_pilot/predictions/102_1_p3_visible_box.png
102:1:p4_visible_points_box,102,B,Stage_2/Rectal resection/4/25579,1,100,p4_visible_points_box,2,0,True,False,2,0.74510086,0.02099604,0,0.03358989,"[0.6402238011360168, 0.712307333946228, 0.7451008558273315]","[0.03358989375052288, 0.031158674624408314, 0.020996036262313097]",0.005700,outputs/c6_sam1_vit_h_pilot/predictions/102_1_p4_visible_points_box.png
102:1:p5_visible_points_negatives,102,B,Stage_2/Rectal resection/4/25579,1,100,p5_visible_points_negatives,2,7,False,False,2,0.93876612,0.06916746,0,0.28030687,"[0.7433571219444275, 0.8871985673904419, 0.9387661218643188]","[0.2803068683505826, 0.09847788118360769, 0.06916746411483253]",0.005425,outputs/c6_sam1_vit_h_pilot/predictions/102_1_p5_visible_points_negatives.png
102:1:p6_visible_points_box_negatives,102,B,Stage_2/Rectal resection/4/25579,1,100,p6_visible_points_box_negatives,2,7,True,False,2,0.72184992,0.01397487,1,0.02202284,"[0.6469394564628601, 0.7132281064987183, 0.7218499183654785]","[0.02029670687968699, 0.02202283849918434, 0.013974868335951214]",0.005868,outputs/c6_sam1_vit_h_pilot/predictions/102_1_p6_visible_points_box_negatives.png
102:1:p7_shifted_entry_ablation,102,B,Stage_2/Rectal resection/4/25579,1,100,p7_shifted_entry_ablation,2,0,False,False,2,1.00496376,0.06871492,0,0.75833265,"[0.9131328463554382, 0.967334508895874, 1.004963755607605]","[0.7583326475187228, 0.07866955505630016, 0.06871492048643592]",0.005398,outputs/c6_sam1_vit_h_pilot/predictions/102_1_p7_shifted_entry_ablation.png
102:2:p1_visible_points,102,B,Stage_2/Rectal resection/4/25579,2,50,p1_visible_points,3,0,False,False,2,1.02846360,0.03044702,0,0.82315907,"[0.941807746887207, 0.9847601652145386, 1.02846360206604]","[0.8231590691743704, 0.47368421052631576, 0.03044701798066049]",0.005402,outputs/c6_sam1_vit_h_pilot/predictions/102_2_p1_visible_points.png
102:2:p2_visible_skeleton,102,B,Stage_2/Rectal resection/4/25579,2,50,p2_visible_skeleton,16,0,False,False,2,0.93817699,0.03359390,0,0.84216497,"[0.9152247309684753, 0.9119390249252319, 0.9381769895553589]","[0.8421649651596176, 0.46998447472830773, 0.03359389570742848]",0.006188,outputs/c6_sam1_vit_h_pilot/predictions/102_2_p2_visible_skeleton.png
102:2:p3_visible_box,102,B,Stage_2/Rectal resection/4/25579,2,50,p3_visible_box,0,0,True,False,1,0.94865751,0.82111343,1,0.82111343,"[0.9342330098152161, 0.9486575126647949, 0.9368652105331421]","[0.8193474224069325, 0.8211134285255896, 0.713346747149564]",0.005013,outputs/c6_sam1_vit_h_pilot/predictions/102_2_p3_visible_box.png
102:2:p4_visible_points_box,102,B,Stage_2/Rectal resection/4/25579,2,50,p4_visible_points_box,3,0,True,False,1,0.95955384,0.76001124,0,0.83446109,"[0.9484178423881531, 0.9595538377761841, 0.9552737474441528]","[0.8344610923151281, 0.7600112406913025, 0.4949317287664892]",0.005725,outputs/c6_sam1_vit_h_pilot/predictions/102_2_p4_visible_points_box.png
102:2:p5_visible_points_negatives,102,B,Stage_2/Rectal resection/4/25579,2,50,p5_visible_points_negatives,3,6,False,False,2,0.92675257,0.05661979,0,0.82764618,"[0.8752885460853577, 0.907223105430603, 0.9267525672912598]","[0.8276461818784164, 0.4923964822279223, 0.056619792141489655]",0.006503,outputs/c6_sam1_vit_h_pilot/predictions/102_2_p5_visible_points_negatives.png
102:2:p6_visible_points_box_negatives,102,B,Stage_2/Rectal resection/4/25579,2,50,p6_visible_points_box_negatives,3,6,True,False,2,0.95846128,0.49939490,0,0.83433484,"[0.9356055855751038, 0.9531142711639404, 0.9584612846374512]","[0.8343348355867134, 0.5254745746041113, 0.499394898529138]",0.005663,outputs/c6_sam1_vit_h_pilot/predictions/102_2_p6_visible_points_box_negatives.png
102:2:p7_shifted_entry_ablation,102,B,Stage_2/Rectal resection/4/25579,2,50,p7_shifted_entry_ablation,3,0,False,False,2,1.02846360,0.03044702,0,0.82315907,"[0.941807746887207, 0.9847601652145386, 1.02846360206604]","[0.8231590691743704, 0.47368421052631576, 0.03044701798066049]",0.007468,outputs/c6_sam1_vit_h_pilot/predictions/102_2_p7_shifted_entry_ablation.png
89:0:p1_visible_points,89,C,Stage_2/Rectal resection/4/96079,0,50,p1_visible_points,2,0,False,False,2,1.03398919,0.01101521,0,0.78258987,"[0.8057368993759155, 0.9671308994293213, 1.0339891910552979]","[0.7825898657427458, 0.01080110070538968, 0.01101520592781162]",0.020650,outputs/c6_sam1_vit_h_pilot/predictions/089_0_p1_visible_points.png
89:0:p2_visible_skeleton,89,C,Stage_2/Rectal resection/4/96079,0,50,p2_visible_skeleton,2,0,False,False,2,1.03398919,0.01101521,0,0.78258987,"[0.8057368993759155, 0.9671308994293213, 1.0339891910552979]","[0.7825898657427458, 0.01080110070538968, 0.01101520592781162]",0.005480,outputs/c6_sam1_vit_h_pilot/predictions/089_0_p2_visible_skeleton.png
89:0:p3_visible_box,89,C,Stage_2/Rectal resection/4/96079,0,50,p3_visible_box,0,0,True,False,2,0.90812194,0.15427248,0,0.40719361,"[0.8343350887298584, 0.8887342214584351, 0.9081219434738159]","[0.4071936056838366, 0.1879294890947117, 0.15427247911324343]",0.004892,outputs/c6_sam1_vit_h_pilot/predictions/089_0_p3_visible_box.png
89:0:p4_visible_points_box,89,C,Stage_2/Rectal resection/4/96079,0,50,p4_visible_points_box,2,0,True,False,2,0.92142916,0.13218902,0,0.21428571,"[0.8635708093643188, 0.902535080909729, 0.9214291572570801]","[0.21428571428571427, 0.1625114650212624, 0.1321890173015113]",0.005889,outputs/c6_sam1_vit_h_pilot/predictions/089_0_p4_visible_points_box.png
89:0:p5_visible_points_negatives,89,C,Stage_2/Rectal resection/4/96079,0,50,p5_visible_points_negatives,2,0,False,False,2,1.03398919,0.01101521,0,0.78258987,"[0.8057368993759155, 0.9671308994293213, 1.0339891910552979]","[0.7825898657427458, 0.01080110070538968, 0.01101520592781162]",0.005626,outputs/c6_sam1_vit_h_pilot/predictions/089_0_p5_visible_points_negatives.png
89:0:p6_visible_points_box_negatives,89,C,Stage_2/Rectal resection/4/96079,0,50,p6_visible_points_box_negatives,2,0,True,False,2,0.92142916,0.13218902,0,0.21428571,"[0.8635708093643188, 0.902535080909729, 0.9214291572570801]","[0.21428571428571427, 0.1625114650212624, 0.1321890173015113]",0.005814,outputs/c6_sam1_vit_h_pilot/predictions/089_0_p6_visible_points_box_negatives.png
89:0:p7_shifted_entry_ablation,89,C,Stage_2/Rectal resection/4/96079,0,50,p7_shifted_entry_ablation,3,0,False,True,2,0.96439016,0.01087018,0,0.65502183,"[0.8010839223861694, 0.8540265560150146, 0.9643901586532593]","[0.6550218340611353, 0.012355711056622655, 0.010870182532741171]",0.005458,outputs/c6_sam1_vit_h_pilot/predictions/089_0_p7_shifted_entry_ablation.png
40:0:p1_visible_points,40,B,Stage_2/Rectal resection/4/97579,0,50,p1_visible_points,3,0,False,False,1,0.98093688,0.91763245,1,0.91763245,"[0.9275663495063782, 0.9809368848800659, 0.7890784740447998]","[0.8838709677419355, 0.9176324503311258, 0.04759592599807523]",0.020682,outputs/c6_sam1_vit_h_pilot/predictions/040_0_p1_visible_points.png
40:0:p2_visible_skeleton,40,B,Stage_2/Rectal resection/4/97579,0,50,p2_visible_skeleton,17,0,False,False,2,0.96548474,0.89865105,2,0.89865105,"[0.838302493095398, 0.9579836130142212, 0.9654847383499146]","[0.45755387165522143, 0.8778928677123409, 0.8986510472133475]",0.006083,outputs/c6_sam1_vit_h_pilot/predictions/040_0_p2_visible_skeleton.png
40:0:p3_visible_box,40,B,Stage_2/Rectal resection/4/97579,0,50,p3_visible_box,0,0,True,False,1,0.98430490,0.90796094,2,0.92248108,"[0.9665703177452087, 0.9843049049377441, 0.9838546514511108]","[0.8884745160717457, 0.9079609351879254, 0.9224810785241249]",0.004864,outputs/c6_sam1_vit_h_pilot/predictions/040_0_p3_visible_box.png
40:0:p4_visible_points_box,40,B,Stage_2/Rectal resection/4/97579,0,50,p4_visible_points_box,3,0,True,False,1,0.97963905,0.90898870,2,0.92268133,"[0.9243921637535095, 0.9796390533447266, 0.9791598320007324]","[0.888421924943767, 0.9089886975560684, 0.9226813264763256]",0.005666,outputs/c6_sam1_vit_h_pilot/predictions/040_0_p4_visible_points_box.png
40:0:p5_visible_points_negatives,40,B,Stage_2/Rectal resection/4/97579,0,50,p5_visible_points_negatives,3,0,False,False,1,0.98093688,0.91763245,1,0.91763245,"[0.9275663495063782, 0.9809368848800659, 0.7890784740447998]","[0.8838709677419355, 0.9176324503311258, 0.04759592599807523]",0.005413,outputs/c6_sam1_vit_h_pilot/predictions/040_0_p5_visible_points_negatives.png
40:0:p6_visible_points_box_negatives,40,B,Stage_2/Rectal resection/4/97579,0,50,p6_visible_points_box_negatives,3,0,True,False,1,0.97963905,0.90898870,2,0.92268133,"[0.9243921637535095, 0.9796390533447266, 0.9791598320007324]","[0.888421924943767, 0.9089886975560684, 0.9226813264763256]",0.005630,outputs/c6_sam1_vit_h_pilot/predictions/040_0_p6_visible_points_box_negatives.png
40:0:p7_shifted_entry_ablation,40,B,Stage_2/Rectal resection/4/97579,0,50,p7_shifted_entry_ablation,3,0,False,False,1,0.98093688,0.91763245,1,0.91763245,"[0.9275663495063782, 0.9809368848800659, 0.7890784740447998]","[0.8838709677419355, 0.9176324503311258, 0.04759592599807523]",0.005458,outputs/c6_sam1_vit_h_pilot/predictions/040_0_p7_shifted_entry_ablation.png
44:0:p1_visible_points,44,A,Stage_2/Rectal resection/5/104132,0,100,p1_visible_points,4,0,False,False,1,0.97640419,0.91576114,1,0.91576114,"[0.9425603151321411, 0.9764041900634766, 0.8441815376281738]","[0.8968083512312073, 0.9157611404645599, 0.059175607347967535]",0.020364,outputs/c6_sam1_vit_h_pilot/predictions/044_0_p1_visible_points.png
44:0:p2_visible_skeleton,44,A,Stage_2/Rectal resection/5/104132,0,100,p2_visible_skeleton,24,0,False,False,1,0.94354343,0.90536829,2,0.91952934,"[0.8706591725349426, 0.9435434341430664, 0.9232784509658813]","[0.4187056826126036, 0.9053682896379526, 0.9195293413770753]",0.005870,outputs/c6_sam1_vit_h_pilot/predictions/044_0_p2_visible_skeleton.png
44:0:p3_visible_box,44,A,Stage_2/Rectal resection/5/104132,0,100,p3_visible_box,0,0,True,False,2,0.98505354,0.92703564,2,0.92703564,"[0.9327936172485352, 0.9771468639373779, 0.985053539276123]","[0.8687540639223729, 0.9079880179730404, 0.9270356360740594]",0.004891,outputs/c6_sam1_vit_h_pilot/predictions/044_0_p3_visible_box.png
44:0:p4_visible_points_box,44,A,Stage_2/Rectal resection/5/104132,0,100,p4_visible_points_box,4,0,True,False,1,0.97747123,0.91157243,2,0.92398884,"[0.9528737664222717, 0.9774712324142456, 0.9456068277359009]","[0.8910025963650888, 0.9115724337541794, 0.9239888423988842]",0.005696,outputs/c6_sam1_vit_h_pilot/predictions/044_0_p4_visible_points_box.png
44:0:p5_visible_points_negatives,44,A,Stage_2/Rectal resection/5/104132,0,100,p5_visible_points_negatives,4,2,False,False,1,0.96142972,0.90719952,1,0.90719952,"[0.9200671315193176, 0.9614297151565552, 0.8742671012878418]","[0.8850132427165059, 0.907199521029786, 0.06397032653374554]",0.005495,outputs/c6_sam1_vit_h_pilot/predictions/044_0_p5_visible_points_negatives.png
44:0:p6_visible_points_box_negatives,44,A,Stage_2/Rectal resection/5/104132,0,100,p6_visible_points_box_negatives,4,2,True,False,1,0.97136402,0.90487123,2,0.91660436,"[0.9529932141304016, 0.9713640213012695, 0.9575862884521484]","[0.8841926458832934, 0.9048712317827909, 0.9166043567120283]",0.005685,outputs/c6_sam1_vit_h_pilot/predictions/044_0_p6_visible_points_box_negatives.png
44:0:p7_shifted_entry_ablation,44,A,Stage_2/Rectal resection/5/104132,0,100,p7_shifted_entry_ablation,4,0,False,False,1,0.97640419,0.91576114,1,0.91576114,"[0.9425603151321411, 0.9764041900634766, 0.8441815376281738]","[0.8968083512312073, 0.9157611404645599, 0.059175607347967535]",0.005429,outputs/c6_sam1_vit_h_pilot/predictions/044_0_p7_shifted_entry_ablation.png
44:1:p1_visible_points,44,C,Stage_2/Rectal resection/5/104132,1,50,p1_visible_points,2,0,False,False,0,0.91777557,0.83976148,0,0.83976148,"[0.917775571346283, 0.86034095287323, 0.9140082597732544]","[0.8397614818573966, 0.11609860732142012, 0.02354005223602809]",0.005420,outputs/c6_sam1_vit_h_pilot/predictions/044_1_p1_visible_points.png
44:1:p2_visible_skeleton,44,C,Stage_2/Rectal resection/5/104132,1,50,p2_visible_skeleton,2,0,False,False,0,0.91777557,0.83976148,0,0.83976148,"[0.917775571346283, 0.86034095287323, 0.9140082597732544]","[0.8397614818573966, 0.11609860732142012, 0.02354005223602809]",0.005779,outputs/c6_sam1_vit_h_pilot/predictions/044_1_p2_visible_skeleton.png
44:1:p3_visible_box,44,C,Stage_2/Rectal resection/5/104132,1,50,p3_visible_box,0,0,True,False,1,0.68770242,0.31468977,1,0.31468977,"[0.6154972910881042, 0.6877024173736572, 0.5913578271865845]","[0.29435688866293847, 0.3146897693973755, 0.17905873047261223]",0.004848,outputs/c6_sam1_vit_h_pilot/predictions/044_1_p3_visible_box.png
44:1:p4_visible_points_box,44,C,Stage_2/Rectal resection/5/104132,1,50,p4_visible_points_box,2,0,True,False,2,0.74062133,0.30795229,1,0.41806106,"[0.6917287707328796, 0.7234314680099487, 0.7406213283538818]","[0.33205472445978773, 0.41806105505173075, 0.30795228628230614]",0.005660,outputs/c6_sam1_vit_h_pilot/predictions/044_1_p4_visible_points_box.png
44:1:p5_visible_points_negatives,44,C,Stage_2/Rectal resection/5/104132,1,50,p5_visible_points_negatives,2,4,False,False,2,0.92167962,0.02547908,0,0.86383188,"[0.8331313729286194, 0.8489081859588623, 0.9216796159744263]","[0.8638318790709106, 0.11354106965099092, 0.025479075795885337]",0.005471,outputs/c6_sam1_vit_h_pilot/predictions/044_1_p5_visible_points_negatives.png
44:1:p6_visible_points_box_negatives,44,C,Stage_2/Rectal resection/5/104132,1,50,p6_visible_points_box_negatives,2,4,True,False,2,0.79818344,0.33431271,1,0.47954657,"[0.7612524628639221, 0.7574793100357056, 0.7981834411621094]","[0.35368000939077354, 0.4795465746673238, 0.33431271341221314]",0.005675,outputs/c6_sam1_vit_h_pilot/predictions/044_1_p6_visible_points_box_negatives.png
44:1:p7_shifted_entry_ablation,44,C,Stage_2/Rectal resection/5/104132,1,50,p7_shifted_entry_ablation,3,0,False,True,0,0.98267454,0.00007112,2,0.02470683,"[0.9826745390892029, 0.8956564664840698, 0.8983962535858154]","[7.112206917806596e-05, 0.00017626321974148062, 0.024706832768050063]",0.005412,outputs/c6_sam1_vit_h_pilot/predictions/044_1_p7_shifted_entry_ablation.png
106:0:p1_visible_points,106,C,Stage_2/Rectal resection/5/189632,0,100,p1_visible_points,2,0,False,False,1,0.97448421,0.94187845,1,0.94187845,"[0.7172502875328064, 0.9744842052459717, 0.9011648893356323]","[0.38521960393848875, 0.941878453038674, 0.47109290676113247]",0.020340,outputs/c6_sam1_vit_h_pilot/predictions/106_0_p1_visible_points.png
106:0:p2_visible_skeleton,106,C,Stage_2/Rectal resection/5/189632,0,100,p2_visible_skeleton,2,0,False,False,1,0.97448421,0.94187845,1,0.94187845,"[0.7172502875328064, 0.9744842052459717, 0.9011648893356323]","[0.38521960393848875, 0.941878453038674, 0.47109290676113247]",0.005589,outputs/c6_sam1_vit_h_pilot/predictions/106_0_p2_visible_skeleton.png
106:0:p3_visible_box,106,C,Stage_2/Rectal resection/5/189632,0,100,p3_visible_box,0,0,True,False,1,0.57562685,0.02549889,2,0.02925781,"[0.48389214277267456, 0.5756268501281738, 0.5456243753433228]","[0.016284479893652375, 0.025498891352549888, 0.02925781034767756]",0.004982,outputs/c6_sam1_vit_h_pilot/predictions/106_0_p3_visible_box.png
106:0:p4_visible_points_box,106,C,Stage_2/Rectal resection/5/189632,0,100,p4_visible_points_box,2,0,True,False,2,0.75109887,0.08656288,2,0.08656288,"[0.6098623275756836, 0.7440894842147827, 0.7510988712310791]","[0.04108299651182105, 0.06283533381271088, 0.08656287954068677]",0.005840,outputs/c6_sam1_vit_h_pilot/predictions/106_0_p4_visible_points_box.png
106:0:p5_visible_points_negatives,106,C,Stage_2/Rectal resection/5/189632,0,100,p5_visible_points_negatives,2,2,False,False,1,0.96729732,0.93595133,1,0.93595133,"[0.8226162791252136, 0.9672973155975342, 0.896499514579773]","[0.23100792375464066, 0.9359513274336283, 0.17235554230635464]",0.005643,outputs/c6_sam1_vit_h_pilot/predictions/106_0_p5_visible_points_negatives.png
106:0:p6_visible_points_box_negatives,106,C,Stage_2/Rectal resection/5/189632,0,100,p6_visible_points_box_negatives,2,2,True,False,1,0.69731987,0.04322559,2,0.09369648,"[0.6810345649719238, 0.6973198652267456, 0.6641756892204285]","[0.038531906636358595, 0.04322559220721718, 0.0936964808574112]",0.005795,outputs/c6_sam1_vit_h_pilot/predictions/106_0_p6_visible_points_box_negatives.png
106:0:p7_shifted_entry_ablation,106,C,Stage_2/Rectal resection/5/189632,0,100,p7_shifted_entry_ablation,3,0,False,True,1,0.97862256,0.94159898,1,0.94159898,"[0.8770369291305542, 0.978622555732727, 0.8962093591690063]","[0.6942080247595888, 0.941598983369247, 0.46942322014729815]",0.005530,outputs/c6_sam1_vit_h_pilot/predictions/106_0_p7_shifted_entry_ablation.png
106:1:p1_visible_points,106,B,Stage_2/Rectal resection/5/189632,1,50,p1_visible_points,2,0,False,False,0,0.98237479,0.86212400,0,0.86212400,"[0.9823747873306274, 0.9047763347625732, 0.9363936185836792]","[0.8621239965180385, 0.5919860739499049, 0.47562823258972886]",0.005796,outputs/c6_sam1_vit_h_pilot/predictions/106_1_p1_visible_points.png
106:1:p2_visible_skeleton,106,B,Stage_2/Rectal resection/5/189632,1,50,p2_visible_skeleton,23,0,False,False,2,0.96318066,0.74558395,1,0.86767113,"[0.8727380037307739, 0.9469038248062134, 0.963180661201477]","[0.8212019952540075, 0.8676711273707519, 0.7455839478648603]",0.006038,outputs/c6_sam1_vit_h_pilot/predictions/106_1_p2_visible_skeleton.png
106:1:p3_visible_box,106,B,Stage_2/Rectal resection/5/189632,1,50,p3_visible_box,0,0,True,False,1,0.97764802,0.86053714,1,0.86053714,"[0.9659153819084167, 0.9776480197906494, 0.9739316701889038]","[0.8429463896556734, 0.8605371400919429, 0.8027706242784832]",0.006425,outputs/c6_sam1_vit_h_pilot/predictions/106_1_p3_visible_box.png
106:1:p4_visible_points_box,106,B,Stage_2/Rectal resection/5/189632,1,50,p4_visible_points_box,2,0,True,False,1,0.97603405,0.86865267,1,0.86865267,"[0.9700936675071716, 0.9760340452194214, 0.9749823808670044]","[0.8558008909548712, 0.8686526743398781, 0.8263771428571428]",0.005926,outputs/c6_sam1_vit_h_pilot/predictions/106_1_p4_visible_points_box.png
106:1:p5_visible_points_negatives,106,B,Stage_2/Rectal resection/5/189632,1,50,p5_visible_points_negatives,2,2,False,False,1,0.97146595,0.85647184,1,0.85647184,"[0.8920255303382874, 0.9714659452438354, 0.8780741691589355]","[0.8390988372093023, 0.8564718415573096, 0.09997970287629886]",0.005557,outputs/c6_sam1_vit_h_pilot/predictions/106_1_p5_visible_points_negatives.png
106:1:p6_visible_points_box_negatives,106,B,Stage_2/Rectal resection/5/189632,1,50,p6_visible_points_box_negatives,2,2,True,False,1,0.97916031,0.85537210,2,0.86714742,"[0.9681888222694397, 0.9791603088378906, 0.9773762226104736]","[0.8416335626392791, 0.8553721009054375, 0.8671474203852483]",0.005808,outputs/c6_sam1_vit_h_pilot/predictions/106_1_p6_visible_points_box_negatives.png
106:1:p7_shifted_entry_ablation,106,B,Stage_2/Rectal resection/5/189632,1,50,p7_shifted_entry_ablation,2,0,False,False,0,0.98237479,0.86212400,0,0.86212400,"[0.9823747873306274, 0.9047763347625732, 0.9363936185836792]","[0.8621239965180385, 0.5919860739499049, 0.47562823258972886]",0.005538,outputs/c6_sam1_vit_h_pilot/predictions/106_1_p7_shifted_entry_ablation.png
184:0:p1_visible_points,184,B,Stage_2/Rectal resection/5/270188,0,100,p1_visible_points,2,0,False,False,2,1.00049996,0.35996094,0,0.94919888,"[0.9801321625709534, 0.9827622175216675, 1.000499963760376]","[0.9491988767756855, 0.5604884729513809, 0.3599609445629769]",0.020476,outputs/c6_sam1_vit_h_pilot/predictions/184_0_p1_visible_points.png
184:0:p2_visible_skeleton,184,B,Stage_2/Rectal resection/5/270188,0,100,p2_visible_skeleton,29,0,False,False,2,0.95481944,0.56170357,1,0.92068271,"[0.9229657053947449, 0.9488933086395264, 0.9548194408416748]","[0.8683163133885616, 0.9206827059438211, 0.5617035722994974]",0.006006,outputs/c6_sam1_vit_h_pilot/predictions/184_0_p2_visible_skeleton.png
184:0:p3_visible_box,184,B,Stage_2/Rectal resection/5/270188,0,100,p3_visible_box,0,0,True,False,2,0.98761773,0.85196603,2,0.85196603,"[0.9548245072364807, 0.9790300130844116, 0.9876177310943604]","[0.6096685174718223, 0.8286825764943517, 0.8519660307119591]",0.005003,outputs/c6_sam1_vit_h_pilot/predictions/184_0_p3_visible_box.png
184:0:p4_visible_points_box,184,B,Stage_2/Rectal resection/5/270188,0,100,p4_visible_points_box,2,0,True,False,2,0.98354828,0.88693532,2,0.88693532,"[0.9464865326881409, 0.9800676107406616, 0.9835482835769653]","[0.8419678998595307, 0.8746426434412605, 0.8869353193395092]",0.005801,outputs/c6_sam1_vit_h_pilot/predictions/184_0_p4_visible_points_box.png
184:0:p5_visible_points_negatives,184,B,Stage_2/Rectal resection/5/270188,0,100,p5_visible_points_negatives,2,3,False,False,0,0.97650719,0.91031934,0,0.91031934,"[0.9765071868896484, 0.8802238702774048, 0.9265581369400024]","[0.9103193388978863, 0.6968842904204755, 0.37399048602357593]",0.005635,outputs/c6_sam1_vit_h_pilot/predictions/184_0_p5_visible_points_negatives.png
184:0:p6_visible_points_box_negatives,184,B,Stage_2/Rectal resection/5/270188,0,100,p6_visible_points_box_negatives,2,3,True,False,2,0.97729623,0.90174448,2,0.90174448,"[0.9137093424797058, 0.9769678115844727, 0.9772962331771851]","[0.8478259062533768, 0.8728131051621107, 0.9017444758265493]",0.005760,outputs/c6_sam1_vit_h_pilot/predictions/184_0_p6_visible_points_box_negatives.png
184:0:p7_shifted_entry_ablation,184,B,Stage_2/Rectal resection/5/270188,0,100,p7_shifted_entry_ablation,2,0,False,False,2,1.00049996,0.35996094,0,0.94919888,"[0.9801321625709534, 0.9827622175216675, 1.000499963760376]","[0.9491988767756855, 0.5604884729513809, 0.3599609445629769]",0.008108,outputs/c6_sam1_vit_h_pilot/predictions/184_0_p7_shifted_entry_ablation.png
184:1:p1_visible_points,184,B,Stage_2/Rectal resection/5/270188,1,50,p1_visible_points,3,0,False,False,2,0.98206973,0.01592435,0,0.47585912,"[0.904136061668396, 0.915814995765686, 0.982069730758667]","[0.47585911572636763, 0.03116155188839978, 0.015924350226384498]",0.005897,outputs/c6_sam1_vit_h_pilot/predictions/184_1_p1_visible_points.png
184:1:p2_visible_skeleton,184,B,Stage_2/Rectal resection/5/270188,1,50,p2_visible_skeleton,8,0,False,False,1,0.91468251,0.47664747,0,0.56639248,"[0.8284539580345154, 0.9146825075149536, 0.8622466325759888]","[0.5663924794359577, 0.47664747280870123, 0.020199135435462725]",0.005549,outputs/c6_sam1_vit_h_pilot/predictions/184_1_p2_visible_skeleton.png
184:1:p3_visible_box,184,B,Stage_2/Rectal resection/5/270188,1,50,p3_visible_box,0,0,True,False,2,0.91700840,0.55700207,0,0.60887218,"[0.8840466141700745, 0.911935567855835, 0.9170083999633789]","[0.6088721804511278, 0.6057732533816762, 0.5570020683781481]",0.004982,outputs/c6_sam1_vit_h_pilot/predictions/184_1_p3_visible_box.png
184:1:p4_visible_points_box,184,B,Stage_2/Rectal resection/5/270188,1,50,p4_visible_points_box,3,0,True,False,2,0.96515584,0.50494208,0,0.55884521,"[0.9132991433143616, 0.9559407234191895, 0.965155839920044]","[0.5588452088452088, 0.5027575557026251, 0.5049420767350409]",0.009242,outputs/c6_sam1_vit_h_pilot/predictions/184_1_p4_visible_points_box.png
184:1:p5_visible_points_negatives,184,B,Stage_2/Rectal resection/5/270188,1,50,p5_visible_points_negatives,3,2,False,False,2,0.93160474,0.02346288,0,0.55781838,"[0.8789700865745544, 0.9079368114471436, 0.9316047430038452]","[0.5578183847119542, 0.5061893609902978, 0.023462882288660097]",0.005721,outputs/c6_sam1_vit_h_pilot/predictions/184_1_p5_visible_points_negatives.png
184:1:p6_visible_points_box_negatives,184,B,Stage_2/Rectal resection/5/270188,1,50,p6_visible_points_box_negatives,3,2,True,False,2,0.95812058,0.51413219,0,0.57007576,"[0.9209370613098145, 0.9523288011550903, 0.958120584487915]","[0.5700757575757576, 0.5232889192574878, 0.5141321869962385]",0.005775,outputs/c6_sam1_vit_h_pilot/predictions/184_1_p6_visible_points_box_negatives.png
184:1:p7_shifted_entry_ablation,184,B,Stage_2/Rectal resection/5/270188,1,50,p7_shifted_entry_ablation,3,0,False,False,2,0.98206973,0.01592435,0,0.47585912,"[0.904136061668396, 0.915814995765686, 0.982069730758667]","[0.47585911572636763, 0.03116155188839978, 0.015924350226384498]",0.005575,outputs/c6_sam1_vit_h_pilot/predictions/184_1_p7_shifted_entry_ablation.png
167:0:p1_visible_points,167,A,Stage_2/Rectal resection/5/45579,0,50,p1_visible_points,4,0,False,False,1,0.98743641,0.94568835,1,0.94568835,"[0.9574365019798279, 0.9874364137649536, 0.8099123239517212]","[0.6175125663222564, 0.9456883483473019, 0.14525729523378916]",0.020407,outputs/c6_sam1_vit_h_pilot/predictions/167_0_p1_visible_points.png
167:0:p2_visible_skeleton,167,A,Stage_2/Rectal resection/5/45579,0,50,p2_visible_skeleton,29,0,False,False,2,0.95433986,0.86371180,1,0.93233621,"[0.8900343775749207, 0.9218506813049316, 0.954339861869812]","[0.26624591339009424, 0.9323362071974589, 0.8637118048882755]",0.005927,outputs/c6_sam1_vit_h_pilot/predictions/167_0_p2_visible_skeleton.png
167:0:p3_visible_box,167,A,Stage_2/Rectal resection/5/45579,0,50,p3_visible_box,0,0,True,False,2,0.92078912,0.75735615,2,0.75735615,"[0.5811922550201416, 0.9082225561141968, 0.9207891225814819]","[0.15755256121218478, 0.5927685589519651, 0.7573561512267528]",0.004989,outputs/c6_sam1_vit_h_pilot/predictions/167_0_p3_visible_box.png
167:0:p4_visible_points_box,167,A,Stage_2/Rectal resection/5/45579,0,50,p4_visible_points_box,4,0,True,False,2,0.93793118,0.75637196,2,0.75637196,"[0.6384461522102356, 0.8829120397567749, 0.9379311800003052]","[0.14324380959033284, 0.6384194613865539, 0.7563719581433538]",0.005690,outputs/c6_sam1_vit_h_pilot/predictions/167_0_p4_visible_points_box.png
167:0:p5_visible_points_negatives,167,A,Stage_2/Rectal resection/5/45579,0,50,p5_visible_points_negatives,4,2,False,False,1,0.96029031,0.94492330,1,0.94492330,"[0.9173029065132141, 0.9602903127670288, 0.800890326499939]","[0.6061436904055045, 0.944923296592314, 0.17708366172140502]",0.005476,outputs/c6_sam1_vit_h_pilot/predictions/167_0_p5_visible_points_negatives.png
167:0:p6_visible_points_box_negatives,167,A,Stage_2/Rectal resection/5/45579,0,50,p6_visible_points_box_negatives,4,2,True,False,2,0.94921744,0.82603683,2,0.82603683,"[0.7787926197052002, 0.8912268877029419, 0.9492174386978149]","[0.1680606240505666, 0.808231387626704, 0.8260368261067048]",0.005667,outputs/c6_sam1_vit_h_pilot/predictions/167_0_p6_visible_points_box_negatives.png
167:0:p7_shifted_entry_ablation,167,A,Stage_2/Rectal resection/5/45579,0,50,p7_shifted_entry_ablation,4,0,False,False,1,0.98743641,0.94568835,1,0.94568835,"[0.9574365019798279, 0.9874364137649536, 0.8099123239517212]","[0.6175125663222564, 0.9456883483473019, 0.14525729523378916]",0.005467,outputs/c6_sam1_vit_h_pilot/predictions/167_0_p7_shifted_entry_ablation.png
167:1:p1_visible_points,167,C,Stage_2/Rectal resection/5/45579,1,100,p1_visible_points,2,0,False,False,0,0.95939410,0.87335526,0,0.87335526,"[0.959394097328186, 0.8776276111602783, 0.8190180063247681]","[0.8733552631578947, 0.6188222444707382, 0.05650730462132205]",0.005411,outputs/c6_sam1_vit_h_pilot/predictions/167_1_p1_visible_points.png
167:1:p2_visible_skeleton,167,C,Stage_2/Rectal resection/5/45579,1,100,p2_visible_skeleton,2,0,False,False,0,0.95939410,0.87335526,0,0.87335526,"[0.959394097328186, 0.8776276111602783, 0.8190180063247681]","[0.8733552631578947, 0.6188222444707382, 0.05650730462132205]",0.005741,outputs/c6_sam1_vit_h_pilot/predictions/167_1_p2_visible_skeleton.png
167:1:p3_visible_box,167,C,Stage_2/Rectal resection/5/45579,1,100,p3_visible_box,0,0,True,False,2,0.86455476,0.00241441,0,0.02152721,"[0.43221962451934814, 0.8616760969161987, 0.864554762840271]","[0.021527213647441104, 0.0024803953368567667, 0.002414412183495326]",0.004957,outputs/c6_sam1_vit_h_pilot/predictions/167_1_p3_visible_box.png
167:1:p4_visible_points_box,167,C,Stage_2/Rectal resection/5/45579,1,100,p4_visible_points_box,2,0,True,False,0,0.88691199,0.35107617,1,0.44114524,"[0.8869119882583618, 0.8343629837036133, 0.7813695669174194]","[0.35107616960948573, 0.44114523597128413, 0.01753458787112361]",0.005691,outputs/c6_sam1_vit_h_pilot/predictions/167_1_p4_visible_points_box.png
167:1:p5_visible_points_negatives,167,C,Stage_2/Rectal resection/5/45579,1,100,p5_visible_points_negatives,2,4,False,False,0,0.89601415,0.86225075,0,0.86225075,"[0.8960141539573669, 0.8681085109710693, 0.807719349861145]","[0.8622507546447855, 0.26426893186336525, 0.02970545452235611]",0.005525,outputs/c6_sam1_vit_h_pilot/predictions/167_1_p5_visible_points_negatives.png
167:1:p6_visible_points_box_negatives,167,C,Stage_2/Rectal resection/5/45579,1,100,p6_visible_points_box_negatives,2,4,True,False,2,0.86693358,0.00609034,0,0.41198326,"[0.6745485663414001, 0.8429590463638306, 0.8669335842132568]","[0.4119832593098736, 0.011982700472166012, 0.0060903369122547206]",0.005869,outputs/c6_sam1_vit_h_pilot/predictions/167_1_p6_visible_points_box_negatives.png
167:1:p7_shifted_entry_ablation,167,C,Stage_2/Rectal resection/5/45579,1,100,p7_shifted_entry_ablation,3,0,False,True,0,0.94745302,0.87985955,0,0.87985955,"[0.9474530220031738, 0.8524398803710938, 0.8072373867034912]","[0.8798595541266551, 0.12122278646488008, 0.05466929192021335]",0.005396,outputs/c6_sam1_vit_h_pilot/predictions/167_1_p7_shifted_entry_ablation.png
136:0:p1_visible_points,136,A,Stage_2/Rectal resection/5/50132,0,50,p1_visible_points,4,0,False,False,1,1.00462592,0.95873488,1,0.95873488,"[0.7507527470588684, 1.004625916481018, 0.8825925588607788]","[0.2566832174776564, 0.9587348800317271, 0.12632082943886555]",0.020260,outputs/c6_sam1_vit_h_pilot/predictions/136_0_p1_visible_points.png
136:0:p2_visible_skeleton,136,A,Stage_2/Rectal resection/5/50132,0,50,p2_visible_skeleton,33,0,False,False,2,0.96155095,0.74069366,2,0.74069366,"[0.8941155672073364, 0.9198899269104004, 0.9615509510040283]","[0.5985613226293617, 0.7172963095379971, 0.740693655397084]",0.005946,outputs/c6_sam1_vit_h_pilot/predictions/136_0_p2_visible_skeleton.png
136:0:p3_visible_box,136,A,Stage_2/Rectal resection/5/50132,0,50,p3_visible_box,0,0,True,False,2,0.97114205,0.94831002,2,0.94831002,"[0.870223343372345, 0.8271536827087402, 0.971142053604126]","[0.2778967828949978, 0.3078998531920803, 0.9483100210009113]",0.005019,outputs/c6_sam1_vit_h_pilot/predictions/136_0_p3_visible_box.png
136:0:p4_visible_points_box,136,A,Stage_2/Rectal resection/5/50132,0,50,p4_visible_points_box,4,0,True,False,2,0.96181524,0.87911804,2,0.87911804,"[0.8557843565940857, 0.9043068885803223, 0.9618152379989624]","[0.26437146542315704, 0.37997183042710625, 0.8791180439787251]",0.005688,outputs/c6_sam1_vit_h_pilot/predictions/136_0_p4_visible_points_box.png
136:0:p5_visible_points_negatives,136,A,Stage_2/Rectal resection/5/50132,0,50,p5_visible_points_negatives,4,0,False,False,1,1.00462592,0.95873488,1,0.95873488,"[0.7507527470588684, 1.004625916481018, 0.8825925588607788]","[0.2566832174776564, 0.9587348800317271, 0.12632082943886555]",0.005429,outputs/c6_sam1_vit_h_pilot/predictions/136_0_p5_visible_points_negatives.png
136:0:p6_visible_points_box_negatives,136,A,Stage_2/Rectal resection/5/50132,0,50,p6_visible_points_box_negatives,4,0,True,False,2,0.96181524,0.87911804,2,0.87911804,"[0.8557843565940857, 0.9043068885803223, 0.9618152379989624]","[0.26437146542315704, 0.37997183042710625, 0.8791180439787251]",0.005642,outputs/c6_sam1_vit_h_pilot/predictions/136_0_p6_visible_points_box_negatives.png
136:0:p7_shifted_entry_ablation,136,A,Stage_2/Rectal resection/5/50132,0,50,p7_shifted_entry_ablation,4,0,False,False,1,1.00462592,0.95873488,1,0.95873488,"[0.7507527470588684, 1.004625916481018, 0.8825925588607788]","[0.2566832174776564, 0.9587348800317271, 0.12632082943886555]",0.005459,outputs/c6_sam1_vit_h_pilot/predictions/136_0_p7_shifted_entry_ablation.png
38:0:p1_visible_points,38,B,Stage_2/Rectal resection/5/90632,0,50,p1_visible_points,3,0,False,False,1,0.98760593,0.93640638,1,0.93640638,"[0.7273075580596924, 0.9876059293746948, 0.8653804063796997]","[0.46561776438753594, 0.9364063760536345, 0.08805124848973017]",0.020492,outputs/c6_sam1_vit_h_pilot/predictions/038_0_p1_visible_points.png
38:0:p2_visible_skeleton,38,B,Stage_2/Rectal resection/5/90632,0,50,p2_visible_skeleton,19,0,False,False,1,0.95958877,0.93048828,2,0.94144932,"[0.9243465065956116, 0.9595887660980225, 0.925257682800293]","[0.8272362257416909, 0.9304882801625745, 0.9414493236674721]",0.005993,outputs/c6_sam1_vit_h_pilot/predictions/038_0_p2_visible_skeleton.png
38:0:p3_visible_box,38,B,Stage_2/Rectal resection/5/90632,0,50,p3_visible_box,0,0,True,False,1,0.93531907,0.79431182,2,0.79823585,"[0.8656126260757446, 0.9353190660476685, 0.9244647026062012]","[0.4320272002675436, 0.7943118192707318, 0.7982358506316434]",0.004867,outputs/c6_sam1_vit_h_pilot/predictions/038_0_p3_visible_box.png
38:0:p4_visible_points_box,38,B,Stage_2/Rectal resection/5/90632,0,50,p4_visible_points_box,3,0,True,False,2,0.93621743,0.81557263,2,0.81557263,"[0.8664373755455017, 0.9288382530212402, 0.9362174272537231]","[0.6784700183731418, 0.815402196332014, 0.8155726295863259]",0.005696,outputs/c6_sam1_vit_h_pilot/predictions/038_0_p4_visible_points_box.png
38:0:p5_visible_points_negatives,38,B,Stage_2/Rectal resection/5/90632,0,50,p5_visible_points_negatives,3,0,False,False,1,0.98760593,0.93640638,1,0.93640638,"[0.7273075580596924, 0.9876059293746948, 0.8653804063796997]","[0.46561776438753594, 0.9364063760536345, 0.08805124848973017]",0.005426,outputs/c6_sam1_vit_h_pilot/predictions/038_0_p5_visible_points_negatives.png
38:0:p6_visible_points_box_negatives,38,B,Stage_2/Rectal resection/5/90632,0,50,p6_visible_points_box_negatives,3,0,True,False,2,0.93621743,0.81557263,2,0.81557263,"[0.8664373755455017, 0.9288382530212402, 0.9362174272537231]","[0.6784700183731418, 0.815402196332014, 0.8155726295863259]",0.005785,outputs/c6_sam1_vit_h_pilot/predictions/038_0_p6_visible_points_box_negatives.png
38:0:p7_shifted_entry_ablation,38,B,Stage_2/Rectal resection/5/90632,0,50,p7_shifted_entry_ablation,3,0,False,False,1,0.98760593,0.93640638,1,0.93640638,"[0.7273075580596924, 0.9876059293746948, 0.8653804063796997]","[0.46561776438753594, 0.9364063760536345, 0.08805124848973017]",0.005498,outputs/c6_sam1_vit_h_pilot/predictions/038_0_p7_shifted_entry_ablation.png
96:0:p1_visible_points,96,A,Stage_3/Sigmoid/1/125151,0,100,p1_visible_points,4,0,False,False,1,0.95902503,0.88718496,1,0.88718496,"[0.8907729983329773, 0.9590250253677368, 0.7917884588241577]","[0.7610607675906184, 0.8871849579943992, 0.10727369559253103]",0.020248,outputs/c6_sam1_vit_h_pilot/predictions/096_0_p1_visible_points.png
96:0:p2_visible_skeleton,96,A,Stage_3/Sigmoid/1/125151,0,100,p2_visible_skeleton,14,0,False,False,2,0.95255959,0.89082969,2,0.89082969,"[0.8814738392829895, 0.9463781118392944, 0.9525595903396606]","[0.5777126099706745, 0.8644859813084113, 0.8908296943231441]",0.005844,outputs/c6_sam1_vit_h_pilot/predictions/096_0_p2_visible_skeleton.png
96:0:p3_visible_box,96,A,Stage_3/Sigmoid/1/125151,0,100,p3_visible_box,0,0,True,False,1,0.96674228,0.88844409,2,0.90724522,"[0.9554820656776428, 0.9667422771453857, 0.9652326107025146]","[0.8358268768367619, 0.8884440886042168, 0.9072452229299363]",0.004837,outputs/c6_sam1_vit_h_pilot/predictions/096_0_p3_visible_box.png
96:0:p4_visible_points_box,96,A,Stage_3/Sigmoid/1/125151,0,100,p4_visible_points_box,4,0,True,False,1,0.96179092,0.90760870,1,0.90760870,"[0.9603345394134521, 0.961790919303894, 0.937185525894165]","[0.8941615569181551, 0.907608695652174, 0.8950840879689521]",0.005659,outputs/c6_sam1_vit_h_pilot/predictions/096_0_p4_visible_points_box.png
96:0:p5_visible_points_negatives,96,A,Stage_3/Sigmoid/1/125151,0,100,p5_visible_points_negatives,4,5,False,False,0,0.88256592,0.86344846,1,0.88859556,"[0.8825659155845642, 0.8339745998382568, 0.8074201345443726]","[0.8634484597946392, 0.8885955649419218, 0.020894997509011515]",0.005470,outputs/c6_sam1_vit_h_pilot/predictions/096_0_p5_visible_points_negatives.png
96:0:p6_visible_points_box_negatives,96,A,Stage_3/Sigmoid/1/125151,0,100,p6_visible_points_box_negatives,4,5,True,False,0,0.94773191,0.87951968,1,0.89950883,"[0.9477319121360779, 0.9402244091033936, 0.9224265813827515]","[0.8795196797865243, 0.89950882782424, 0.7301049062201971]",0.005660,outputs/c6_sam1_vit_h_pilot/predictions/096_0_p6_visible_points_box_negatives.png
96:0:p7_shifted_entry_ablation,96,A,Stage_3/Sigmoid/1/125151,0,100,p7_shifted_entry_ablation,4,0,False,False,1,0.95902503,0.88718496,1,0.88718496,"[0.8907729983329773, 0.9590250253677368, 0.7917884588241577]","[0.7610607675906184, 0.8871849579943992, 0.10727369559253103]",0.005679,outputs/c6_sam1_vit_h_pilot/predictions/096_0_p7_shifted_entry_ablation.png
96:1:p1_visible_points,96,B,Stage_3/Sigmoid/1/125151,1,50,p1_visible_points,3,0,False,False,0,0.95828861,0.89918312,0,0.89918312,"[0.9582886099815369, 0.9177412986755371, 0.8559080362319946]","[0.8991831248061214, 0.6511160554080241, 0.027250992601027958]",0.005636,outputs/c6_sam1_vit_h_pilot/predictions/096_1_p1_visible_points.png
96:1:p2_visible_skeleton,96,B,Stage_3/Sigmoid/1/125151,1,50,p2_visible_skeleton,18,0,False,False,0,0.93291706,0.84163450,0,0.84163450,"[0.932917058467865, 0.9122474193572998, 0.88849937915802]","[0.8416344976932493, 0.6586929894084588, 0.013196859378396]",0.005841,outputs/c6_sam1_vit_h_pilot/predictions/096_1_p2_visible_skeleton.png
96:1:p3_visible_box,96,B,Stage_3/Sigmoid/1/125151,1,50,p3_visible_box,0,0,True,False,2,0.96217680,0.65463619,0,0.87462327,"[0.927601158618927, 0.9492350816726685, 0.9621767997741699]","[0.8746232670283303, 0.7034883720930233, 0.6546361926804571]",0.004856,outputs/c6_sam1_vit_h_pilot/predictions/096_1_p3_visible_box.png
96:1:p4_visible_points_box,96,B,Stage_3/Sigmoid/1/125151,1,50,p4_visible_points_box,3,0,True,False,0,0.95873415,0.85704508,0,0.85704508,"[0.9587341547012329, 0.9546715021133423, 0.9327154159545898]","[0.8570450767576024, 0.7398502495840267, 0.6532374100719425]",0.005614,outputs/c6_sam1_vit_h_pilot/predictions/096_1_p4_visible_points_box.png
96:1:p5_visible_points_negatives,96,B,Stage_3/Sigmoid/1/125151,1,50,p5_visible_points_negatives,3,6,False,False,0,0.88273519,0.87766554,0,0.87766554,"[0.8827351927757263, 0.8296738862991333, 0.7465757131576538]","[0.877665544332211, 0.6356076917365803, 0.004790754224291576]",0.005418,outputs/c6_sam1_vit_h_pilot/predictions/096_1_p5_visible_points_negatives.png
96:1:p6_visible_points_box_negatives,96,B,Stage_3/Sigmoid/1/125151,1,50,p6_visible_points_box_negatives,3,6,True,False,0,0.91472322,0.88452869,0,0.88452869,"[0.9147232174873352, 0.8633983135223389, 0.8896726369857788]","[0.8845286885245902, 0.7099950763170851, 0.2916666666666667]",0.005695,outputs/c6_sam1_vit_h_pilot/predictions/096_1_p6_visible_points_box_negatives.png
96:1:p7_shifted_entry_ablation,96,B,Stage_3/Sigmoid/1/125151,1,50,p7_shifted_entry_ablation,3,0,False,False,0,0.95828861,0.89918312,0,0.89918312,"[0.9582886099815369, 0.9177412986755371, 0.8559080362319946]","[0.8991831248061214, 0.6511160554080241, 0.027250992601027958]",0.005426,outputs/c6_sam1_vit_h_pilot/predictions/096_1_p7_shifted_entry_ablation.png
96:2:p1_visible_points,96,B,Stage_3/Sigmoid/1/125151,2,150,p1_visible_points,2,0,False,False,1,0.96856189,0.76209677,0,0.87136150,"[0.9664387106895447, 0.9685618877410889, 0.7531665563583374]","[0.8713615023474178, 0.7620967741935484, 0.1767450541246734]",0.005427,outputs/c6_sam1_vit_h_pilot/predictions/096_2_p1_visible_points.png
96:2:p2_visible_skeleton,96,B,Stage_3/Sigmoid/1/125151,2,150,p2_visible_skeleton,4,0,False,False,0,0.97623825,0.86184516,0,0.86184516,"[0.9762382507324219, 0.9617317914962769, 0.758217453956604]","[0.8618451553082985, 0.7610619469026548, 0.15579293344289236]",0.005452,outputs/c6_sam1_vit_h_pilot/predictions/096_2_p2_visible_skeleton.png
96:2:p3_visible_box,96,B,Stage_3/Sigmoid/1/125151,2,150,p3_visible_box,0,0,True,False,1,0.96151948,0.79669632,0,0.85445363,"[0.9589276909828186, 0.9615194797515869, 0.9610680341720581]","[0.8544536271808999, 0.7966963151207116, 0.7668016194331984]",0.005581,outputs/c6_sam1_vit_h_pilot/predictions/096_2_p3_visible_box.png
96:2:p4_visible_points_box,96,B,Stage_3/Sigmoid/1/125151,2,150,p4_visible_points_box,2,0,True,False,1,0.96769035,0.79670330,0,0.85006815,"[0.9674719572067261, 0.9676903486251831, 0.9671202898025513]","[0.850068150840527, 0.7967032967032966, 0.7634754625905068]",0.005656,outputs/c6_sam1_vit_h_pilot/predictions/096_2_p4_visible_points_box.png
96:2:p5_visible_points_negatives,96,B,Stage_3/Sigmoid/1/125151,2,150,p5_visible_points_negatives,2,7,False,False,0,0.90404862,0.86024988,0,0.86024988,"[0.9040486216545105, 0.768682599067688, 0.6915245056152344]","[0.8602498843128181, 0.7721102426984779, 0.024476704929101957]",0.005452,outputs/c6_sam1_vit_h_pilot/predictions/096_2_p5_visible_points_negatives.png
96:2:p6_visible_points_box_negatives,96,B,Stage_3/Sigmoid/1/125151,2,150,p6_visible_points_box_negatives,2,7,True,False,0,0.91784865,0.83956737,0,0.83956737,"[0.9178486466407776, 0.8714438676834106, 0.8688318729400635]","[0.839567372690401, 0.8168769030013049, 0.5594660194174758]",0.005674,outputs/c6_sam1_vit_h_pilot/predictions/096_2_p6_visible_points_box_negatives.png
96:2:p7_shifted_entry_ablation,96,B,Stage_3/Sigmoid/1/125151,2,150,p7_shifted_entry_ablation,2,0,False,False,1,0.96856189,0.76209677,0,0.87136150,"[0.9664387106895447, 0.9685618877410889, 0.7531665563583374]","[0.8713615023474178, 0.7620967741935484, 0.1767450541246734]",0.005415,outputs/c6_sam1_vit_h_pilot/predictions/096_2_p7_shifted_entry_ablation.png
198:0:p1_visible_points,198,C,Stage_3/Sigmoid/10/128153,0,50,p1_visible_points,1,0,False,False,0,0.82046711,0.05981036,1,0.08662559,"[0.8204671144485474, 0.7927310466766357, 0.6458249092102051]","[0.05981035740335521, 0.08662558898151504, 0.0041163674026109065]",0.020665,outputs/c6_sam1_vit_h_pilot/predictions/198_0_p1_visible_points.png
198:0:p2_visible_skeleton,198,C,Stage_3/Sigmoid/10/128153,0,50,p2_visible_skeleton,1,0,False,False,0,0.82046711,0.05981036,1,0.08662559,"[0.8204671144485474, 0.7927310466766357, 0.6458249092102051]","[0.05981035740335521, 0.08662558898151504, 0.0041163674026109065]",0.007931,outputs/c6_sam1_vit_h_pilot/predictions/198_0_p2_visible_skeleton.png
198:0:p3_visible_box,198,C,Stage_3/Sigmoid/10/128153,0,50,p3_visible_box,0,0,True,False,1,0.77864933,0.09470652,2,0.09916560,"[0.7692058682441711, 0.7786493301391602, 0.7619750499725342]","[0.08959013420384476, 0.094706517824991, 0.09916559691912709]",0.005054,outputs/c6_sam1_vit_h_pilot/predictions/198_0_p3_visible_box.png
198:0:p4_visible_points_box,198,C,Stage_3/Sigmoid/10/128153,0,50,p4_visible_points_box,1,0,True,False,2,0.79701030,0.10118306,2,0.10118306,"[0.7652137875556946, 0.7715039253234863, 0.7970103025436401]","[0.09776334776334776, 0.09943181818181818, 0.10118306351183064]",0.005740,outputs/c6_sam1_vit_h_pilot/predictions/198_0_p4_visible_points_box.png
198:0:p5_visible_points_negatives,198,C,Stage_3/Sigmoid/10/128153,0,50,p5_visible_points_negatives,1,0,False,False,0,0.82046711,0.05981036,1,0.08662559,"[0.8204671144485474, 0.7927310466766357, 0.6458249092102051]","[0.05981035740335521, 0.08662558898151504, 0.0041163674026109065]",0.005799,outputs/c6_sam1_vit_h_pilot/predictions/198_0_p5_visible_points_negatives.png
198:0:p6_visible_points_box_negatives,198,C,Stage_3/Sigmoid/10/128153,0,50,p6_visible_points_box_negatives,1,0,True,False,2,0.79701030,0.10118306,2,0.10118306,"[0.7652137875556946, 0.7715039253234863, 0.7970103025436401]","[0.09776334776334776, 0.09943181818181818, 0.10118306351183064]",0.005649,outputs/c6_sam1_vit_h_pilot/predictions/198_0_p6_visible_points_box_negatives.png
198:0:p7_shifted_entry_ablation,198,C,Stage_3/Sigmoid/10/128153,0,50,p7_shifted_entry_ablation,1,0,False,False,0,0.82046711,0.05981036,1,0.08662559,"[0.8204671144485474, 0.7927310466766357, 0.6458249092102051]","[0.05981035740335521, 0.08662558898151504, 0.0041163674026109065]",0.006062,outputs/c6_sam1_vit_h_pilot/predictions/198_0_p7_shifted_entry_ablation.png
5:0:p1_visible_points,5,B,Stage_3/Sigmoid/10/128543,0,100,p1_visible_points,3,0,False,False,1,0.96582270,0.89616919,1,0.89616919,"[0.8632637858390808, 0.965822696685791, 0.7981492280960083]","[0.5871083782992429, 0.8961691873026425, 0.07109554631522357]",0.020223,outputs/c6_sam1_vit_h_pilot/predictions/005_0_p1_visible_points.png
5:0:p2_visible_skeleton,5,B,Stage_3/Sigmoid/10/128543,0,100,p2_visible_skeleton,26,0,False,False,1,0.91528523,0.86286190,2,0.92074554,"[0.8875058889389038, 0.9152852296829224, 0.8697243928909302]","[0.6536174845084576, 0.8628619037700479, 0.9207455362665458]",0.006025,outputs/c6_sam1_vit_h_pilot/predictions/005_0_p2_visible_skeleton.png
5:0:p3_visible_box,5,B,Stage_3/Sigmoid/10/128543,0,100,p3_visible_box,0,0,True,False,1,0.96882761,0.88323901,2,0.91974158,"[0.9339186549186707, 0.9688276052474976, 0.9663498401641846]","[0.83160751565762, 0.8832390146471372, 0.9197415828053175]",0.004900,outputs/c6_sam1_vit_h_pilot/predictions/005_0_p3_visible_box.png
5:0:p4_visible_points_box,5,B,Stage_3/Sigmoid/10/128543,0,100,p4_visible_points_box,3,0,True,False,1,0.96693707,0.89292988,2,0.91710167,"[0.942486047744751, 0.9669370651245117, 0.9317139387130737]","[0.8543952605448705, 0.8929298807099214, 0.9171016654238131]",0.005684,outputs/c6_sam1_vit_h_pilot/predictions/005_0_p4_visible_points_box.png
5:0:p5_visible_points_negatives,5,B,Stage_3/Sigmoid/10/128543,0,100,p5_visible_points_negatives,3,1,False,False,1,0.95856667,0.89172451,2,0.92081031,"[0.8687731623649597, 0.9585666656494141, 0.8284305334091187]","[0.5761506276150627, 0.891724510578162, 0.9208103130755064]",0.005501,outputs/c6_sam1_vit_h_pilot/predictions/005_0_p5_visible_points_negatives.png
5:0:p6_visible_points_box_negatives,5,B,Stage_3/Sigmoid/10/128543,0,100,p6_visible_points_box_negatives,3,1,True,False,1,0.96738112,0.88979948,2,0.91104104,"[0.9441514015197754, 0.9673811197280884, 0.936225175857544]","[0.8407515657620042, 0.8897994841500957, 0.9110410356416746]",0.005761,outputs/c6_sam1_vit_h_pilot/predictions/005_0_p6_visible_points_box_negatives.png
5:0:p7_shifted_entry_ablation,5,B,Stage_3/Sigmoid/10/128543,0,100,p7_shifted_entry_ablation,3,0,False,False,1,0.96582270,0.89616919,1,0.89616919,"[0.8632637858390808, 0.965822696685791, 0.7981492280960083]","[0.5871083782992429, 0.8961691873026425, 0.07109554631522357]",0.005492,outputs/c6_sam1_vit_h_pilot/predictions/005_0_p7_shifted_entry_ablation.png
5:1:p1_visible_points,5,C,Stage_3/Sigmoid/10/128543,1,50,p1_visible_points,1,0,False,False,1,0.96219194,0.85304305,1,0.85304305,"[0.9551412463188171, 0.9621919393539429, 0.6503397226333618]","[0.4817042606516291, 0.8530430479960416, 0.00912316796292544]",0.005678,outputs/c6_sam1_vit_h_pilot/predictions/005_1_p1_visible_points.png
5:1:p2_visible_skeleton,5,C,Stage_3/Sigmoid/10/128543,1,50,p2_visible_skeleton,1,0,False,False,1,0.96219194,0.85304305,1,0.85304305,"[0.9551412463188171, 0.9621919393539429, 0.6503397226333618]","[0.4817042606516291, 0.8530430479960416, 0.00912316796292544]",0.005503,outputs/c6_sam1_vit_h_pilot/predictions/005_1_p2_visible_skeleton.png
5:1:p3_visible_box,5,C,Stage_3/Sigmoid/10/128543,1,50,p3_visible_box,0,0,True,False,2,0.75964451,0.06949013,0,0.11143984,"[0.6871892213821411, 0.7496212720870972, 0.7596445083618164]","[0.11143984220907298, 0.034653465346534656, 0.06949013157894737]",0.004902,outputs/c6_sam1_vit_h_pilot/predictions/005_1_p3_visible_box.png
5:1:p4_visible_points_box,5,C,Stage_3/Sigmoid/10/128543,1,50,p4_visible_points_box,1,0,True,False,2,0.75654590,0.09069586,0,0.13121951,"[0.7099493741989136, 0.7401474714279175, 0.756545901298523]","[0.13121951219512196, 0.04933110367892977, 0.0906958561376075]",0.005892,outputs/c6_sam1_vit_h_pilot/predictions/005_1_p4_visible_points_box.png
5:1:p5_visible_points_negatives,5,C,Stage_3/Sigmoid/10/128543,1,50,p5_visible_points_negatives,1,3,False,False,0,0.79184407,0.82909816,1,0.86650246,"[0.7918440699577332, 0.6081075668334961, 0.5952186584472656]","[0.8290981564524166, 0.8665024630541872, 6.139363552645042e-05]",0.005502,outputs/c6_sam1_vit_h_pilot/predictions/005_1_p5_visible_points_negatives.png
5:1:p6_visible_points_box_negatives,5,C,Stage_3/Sigmoid/10/128543,1,50,p6_visible_points_box_negatives,1,3,True,False,1,0.81864870,0.01360030,0,0.38047809,"[0.7630623579025269, 0.8186486959457397, 0.7700667381286621]","[0.3804780876494024, 0.01360030222893842, 0.04620586025544703]",0.005911,outputs/c6_sam1_vit_h_pilot/predictions/005_1_p6_visible_points_box_negatives.png
5:1:p7_shifted_entry_ablation,5,C,Stage_3/Sigmoid/10/128543,1,50,p7_shifted_entry_ablation,2,0,False,True,1,0.97255194,0.85260546,1,0.85260546,"[0.9463006258010864, 0.9725519418716431, 0.7938672304153442]","[0.47265429001505266, 0.852605459057072, 0.12158656471873293]",0.005489,outputs/c6_sam1_vit_h_pilot/predictions/005_1_p7_shifted_entry_ablation.png
168:0:p1_visible_points,168,C,Stage_3/Sigmoid/10/128943,0,50,p1_visible_points,2,0,False,False,2,0.83872569,0.01308075,0,0.78947368,"[0.6680729389190674, 0.6366065740585327, 0.8387256860733032]","[0.7894736842105263, 0.3825988150312475, 0.013080753792068462]",0.020506,outputs/c6_sam1_vit_h_pilot/predictions/168_0_p1_visible_points.png
168:0:p2_visible_skeleton,168,C,Stage_3/Sigmoid/10/128943,0,50,p2_visible_skeleton,2,0,False,False,2,0.83872569,0.01308075,0,0.78947368,"[0.6680729389190674, 0.6366065740585327, 0.8387256860733032]","[0.7894736842105263, 0.3825988150312475, 0.013080753792068462]",0.005482,outputs/c6_sam1_vit_h_pilot/predictions/168_0_p2_visible_skeleton.png
168:0:p3_visible_box,168,C,Stage_3/Sigmoid/10/128943,0,50,p3_visible_box,0,0,True,False,1,0.68999743,0.04243563,1,0.04243563,"[0.37650787830352783, 0.6899974346160889, 0.6744139790534973]","[0.0246546599055779, 0.04243562824621505, 0.03556520287193188]",0.005188,outputs/c6_sam1_vit_h_pilot/predictions/168_0_p3_visible_box.png
168:0:p4_visible_points_box,168,C,Stage_3/Sigmoid/10/128943,0,50,p4_visible_points_box,2,0,True,False,2,0.71558177,0.06382481,0,0.23486144,"[0.5667945742607117, 0.6604577302932739, 0.7155817747116089]","[0.23486144372220322, 0.06669133290167423, 0.06382481296758105]",0.005798,outputs/c6_sam1_vit_h_pilot/predictions/168_0_p4_visible_points_box.png
168:0:p5_visible_points_negatives,168,C,Stage_3/Sigmoid/10/128943,0,50,p5_visible_points_negatives,2,3,False,False,2,0.82373559,0.01334095,0,0.30434783,"[0.34308087825775146, 0.5596210956573486, 0.8237355947494507]","[0.30434782608695654, 0.22547832404940663, 0.013340952135679067]",0.005590,outputs/c6_sam1_vit_h_pilot/predictions/168_0_p5_visible_points_negatives.png
168:0:p6_visible_points_box_negatives,168,C,Stage_3/Sigmoid/10/128943,0,50,p6_visible_points_box_negatives,2,3,True,False,2,0.77917004,0.02917135,0,0.20975797,"[0.6836968064308167, 0.7235549688339233, 0.779170036315918]","[0.2097579715712639, 0.027195552550522126, 0.029171349749667928]",0.006593,outputs/c6_sam1_vit_h_pilot/predictions/168_0_p6_visible_points_box_negatives.png
168:0:p7_shifted_entry_ablation,168,C,Stage_3/Sigmoid/10/128943,0,50,p7_shifted_entry_ablation,3,0,False,True,2,0.81953454,0.01352152,0,0.78916010,"[0.7803700566291809, 0.6961334943771362, 0.8195345401763916]","[0.7891600999423409, 0.41506366838255215, 0.01352151942847186]",0.006305,outputs/c6_sam1_vit_h_pilot/predictions/168_0_p7_shifted_entry_ablation.png
168:1:p1_visible_points,168,B,Stage_3/Sigmoid/10/128943,1,100,p1_visible_points,3,0,False,False,1,0.97512770,0.59962904,0,0.82314717,"[0.8703859448432922, 0.9751276969909668, 0.9017415046691895]","[0.8231471650031854, 0.5996290408055114, 0.18957041045268577]",0.005596,outputs/c6_sam1_vit_h_pilot/predictions/168_1_p1_visible_points.png
168:1:p2_visible_skeleton,168,B,Stage_3/Sigmoid/10/128943,1,100,p2_visible_skeleton,16,0,False,False,0,0.92964143,0.47055055,2,0.84559872,"[0.9296414256095886, 0.9100273847579956, 0.9262367486953735]","[0.47055054884038783, 0.6915991471215351, 0.8455987245112024]",0.005804,outputs/c6_sam1_vit_h_pilot/predictions/168_1_p2_visible_skeleton.png
168:1:p3_visible_box,168,B,Stage_3/Sigmoid/10/128943,1,100,p3_visible_box,0,0,True,False,2,0.96355951,0.86852288,2,0.86852288,"[0.9443097710609436, 0.9623972177505493, 0.9635595083236694]","[0.7000981605565276, 0.7739597544338336, 0.8685228802153432]",0.004882,outputs/c6_sam1_vit_h_pilot/predictions/168_1_p3_visible_box.png
168:1:p4_visible_points_box,168,B,Stage_3/Sigmoid/10/128943,1,100,p4_visible_points_box,3,0,True,False,2,0.96115363,0.89499267,2,0.89499267,"[0.9391098022460938, 0.960909366607666, 0.9611536264419556]","[0.7188739603326936, 0.796416106239891, 0.8949926670856904]",0.005924,outputs/c6_sam1_vit_h_pilot/predictions/168_1_p4_visible_points_box.png
168:1:p5_visible_points_negatives,168,B,Stage_3/Sigmoid/10/128943,1,100,p5_visible_points_negatives,3,2,False,False,1,0.96500635,0.59868072,0,0.81708513,"[0.9225031733512878, 0.9650063514709473, 0.916460394859314]","[0.8170851272432755, 0.5986807248066123, 0.5740297316172802]",0.005526,outputs/c6_sam1_vit_h_pilot/predictions/168_1_p5_visible_points_negatives.png
168:1:p6_visible_points_box_negatives,168,B,Stage_3/Sigmoid/10/128943,1,100,p6_visible_points_box_negatives,3,2,True,False,2,0.95320618,0.90067523,2,0.90067523,"[0.9338366389274597, 0.9529491662979126, 0.9532061815261841]","[0.7353543105653619, 0.80756291785547, 0.900675225075025]",0.005682,outputs/c6_sam1_vit_h_pilot/predictions/168_1_p6_visible_points_box_negatives.png
168:1:p7_shifted_entry_ablation,168,B,Stage_3/Sigmoid/10/128943,1,100,p7_shifted_entry_ablation,3,0,False,False,1,0.97512770,0.59962904,0,0.82314717,"[0.8703859448432922, 0.9751276969909668, 0.9017415046691895]","[0.8231471650031854, 0.5996290408055114, 0.18957041045268577]",0.005559,outputs/c6_sam1_vit_h_pilot/predictions/168_1_p7_shifted_entry_ablation.png
135:0:p1_visible_points,135,B,Stage_3/Sigmoid/10/129343,0,50,p1_visible_points,3,0,False,False,2,0.99101031,0.05613312,0,0.75032232,"[0.5965254902839661, 0.9433077573776245, 0.991010308265686]","[0.7503223179751646, 0.13041467995954342, 0.05613312078011729]",0.020354,outputs/c6_sam1_vit_h_pilot/predictions/135_0_p1_visible_points.png
135:0:p2_visible_skeleton,135,B,Stage_3/Sigmoid/10/129343,0,50,p2_visible_skeleton,20,0,False,False,2,0.89541757,0.69663337,2,0.69663337,"[0.863286554813385, 0.8824858665466309, 0.8954175710678101]","[0.33850862959138517, 0.5625482767499173, 0.6966333703292638]",0.006011,outputs/c6_sam1_vit_h_pilot/predictions/135_0_p2_visible_skeleton.png
135:0:p3_visible_box,135,B,Stage_3/Sigmoid/10/129343,0,50,p3_visible_box,0,0,True,False,1,0.94306481,0.56436372,2,0.60638950,"[0.9166862964630127, 0.94306480884552, 0.9406527280807495]","[0.41239852398523985, 0.5643637165863882, 0.6063894998737965]",0.004921,outputs/c6_sam1_vit_h_pilot/predictions/135_0_p3_visible_box.png
135:0:p4_visible_points_box,135,B,Stage_3/Sigmoid/10/129343,0,50,p4_visible_points_box,3,0,True,False,2,0.93720770,0.71537993,2,0.71537993,"[0.9047573208808899, 0.9370453357696533, 0.9372076988220215]","[0.564199757111839, 0.6394313560253545, 0.7153799348580837]",0.005658,outputs/c6_sam1_vit_h_pilot/predictions/135_0_p4_visible_points_box.png
135:0:p5_visible_points_negatives,135,B,Stage_3/Sigmoid/10/129343,0,50,p5_visible_points_negatives,3,4,False,False,2,0.92587805,0.05692458,0,0.38672073,"[0.6997031569480896, 0.8480439186096191, 0.9258780479431152]","[0.3867207298530157, 0.1411984841556421, 0.05692458407087088]",0.005488,outputs/c6_sam1_vit_h_pilot/predictions/135_0_p5_visible_points_negatives.png
135:0:p6_visible_points_box_negatives,135,B,Stage_3/Sigmoid/10/129343,0,50,p6_visible_points_box_negatives,3,4,True,False,2,0.92973065,0.73131654,2,0.73131654,"[0.850701630115509, 0.912246584892273, 0.9297306537628174]","[0.6239341050110672, 0.6114400584795322, 0.7313165384209972]",0.005700,outputs/c6_sam1_vit_h_pilot/predictions/135_0_p6_visible_points_box_negatives.png
135:0:p7_shifted_entry_ablation,135,B,Stage_3/Sigmoid/10/129343,0,50,p7_shifted_entry_ablation,3,0,False,False,2,0.99101031,0.05613312,0,0.75032232,"[0.5965254902839661, 0.9433077573776245, 0.991010308265686]","[0.7503223179751646, 0.13041467995954342, 0.05613312078011729]",0.005494,outputs/c6_sam1_vit_h_pilot/predictions/135_0_p7_shifted_entry_ablation.png
135:1:p1_visible_points,135,A,Stage_3/Sigmoid/10/129343,1,100,p1_visible_points,4,0,False,False,2,0.98096001,0.05709208,0,0.32217601,"[0.7340549826622009, 0.9582101106643677, 0.9809600114822388]","[0.32217600585988593, 0.08031725241941352, 0.05709207972822556]",0.005734,outputs/c6_sam1_vit_h_pilot/predictions/135_1_p1_visible_points.png
135:1:p2_visible_skeleton,135,A,Stage_3/Sigmoid/10/129343,1,100,p2_visible_skeleton,30,0,False,False,2,0.90454876,0.12425481,0,0.50735619,"[0.7921568751335144, 0.8439726829528809, 0.9045487642288208]","[0.5073561911978278, 0.38393370232586277, 0.12425480910045376]",0.006143,outputs/c6_sam1_vit_h_pilot/predictions/135_1_p2_visible_skeleton.png
135:1:p3_visible_box,135,A,Stage_3/Sigmoid/10/129343,1,100,p3_visible_box,0,0,True,False,2,0.95886207,0.33753751,2,0.33753751,"[0.8441720604896545, 0.928537130355835, 0.9588620662689209]","[0.27387399979034904, 0.3252437770647061, 0.3375375131803066]",0.004935,outputs/c6_sam1_vit_h_pilot/predictions/135_1_p3_visible_box.png
135:1:p4_visible_points_box,135,A,Stage_3/Sigmoid/10/129343,1,100,p4_visible_points_box,4,0,True,False,2,0.96655285,0.33982829,0,0.60740324,"[0.8197043538093567, 0.9462950229644775, 0.9665528535842896]","[0.6074032385971195, 0.3199300213823554, 0.3398282903637766]",0.005874,outputs/c6_sam1_vit_h_pilot/predictions/135_1_p4_visible_points_box.png
135:1:p5_visible_points_negatives,135,A,Stage_3/Sigmoid/10/129343,1,100,p5_visible_points_negatives,4,3,False,False,2,0.95628655,0.06134335,0,0.44263257,"[0.8438733220100403, 0.942740797996521, 0.9562865495681763]","[0.44263256924353084, 0.319056312315686, 0.06134335159888406]",0.005506,outputs/c6_sam1_vit_h_pilot/predictions/135_1_p5_visible_points_negatives.png
135:1:p6_visible_points_box_negatives,135,A,Stage_3/Sigmoid/10/129343,1,100,p6_visible_points_box_negatives,4,3,True,False,1,0.96512067,0.30482337,0,0.50737381,"[0.8790470957756042, 0.9651206731796265, 0.9634321928024292]","[0.5073738104513329, 0.3048233736534874, 0.33879093198992444]",0.006589,outputs/c6_sam1_vit_h_pilot/predictions/135_1_p6_visible_points_box_negatives.png
135:1:p7_shifted_entry_ablation,135,A,Stage_3/Sigmoid/10/129343,1,100,p7_shifted_entry_ablation,4,0,False,False,2,0.98096001,0.05709208,0,0.32217601,"[0.7340549826622009, 0.9582101106643677, 0.9809600114822388]","[0.32217600585988593, 0.08031725241941352, 0.05709207972822556]",0.005597,outputs/c6_sam1_vit_h_pilot/predictions/135_1_p7_shifted_entry_ablation.png
195:0:p1_visible_points,195,C,Stage_3/Sigmoid/10/17685,0,50,p1_visible_points,2,0,False,False,1,0.95058358,0.93058692,1,0.93058692,"[0.8723146915435791, 0.9505835771560669, 0.7124220132827759]","[0.7902446043165468, 0.9305869235827211, 0.116422810843649]",0.020208,outputs/c6_sam1_vit_h_pilot/predictions/195_0_p1_visible_points.png
195:0:p2_visible_skeleton,195,C,Stage_3/Sigmoid/10/17685,0,50,p2_visible_skeleton,2,0,False,False,1,0.95058358,0.93058692,1,0.93058692,"[0.8723146915435791, 0.9505835771560669, 0.7124220132827759]","[0.7902446043165468, 0.9305869235827211, 0.116422810843649]",0.005483,outputs/c6_sam1_vit_h_pilot/predictions/195_0_p2_visible_skeleton.png
195:0:p3_visible_box,195,C,Stage_3/Sigmoid/10/17685,0,50,p3_visible_box,0,0,True,False,1,0.94511366,0.35947619,2,0.36296254,"[0.894008457660675, 0.9451136589050293, 0.93857741355896]","[0.3277584337005537, 0.3594761918347551, 0.36296254062375277]",0.004859,outputs/c6_sam1_vit_h_pilot/predictions/195_0_p3_visible_box.png
195:0:p4_visible_points_box,195,C,Stage_3/Sigmoid/10/17685,0,50,p4_visible_points_box,2,0,True,False,2,0.95039880,0.46889707,2,0.46889707,"[0.8935384154319763, 0.9421817064285278, 0.9503988027572632]","[0.417877447883765, 0.4448, 0.4688970651150851]",0.005718,outputs/c6_sam1_vit_h_pilot/predictions/195_0_p4_visible_points_box.png
195:0:p5_visible_points_negatives,195,C,Stage_3/Sigmoid/10/17685,0,50,p5_visible_points_negatives,2,0,False,False,1,0.95058358,0.93058692,1,0.93058692,"[0.8723146915435791, 0.9505835771560669, 0.7124220132827759]","[0.7902446043165468, 0.9305869235827211, 0.116422810843649]",0.005502,outputs/c6_sam1_vit_h_pilot/predictions/195_0_p5_visible_points_negatives.png
195:0:p6_visible_points_box_negatives,195,C,Stage_3/Sigmoid/10/17685,0,50,p6_visible_points_box_negatives,2,0,True,False,2,0.95039880,0.46889707,2,0.46889707,"[0.8935384154319763, 0.9421817064285278, 0.9503988027572632]","[0.417877447883765, 0.4448, 0.4688970651150851]",0.006034,outputs/c6_sam1_vit_h_pilot/predictions/195_0_p6_visible_points_box_negatives.png
195:0:p7_shifted_entry_ablation,195,C,Stage_3/Sigmoid/10/17685,0,50,p7_shifted_entry_ablation,3,0,False,True,1,0.96372640,0.92759508,1,0.92759508,"[0.930091142654419, 0.9637264013290405, 0.7982567548751831]","[0.7031673686032424, 0.9275950814984272, 0.1633089949921633]",0.005721,outputs/c6_sam1_vit_h_pilot/predictions/195_0_p7_shifted_entry_ablation.png
163:0:p1_visible_points,163,C,Stage_3/Sigmoid/10/217958,0,50,p1_visible_points,1,0,False,False,1,0.94296277,0.91865296,1,0.91865296,"[0.9420774579048157, 0.9429627656936646, 0.8766683340072632]","[0.7250491373662372, 0.9186529630439536, 0.4620253164556962]",0.020495,outputs/c6_sam1_vit_h_pilot/predictions/163_0_p1_visible_points.png
163:0:p2_visible_skeleton,163,C,Stage_3/Sigmoid/10/217958,0,50,p2_visible_skeleton,1,0,False,False,1,0.94296277,0.91865296,1,0.91865296,"[0.9420774579048157, 0.9429627656936646, 0.8766683340072632]","[0.7250491373662372, 0.9186529630439536, 0.4620253164556962]",0.005588,outputs/c6_sam1_vit_h_pilot/predictions/163_0_p2_visible_skeleton.png
163:0:p3_visible_box,163,C,Stage_3/Sigmoid/10/217958,0,50,p3_visible_box,0,0,True,False,2,0.92882490,0.28855292,2,0.28855292,"[0.8502970337867737, 0.9168868064880371, 0.9288249015808105]","[0.2108446748757831, 0.2541001530723814, 0.28855291576673864]",0.005279,outputs/c6_sam1_vit_h_pilot/predictions/163_0_p3_visible_box.png
163:0:p4_visible_points_box,163,C,Stage_3/Sigmoid/10/217958,0,50,p4_visible_points_box,1,0,True,False,2,0.93872416,0.29658452,2,0.29658452,"[0.8764781355857849, 0.9269145727157593, 0.938724160194397]","[0.21895283427087842, 0.2588621444201313, 0.2965845222654561]",0.005897,outputs/c6_sam1_vit_h_pilot/predictions/163_0_p4_visible_points_box.png
163:0:p5_visible_points_negatives,163,C,Stage_3/Sigmoid/10/217958,0,50,p5_visible_points_negatives,1,0,False,False,1,0.94296277,0.91865296,1,0.91865296,"[0.9420774579048157, 0.9429627656936646, 0.8766683340072632]","[0.7250491373662372, 0.9186529630439536, 0.4620253164556962]",0.005603,outputs/c6_sam1_vit_h_pilot/predictions/163_0_p5_visible_points_negatives.png
163:0:p6_visible_points_box_negatives,163,C,Stage_3/Sigmoid/10/217958,0,50,p6_visible_points_box_negatives,1,0,True,False,2,0.93872416,0.29658452,2,0.29658452,"[0.8764781355857849, 0.9269145727157593, 0.938724160194397]","[0.21895283427087842, 0.2588621444201313, 0.2965845222654561]",0.005918,outputs/c6_sam1_vit_h_pilot/predictions/163_0_p6_visible_points_box_negatives.png
163:0:p7_shifted_entry_ablation,163,C,Stage_3/Sigmoid/10/217958,0,50,p7_shifted_entry_ablation,2,0,False,True,1,0.95827830,0.92403405,1,0.92403405,"[0.9561050534248352, 0.9582782983779907, 0.878496527671814]","[0.7511470395455538, 0.9240340537000655, 0.46472297157086534]",0.005565,outputs/c6_sam1_vit_h_pilot/predictions/163_0_p7_shifted_entry_ablation.png
128:0:p1_visible_points,128,B,Stage_3/Sigmoid/10/24000,0,50,p1_visible_points,3,0,False,False,1,0.98563015,0.95430760,1,0.95430760,"[0.7566149830818176, 0.9856301546096802, 0.8221840858459473]","[0.12446313794022688, 0.9543075978600871, 0.770591315939821]",0.020584,outputs/c6_sam1_vit_h_pilot/predictions/128_0_p1_visible_points.png
128:0:p2_visible_skeleton,128,B,Stage_3/Sigmoid/10/24000,0,50,p2_visible_skeleton,28,0,False,False,1,0.96711731,0.95228258,1,0.95228258,"[0.9603423476219177, 0.9671173095703125, 0.9208358526229858]","[0.9412370527306968, 0.9522825802321859, 0.9377057627894994]",0.006226,outputs/c6_sam1_vit_h_pilot/predictions/128_0_p2_visible_skeleton.png
128:0:p3_visible_box,128,B,Stage_3/Sigmoid/10/24000,0,50,p3_visible_box,0,0,True,False,1,0.99805748,0.95551981,2,0.95589008,"[0.9927287697792053, 0.99805748462677, 0.9936367273330688]","[0.9538289941002084, 0.9555198128381343, 0.955890075266935]",0.005585,outputs/c6_sam1_vit_h_pilot/predictions/128_0_p3_visible_box.png
128:0:p4_visible_points_box,128,B,Stage_3/Sigmoid/10/24000,0,50,p4_visible_points_box,3,0,True,False,1,0.99208939,0.95390776,2,0.95512764,"[0.9799533486366272, 0.9920893907546997, 0.9680593013763428]","[0.9544081860028734, 0.953907757058514, 0.955127644055434]",0.005918,outputs/c6_sam1_vit_h_pilot/predictions/128_0_p4_visible_points_box.png
128:0:p5_visible_points_negatives,128,B,Stage_3/Sigmoid/10/24000,0,50,p5_visible_points_negatives,3,3,False,False,1,0.96955812,0.95334739,1,0.95334739,"[0.7884449362754822, 0.9695581197738647, 0.8913874626159668]","[0.04778813433939932, 0.9533473906167633, 0.9453801307343501]",0.005640,outputs/c6_sam1_vit_h_pilot/predictions/128_0_p5_visible_points_negatives.png
128:0:p6_visible_points_box_negatives,128,B,Stage_3/Sigmoid/10/24000,0,50,p6_visible_points_box_negatives,3,3,True,False,1,0.98813236,0.95306099,2,0.95306111,"[0.9669796824455261, 0.9881323575973511, 0.9600104093551636]","[0.9528346133552207, 0.9530609856022475, 0.9530611052693072]",0.005829,outputs/c6_sam1_vit_h_pilot/predictions/128_0_p6_visible_points_box_negatives.png
128:0:p7_shifted_entry_ablation,128,B,Stage_3/Sigmoid/10/24000,0,50,p7_shifted_entry_ablation,3,0,False,False,1,0.98563015,0.95430760,1,0.95430760,"[0.7566149830818176, 0.9856301546096802, 0.8221840858459473]","[0.12446313794022688, 0.9543075978600871, 0.770591315939821]",0.005829,outputs/c6_sam1_vit_h_pilot/predictions/128_0_p7_shifted_entry_ablation.png
128:1:p1_visible_points,128,B,Stage_3/Sigmoid/10/24000,1,100,p1_visible_points,3,0,False,False,1,0.98988175,0.91160636,1,0.91160636,"[0.8770270347595215, 0.9898817539215088, 0.8684303760528564]","[0.6940148371683641, 0.9116063603355452, 0.2832840379670978]",0.005741,outputs/c6_sam1_vit_h_pilot/predictions/128_1_p1_visible_points.png
128:1:p2_visible_skeleton,128,B,Stage_3/Sigmoid/10/24000,1,100,p2_visible_skeleton,19,0,False,False,1,0.96204925,0.91400815,2,0.92198937,"[0.9203653931617737, 0.9620492458343506, 0.9079078435897827]","[0.77829476861167, 0.9140081479160138, 0.9219893650297154]",0.005857,outputs/c6_sam1_vit_h_pilot/predictions/128_1_p2_visible_skeleton.png
128:1:p3_visible_box,128,B,Stage_3/Sigmoid/10/24000,1,100,p3_visible_box,0,0,True,False,1,0.99407005,0.91209824,2,0.91983730,"[0.9751704335212708, 0.9940700531005859, 0.9932010173797607]","[0.9053544494720965, 0.9120982394586805, 0.919837296620776]",0.004949,outputs/c6_sam1_vit_h_pilot/predictions/128_1_p3_visible_box.png
128:1:p4_visible_points_box,128,B,Stage_3/Sigmoid/10/24000,1,100,p4_visible_points_box,3,0,True,False,1,0.98824990,0.91191385,2,0.91973725,"[0.964648425579071, 0.9882498979568481, 0.9666805267333984]","[0.9058166530714689, 0.9119138546296875, 0.9197372536753207]",0.006249,outputs/c6_sam1_vit_h_pilot/predictions/128_1_p4_visible_points_box.png
128:1:p5_visible_points_negatives,128,B,Stage_3/Sigmoid/10/24000,1,100,p5_visible_points_negatives,3,3,False,False,1,0.97460377,0.90393888,1,0.90393888,"[0.8867889046669006, 0.9746037721633911, 0.8947256803512573]","[0.7394693826229096, 0.9039388815830672, 0.6600584510472479]",0.005615,outputs/c6_sam1_vit_h_pilot/predictions/128_1_p5_visible_points_negatives.png
128:1:p6_visible_points_box_negatives,128,B,Stage_3/Sigmoid/10/24000,1,100,p6_visible_points_box_negatives,3,3,True,False,1,0.98296678,0.90831089,2,0.91848608,"[0.9637058973312378, 0.9829667806625366, 0.9747891426086426]","[0.9031853523952846, 0.908310891213127, 0.9184860807006568]",0.005815,outputs/c6_sam1_vit_h_pilot/predictions/128_1_p6_visible_points_box_negatives.png
128:1:p7_shifted_entry_ablation,128,B,Stage_3/Sigmoid/10/24000,1,100,p7_shifted_entry_ablation,3,0,False,False,1,0.98988175,0.91160636,1,0.91160636,"[0.8770270347595215, 0.9898817539215088, 0.8684303760528564]","[0.6940148371683641, 0.9116063603355452, 0.2832840379670978]",0.005543,outputs/c6_sam1_vit_h_pilot/predictions/128_1_p7_shifted_entry_ablation.png
193:0:p1_visible_points,193,C,Stage_3/Sigmoid/10/36144,0,50,p1_visible_points,2,0,False,False,1,0.94777882,0.74855252,1,0.74855252,"[0.8670856356620789, 0.9477788209915161, 0.9185056686401367]","[0.5788488535329902, 0.7485525227460711, 0.7463796477495107]",0.020479,outputs/c6_sam1_vit_h_pilot/predictions/193_0_p1_visible_points.png
193:0:p2_visible_skeleton,193,C,Stage_3/Sigmoid/10/36144,0,50,p2_visible_skeleton,2,0,False,False,1,0.94777882,0.74855252,1,0.74855252,"[0.8670856356620789, 0.9477788209915161, 0.9185056686401367]","[0.5788488535329902, 0.7485525227460711, 0.7463796477495107]",0.005642,outputs/c6_sam1_vit_h_pilot/predictions/193_0_p2_visible_skeleton.png
193:0:p3_visible_box,193,C,Stage_3/Sigmoid/10/36144,0,50,p3_visible_box,0,0,True,False,2,0.96647966,0.76312576,0,0.77093275,"[0.9394564032554626, 0.9645427465438843, 0.9664796590805054]","[0.7709327548806941, 0.7568464730290456, 0.7631257631257631]",0.005050,outputs/c6_sam1_vit_h_pilot/predictions/193_0_p3_visible_box.png
193:0:p4_visible_points_box,193,C,Stage_3/Sigmoid/10/36144,0,50,p4_visible_points_box,2,0,True,False,2,0.97046661,0.76410881,2,0.76410881,"[0.9183538556098938, 0.9630587100982666, 0.9704666137695312]","[0.7314655172413793, 0.7635386523356759, 0.7641088103938287]",0.006089,outputs/c6_sam1_vit_h_pilot/predictions/193_0_p4_visible_points_box.png
193:0:p5_visible_points_negatives,193,C,Stage_3/Sigmoid/10/36144,0,50,p5_visible_points_negatives,2,6,False,False,1,0.90741301,0.75294118,0,0.76020627,"[0.8867351412773132, 0.9074130058288574, 0.6894354820251465]","[0.7602062741727547, 0.7529411764705882, 0.0011018498113892381]",0.005655,outputs/c6_sam1_vit_h_pilot/predictions/193_0_p5_visible_points_negatives.png
193:0:p6_visible_points_box_negatives,193,C,Stage_3/Sigmoid/10/36144,0,50,p6_visible_points_box_negatives,2,6,True,False,1,0.95743155,0.75298477,0,0.75796980,"[0.9227702021598816, 0.9574315547943115, 0.9416487216949463]","[0.7579697986577181, 0.7529847673939893, 0.7575270975511843]",0.005832,outputs/c6_sam1_vit_h_pilot/predictions/193_0_p6_visible_points_box_negatives.png
193:0:p7_shifted_entry_ablation,193,C,Stage_3/Sigmoid/10/36144,0,50,p7_shifted_entry_ablation,3,0,False,True,1,0.96198487,0.75083752,2,0.75669100,"[0.8882683515548706, 0.9619848728179932, 0.9553643465042114]","[0.5698630136986301, 0.7508375209380235, 0.7566909975669099]",0.005656,outputs/c6_sam1_vit_h_pilot/predictions/193_0_p7_shifted_entry_ablation.png
193:1:p1_visible_points,193,B,Stage_3/Sigmoid/10/36144,1,100,p1_visible_points,3,0,False,False,1,0.91683805,0.86015006,1,0.86015006,"[0.8909843564033508, 0.9168380498886108, 0.7404273748397827]","[0.48936475483338715, 0.8601500551150304, 0.1675615986215014]",0.005541,outputs/c6_sam1_vit_h_pilot/predictions/193_1_p1_visible_points.png
193:1:p2_visible_skeleton,193,B,Stage_3/Sigmoid/10/36144,1,100,p2_visible_skeleton,28,0,False,False,2,0.90300775,0.81824341,1,0.84174092,"[0.785361111164093, 0.855459451675415, 0.9030077457427979]","[0.5448456134618527, 0.8417409208704605, 0.8182434119031488]",0.005987,outputs/c6_sam1_vit_h_pilot/predictions/193_1_p2_visible_skeleton.png
193:1:p3_visible_box,193,B,Stage_3/Sigmoid/10/36144,1,100,p3_visible_box,0,0,True,False,2,0.92575920,0.64146983,1,0.80319581,"[0.875370442867279, 0.9002954959869385, 0.9257591962814331]","[0.46023743116641636, 0.8031958143316718, 0.6414698295483283]",0.005557,outputs/c6_sam1_vit_h_pilot/predictions/193_1_p3_visible_box.png
193:1:p4_visible_points_box,193,B,Stage_3/Sigmoid/10/36144,1,100,p4_visible_points_box,3,0,True,False,2,0.92635381,0.67369769,1,0.84685037,"[0.8944036364555359, 0.920843243598938, 0.9263538122177124]","[0.5606255815618066, 0.8468503657410695, 0.6736976920463159]",0.005942,outputs/c6_sam1_vit_h_pilot/predictions/193_1_p4_visible_points_box.png
193:1:p5_visible_points_negatives,193,B,Stage_3/Sigmoid/10/36144,1,100,p5_visible_points_negatives,3,5,False,False,0,0.83361787,0.48527037,1,0.83826402,"[0.8336178660392761, 0.8186215162277222, 0.8018039464950562]","[0.4852703720980301, 0.8382640196043613, 0.5847925540306042]",0.005740,outputs/c6_sam1_vit_h_pilot/predictions/193_1_p5_visible_points_negatives.png
193:1:p6_visible_points_box_negatives,193,B,Stage_3/Sigmoid/10/36144,1,100,p6_visible_points_box_negatives,3,5,True,False,2,0.89007819,0.72987832,1,0.84081734,"[0.8689215779304504, 0.8495588302612305, 0.8900781869888306]","[0.518737460590427, 0.8408173383384092, 0.7298783210538067]",0.005884,outputs/c6_sam1_vit_h_pilot/predictions/193_1_p6_visible_points_box_negatives.png
193:1:p7_shifted_entry_ablation,193,B,Stage_3/Sigmoid/10/36144,1,100,p7_shifted_entry_ablation,3,0,False,False,1,0.91683805,0.86015006,1,0.86015006,"[0.8909843564033508, 0.9168380498886108, 0.7404273748397827]","[0.48936475483338715, 0.8601500551150304, 0.1675615986215014]",0.005845,outputs/c6_sam1_vit_h_pilot/predictions/193_1_p7_shifted_entry_ablation.png
193:2:p1_visible_points,193,B,Stage_3/Sigmoid/10/36144,2,150,p1_visible_points,3,0,False,False,1,0.94519567,0.89164557,1,0.89164557,"[0.8580218553543091, 0.9451956748962402, 0.7919720411300659]","[0.6543400102722137, 0.8916455696202532, 0.14811468002957365]",0.005858,outputs/c6_sam1_vit_h_pilot/predictions/193_2_p1_visible_points.png
193:2:p2_visible_skeleton,193,B,Stage_3/Sigmoid/10/36144,2,150,p2_visible_skeleton,5,0,False,False,1,0.95419359,0.88945233,1,0.88945233,"[0.8871418833732605, 0.9541935920715332, 0.9280222654342651]","[0.7608024691358025, 0.8894523326572008, 0.14687172880264113]",0.005624,outputs/c6_sam1_vit_h_pilot/predictions/193_2_p2_visible_skeleton.png
193:2:p3_visible_box,193,B,Stage_3/Sigmoid/10/36144,2,150,p3_visible_box,0,0,True,False,1,0.96085024,0.90854271,2,0.92545365,"[0.9587116837501526, 0.9608502388000488, 0.949565052986145]","[0.8812436289500509, 0.9085427135678392, 0.9254536537518392]",0.005343,outputs/c6_sam1_vit_h_pilot/predictions/193_2_p3_visible_box.png
193:2:p4_visible_points_box,193,B,Stage_3/Sigmoid/10/36144,2,150,p4_visible_points_box,3,0,True,False,1,0.96307373,0.90604698,2,0.92056530,"[0.9609702229499817, 0.96307373046875, 0.9573014974594116]","[0.8815189873417721, 0.9060469765117442, 0.9205653021442495]",0.008884,outputs/c6_sam1_vit_h_pilot/predictions/193_2_p4_visible_points_box.png
193:2:p5_visible_points_negatives,193,B,Stage_3/Sigmoid/10/36144,2,150,p5_visible_points_negatives,3,5,False,False,0,0.91240513,0.88073394,1,0.90713929,"[0.9124051332473755, 0.9077664613723755, 0.7932754755020142]","[0.8807339449541285, 0.9071392910634049, 0.5247058823529411]",0.005752,outputs/c6_sam1_vit_h_pilot/predictions/193_2_p5_visible_points_negatives.png
193:2:p6_visible_points_box_negatives,193,B,Stage_3/Sigmoid/10/36144,2,150,p6_visible_points_box_negatives,3,5,True,False,1,0.93372047,0.90940423,2,0.91310680,"[0.9297754764556885, 0.9337204694747925, 0.9178111553192139]","[0.8887202832574608, 0.9094042343673068, 0.9131067961165048]",0.005908,outputs/c6_sam1_vit_h_pilot/predictions/193_2_p6_visible_points_box_negatives.png
193:2:p7_shifted_entry_ablation,193,B,Stage_3/Sigmoid/10/36144,2,150,p7_shifted_entry_ablation,3,0,False,False,1,0.94519567,0.89164557,1,0.89164557,"[0.8580218553543091, 0.9451956748962402, 0.7919720411300659]","[0.6543400102722137, 0.8916455696202532, 0.14811468002957365]",0.005829,outputs/c6_sam1_vit_h_pilot/predictions/193_2_p7_shifted_entry_ablation.png
62:0:p1_visible_points,62,C,Stage_3/Sigmoid/10/36194,0,50,p1_visible_points,2,0,False,False,1,0.93809569,0.82129904,1,0.82129904,"[0.8842318654060364, 0.9380956888198853, 0.9120573997497559]","[0.41755027422303476, 0.8212990438509726, 0.6779487179487179]",0.020526,outputs/c6_sam1_vit_h_pilot/predictions/062_0_p1_visible_points.png
62:0:p2_visible_skeleton,62,C,Stage_3/Sigmoid/10/36194,0,50,p2_visible_skeleton,2,0,False,False,1,0.93809569,0.82129904,1,0.82129904,"[0.8842318654060364, 0.9380956888198853, 0.9120573997497559]","[0.41755027422303476, 0.8212990438509726, 0.6779487179487179]",0.005647,outputs/c6_sam1_vit_h_pilot/predictions/062_0_p2_visible_skeleton.png
62:0:p3_visible_box,62,C,Stage_3/Sigmoid/10/36194,0,50,p3_visible_box,0,0,True,False,2,0.95461154,0.82141712,2,0.82141712,"[0.8477875590324402, 0.9242888689041138, 0.9546115398406982]","[0.7004294917680745, 0.7973813420621931, 0.8214171208720744]",0.005058,outputs/c6_sam1_vit_h_pilot/predictions/062_0_p3_visible_box.png
62:0:p4_visible_points_box,62,C,Stage_3/Sigmoid/10/36194,0,50,p4_visible_points_box,2,0,True,False,2,0.95521688,0.81100859,2,0.81100859,"[0.8688095211982727, 0.9344378709793091, 0.9552168846130371]","[0.6445451602460344, 0.7745980707395499, 0.8110085905186127]",0.006046,outputs/c6_sam1_vit_h_pilot/predictions/062_0_p4_visible_points_box.png
62:0:p5_visible_points_negatives,62,C,Stage_3/Sigmoid/10/36194,0,50,p5_visible_points_negatives,2,6,False,False,1,0.91249883,0.82541680,1,0.82541680,"[0.8979505896568298, 0.9124988317489624, 0.7944954633712769]","[0.8216704288939052, 0.8254167977351369, 0.00016094829606580244]",0.005659,outputs/c6_sam1_vit_h_pilot/predictions/062_0_p5_visible_points_negatives.png
62:0:p6_visible_points_box_negatives,62,C,Stage_3/Sigmoid/10/36194,0,50,p6_visible_points_box_negatives,2,6,True,False,2,0.94747937,0.81658842,2,0.81658842,"[0.8979213237762451, 0.9429088830947876, 0.9474793672561646]","[0.8091998704243603, 0.8147077713551703, 0.8165884194053208]",0.005859,outputs/c6_sam1_vit_h_pilot/predictions/062_0_p6_visible_points_box_negatives.png
62:0:p7_shifted_entry_ablation,62,C,Stage_3/Sigmoid/10/36194,0,50,p7_shifted_entry_ablation,3,0,False,True,1,0.95850897,0.82261787,1,0.82261787,"[0.8928014636039734, 0.9585089683532715, 0.9454190731048584]","[0.3997813411078717, 0.8226178700956149, 0.8188902743142145]",0.005608,outputs/c6_sam1_vit_h_pilot/predictions/062_0_p7_shifted_entry_ablation.png
62:1:p1_visible_points,62,B,Stage_3/Sigmoid/10/36194,1,100,p1_visible_points,3,0,False,False,1,0.96255040,0.82396556,2,0.89989538,"[0.8099330067634583, 0.9625504016876221, 0.9274905920028687]","[0.5236065887760966, 0.8239655584788328, 0.8998953775917824]",0.005615,outputs/c6_sam1_vit_h_pilot/predictions/062_1_p1_visible_points.png
62:1:p2_visible_skeleton,62,B,Stage_3/Sigmoid/10/36194,1,100,p2_visible_skeleton,27,0,False,False,1,0.91351140,0.84948138,2,0.88826736,"[0.8407835364341736, 0.9135113954544067, 0.910510778427124]","[0.7060061208875287, 0.8494813823431002, 0.8882673619341076]",0.006281,outputs/c6_sam1_vit_h_pilot/predictions/062_1_p2_visible_skeleton.png
62:1:p3_visible_box,62,B,Stage_3/Sigmoid/10/36194,1,100,p3_visible_box,0,0,True,False,1,0.96113777,0.83149237,2,0.90085941,"[0.950190007686615, 0.9611377716064453, 0.9505060911178589]","[0.788652889399158, 0.831492373165017, 0.9008594083851669]",0.005018,outputs/c6_sam1_vit_h_pilot/predictions/062_1_p3_visible_box.png
62:1:p4_visible_points_box,62,B,Stage_3/Sigmoid/10/36194,1,100,p4_visible_points_box,3,0,True,False,1,0.95916200,0.85935632,2,0.90703984,"[0.9457248449325562, 0.9591619968414307, 0.9362120628356934]","[0.8071291866028708, 0.8593563196403806, 0.9070398400685421]",0.005908,outputs/c6_sam1_vit_h_pilot/predictions/062_1_p4_visible_points_box.png
62:1:p5_visible_points_negatives,62,B,Stage_3/Sigmoid/10/36194,1,100,p5_visible_points_negatives,3,5,False,False,1,0.92194772,0.73255146,2,0.78306625,"[0.7737455368041992, 0.921947717666626, 0.8770178556442261]","[0.29921938604472964, 0.7325514600287218, 0.7830662520928008]",0.005589,outputs/c6_sam1_vit_h_pilot/predictions/062_1_p5_visible_points_negatives.png
62:1:p6_visible_points_box_negatives,62,B,Stage_3/Sigmoid/10/36194,1,100,p6_visible_points_box_negatives,3,5,True,False,1,0.94628716,0.80272662,2,0.86151492,"[0.9200801253318787, 0.9462871551513672, 0.9080791473388672]","[0.7276033690658499, 0.8027266204257355, 0.8615149196633511]",0.005827,outputs/c6_sam1_vit_h_pilot/predictions/062_1_p6_visible_points_box_negatives.png
62:1:p7_shifted_entry_ablation,62,B,Stage_3/Sigmoid/10/36194,1,100,p7_shifted_entry_ablation,3,0,False,False,1,0.96255040,0.82396556,2,0.89989538,"[0.8099330067634583, 0.9625504016876221, 0.9274905920028687]","[0.5236065887760966, 0.8239655584788328, 0.8998953775917824]",0.005541,outputs/c6_sam1_vit_h_pilot/predictions/062_1_p7_shifted_entry_ablation.png
62:2:p1_visible_points,62,B,Stage_3/Sigmoid/10/36194,2,150,p1_visible_points,3,0,False,False,1,0.91314769,0.41460235,0,0.56745909,"[0.8291916251182556, 0.9131476879119873, 0.8735941648483276]","[0.5674590923124421, 0.41460234680573665, 0.02801551216902915]",0.005565,outputs/c6_sam1_vit_h_pilot/predictions/062_2_p1_visible_points.png
62:2:p2_visible_skeleton,62,B,Stage_3/Sigmoid/10/36194,2,150,p2_visible_skeleton,4,0,False,False,1,0.91691899,0.43284605,0,0.64647211,"[0.7982178330421448, 0.9169189929962158, 0.8822944164276123]","[0.6464721093461396, 0.43284604842393787, 0.027646181659826602]",0.005566,outputs/c6_sam1_vit_h_pilot/predictions/062_2_p2_visible_skeleton.png
62:2:p3_visible_box,62,B,Stage_3/Sigmoid/10/36194,2,150,p3_visible_box,0,0,True,False,2,0.93297732,0.74797062,0,0.76087952,"[0.8804304003715515, 0.9228063821792603, 0.9329773187637329]","[0.760879523591388, 0.7567343555739743, 0.7479706223424817]",0.004977,outputs/c6_sam1_vit_h_pilot/predictions/062_2_p3_visible_box.png
62:2:p4_visible_points_box,62,B,Stage_3/Sigmoid/10/36194,2,150,p4_visible_points_box,3,0,True,False,2,0.93902719,0.73845572,0,0.76913319,"[0.9142019152641296, 0.9361326694488525, 0.9390271902084351]","[0.7691331923890063, 0.7359748921145547, 0.738455715367146]",0.005840,outputs/c6_sam1_vit_h_pilot/predictions/062_2_p4_visible_points_box.png
62:2:p5_visible_points_negatives,62,B,Stage_3/Sigmoid/10/36194,2,150,p5_visible_points_negatives,3,5,False,False,2,0.85875940,0.01475278,0,0.37697289,"[0.8277986645698547, 0.7759777307510376, 0.8587594032287598]","[0.37697288547146907, 0.11526772393214345, 0.014752781361832655]",0.005677,outputs/c6_sam1_vit_h_pilot/predictions/062_2_p5_visible_points_negatives.png
62:2:p6_visible_points_box_negatives,62,B,Stage_3/Sigmoid/10/36194,2,150,p6_visible_points_box_negatives,3,5,True,False,2,0.92552185,0.48779285,0,0.62504219,"[0.8938048481941223, 0.9210169315338135, 0.9255218505859375]","[0.6250421869726629, 0.49499736703528174, 0.4877928483353884]",0.005895,outputs/c6_sam1_vit_h_pilot/predictions/062_2_p6_visible_points_box_negatives.png
62:2:p7_shifted_entry_ablation,62,B,Stage_3/Sigmoid/10/36194,2,150,p7_shifted_entry_ablation,3,0,False,False,1,0.91314769,0.41460235,0,0.56745909,"[0.8291916251182556, 0.9131476879119873, 0.8735941648483276]","[0.5674590923124421, 0.41460234680573665, 0.02801551216902915]",0.005604,outputs/c6_sam1_vit_h_pilot/predictions/062_2_p7_shifted_entry_ablation.png
112:0:p1_visible_points,112,C,Stage_3/Sigmoid/10/36466,0,50,p1_visible_points,1,0,False,False,0,0.97814029,0.72850123,1,0.76829055,"[0.9781402945518494, 0.9634616374969482, 0.7759064435958862]","[0.7285012285012284, 0.7682905535184215, 0.010978392343506104]",0.020298,outputs/c6_sam1_vit_h_pilot/predictions/112_0_p1_visible_points.png
112:0:p2_visible_skeleton,112,C,Stage_3/Sigmoid/10/36466,0,50,p2_visible_skeleton,1,0,False,False,0,0.97814029,0.72850123,1,0.76829055,"[0.9781402945518494, 0.9634616374969482, 0.7759064435958862]","[0.7285012285012284, 0.7682905535184215, 0.010978392343506104]",0.005584,outputs/c6_sam1_vit_h_pilot/predictions/112_0_p2_visible_skeleton.png
112:0:p3_visible_box,112,C,Stage_3/Sigmoid/10/36466,0,50,p3_visible_box,0,0,True,False,1,0.74845243,0.09285468,1,0.09285468,"[0.6428306698799133, 0.7484524250030518, 0.7169898748397827]","[0.048612308222720224, 0.09285467725233, 0.05830657427750549]",0.004997,outputs/c6_sam1_vit_h_pilot/predictions/112_0_p3_visible_box.png
112:0:p4_visible_points_box,112,C,Stage_3/Sigmoid/10/36466,0,50,p4_visible_points_box,1,0,True,False,1,0.83940578,0.13145133,1,0.13145133,"[0.7633816599845886, 0.8394057750701904, 0.8130049705505371]","[0.10933426038588563, 0.13145133356425356, 0.12610921501706485]",0.006069,outputs/c6_sam1_vit_h_pilot/predictions/112_0_p4_visible_points_box.png
112:0:p5_visible_points_negatives,112,C,Stage_3/Sigmoid/10/36466,0,50,p5_visible_points_negatives,1,0,False,False,0,0.97814029,0.72850123,1,0.76829055,"[0.9781402945518494, 0.9634616374969482, 0.7759064435958862]","[0.7285012285012284, 0.7682905535184215, 0.010978392343506104]",0.005653,outputs/c6_sam1_vit_h_pilot/predictions/112_0_p5_visible_points_negatives.png
112:0:p6_visible_points_box_negatives,112,C,Stage_3/Sigmoid/10/36466,0,50,p6_visible_points_box_negatives,1,0,True,False,1,0.83940578,0.13145133,1,0.13145133,"[0.7633816599845886, 0.8394057750701904, 0.8130049705505371]","[0.10933426038588563, 0.13145133356425356, 0.12610921501706485]",0.005808,outputs/c6_sam1_vit_h_pilot/predictions/112_0_p6_visible_points_box_negatives.png
112:0:p7_shifted_entry_ablation,112,C,Stage_3/Sigmoid/10/36466,0,50,p7_shifted_entry_ablation,2,0,False,True,0,0.97326696,0.73333333,1,0.77982289,"[0.9732669591903687, 0.963202953338623, 0.8015263080596924]","[0.7333333333333333, 0.779822885917694, 0.6036249014972419]",0.005712,outputs/c6_sam1_vit_h_pilot/predictions/112_0_p7_shifted_entry_ablation.png
170:0:p1_visible_points,170,C,Stage_3/Sigmoid/10/36469,0,50,p1_visible_points,1,0,False,False,0,0.98266309,0.91805226,1,0.91879840,"[0.982663094997406, 0.979586124420166, 0.670295000076294]","[0.9180522565320665, 0.9187984041304857, 0.2604126370083817]",0.020470,outputs/c6_sam1_vit_h_pilot/predictions/170_0_p1_visible_points.png
170:0:p2_visible_skeleton,170,C,Stage_3/Sigmoid/10/36469,0,50,p2_visible_skeleton,1,0,False,False,0,0.98266309,0.91805226,1,0.91879840,"[0.982663094997406, 0.979586124420166, 0.670295000076294]","[0.9180522565320665, 0.9187984041304857, 0.2604126370083817]",0.005861,outputs/c6_sam1_vit_h_pilot/predictions/170_0_p2_visible_skeleton.png
170:0:p3_visible_box,170,C,Stage_3/Sigmoid/10/36469,0,50,p3_visible_box,0,0,True,False,1,0.79910731,0.07488987,0,0.11074766,"[0.7559314966201782, 0.7991073131561279, 0.7616567611694336]","[0.11074766355140186, 0.07488986784140969, 0.010447761194029851]",0.005003,outputs/c6_sam1_vit_h_pilot/predictions/170_0_p3_visible_box.png
170:0:p4_visible_points_box,170,C,Stage_3/Sigmoid/10/36469,0,50,p4_visible_points_box,1,0,True,False,2,0.90182066,0.12777264,1,0.13297499,"[0.8418870568275452, 0.8985785245895386, 0.9018206596374512]","[0.08414918414918415, 0.13297499415751343, 0.12777264325323476]",0.005883,outputs/c6_sam1_vit_h_pilot/predictions/170_0_p4_visible_points_box.png
170:0:p5_visible_points_negatives,170,C,Stage_3/Sigmoid/10/36469,0,50,p5_visible_points_negatives,1,0,False,False,0,0.98266309,0.91805226,1,0.91879840,"[0.982663094997406, 0.979586124420166, 0.670295000076294]","[0.9180522565320665, 0.9187984041304857, 0.2604126370083817]",0.005599,outputs/c6_sam1_vit_h_pilot/predictions/170_0_p5_visible_points_negatives.png
170:0:p6_visible_points_box_negatives,170,C,Stage_3/Sigmoid/10/36469,0,50,p6_visible_points_box_negatives,1,0,True,False,2,0.90182066,0.12777264,1,0.13297499,"[0.8418870568275452, 0.8985785245895386, 0.9018206596374512]","[0.08414918414918415, 0.13297499415751343, 0.12777264325323476]",0.005852,outputs/c6_sam1_vit_h_pilot/predictions/170_0_p6_visible_points_box_negatives.png
170:0:p7_shifted_entry_ablation,170,C,Stage_3/Sigmoid/10/36469,0,50,p7_shifted_entry_ablation,2,0,False,True,0,0.97960836,0.91955650,1,0.92246799,"[0.9796083569526672, 0.973800539970398, 0.6885380744934082]","[0.9195564991743336, 0.9224679860302678, 0.20470325883128074]",0.005733,outputs/c6_sam1_vit_h_pilot/predictions/170_0_p7_shifted_entry_ablation.png
132:0:p1_visible_points,132,B,Stage_3/Sigmoid/10/49500,0,50,p1_visible_points,3,0,False,False,1,0.95870578,0.89334050,1,0.89334050,"[0.9510204195976257, 0.9587057828903198, 0.6983132362365723]","[0.8182152375700763, 0.8933405037196379, 0.440647323397125]",0.020719,outputs/c6_sam1_vit_h_pilot/predictions/132_0_p1_visible_points.png
132:0:p2_visible_skeleton,132,B,Stage_3/Sigmoid/10/49500,0,50,p2_visible_skeleton,15,0,False,False,2,0.95210207,0.41983028,1,0.87843137,"[0.9295843839645386, 0.9408334493637085, 0.9521020650863647]","[0.833197130663761, 0.8784313725490196, 0.4198302813756141]",0.005878,outputs/c6_sam1_vit_h_pilot/predictions/132_0_p2_visible_skeleton.png
132:0:p3_visible_box,132,B,Stage_3/Sigmoid/10/49500,0,50,p3_visible_box,0,0,True,False,2,0.96209288,0.86902593,1,0.88112846,"[0.908371090888977, 0.9528334140777588, 0.9620928764343262]","[0.8340873418890222, 0.8811284579567242, 0.8690259345997051]",0.005269,outputs/c6_sam1_vit_h_pilot/predictions/132_0_p3_visible_box.png
132:0:p4_visible_points_box,132,B,Stage_3/Sigmoid/10/49500,0,50,p4_visible_points_box,3,0,True,False,1,0.96683383,0.89328277,1,0.89328277,"[0.952924907207489, 0.9668338298797607, 0.9376739263534546]","[0.8503488799118619, 0.8932827735644637, 0.8485430408282542]",0.006125,outputs/c6_sam1_vit_h_pilot/predictions/132_0_p4_visible_points_box.png
132:0:p5_visible_points_negatives,132,B,Stage_3/Sigmoid/10/49500,0,50,p5_visible_points_negatives,3,2,False,False,1,0.93704057,0.89185751,1,0.89185751,"[0.927263081073761, 0.9370405673980713, 0.7049217224121094]","[0.8076392084675563, 0.8918575063613231, 0.4334676581778904]",0.005686,outputs/c6_sam1_vit_h_pilot/predictions/132_0_p5_visible_points_negatives.png
132:0:p6_visible_points_box_negatives,132,B,Stage_3/Sigmoid/10/49500,0,50,p6_visible_points_box_negatives,3,2,True,False,1,0.95609856,0.89721065,1,0.89721065,"[0.9483399987220764, 0.9560985565185547, 0.8960554599761963]","[0.825224894437305, 0.897210650244521, 0.8543205777371959]",0.006174,outputs/c6_sam1_vit_h_pilot/predictions/132_0_p6_visible_points_box_negatives.png
132:0:p7_shifted_entry_ablation,132,B,Stage_3/Sigmoid/10/49500,0,50,p7_shifted_entry_ablation,3,0,False,False,1,0.95870578,0.89334050,1,0.89334050,"[0.9510204195976257, 0.9587057828903198, 0.6983132362365723]","[0.8182152375700763, 0.8933405037196379, 0.440647323397125]",0.006467,outputs/c6_sam1_vit_h_pilot/predictions/132_0_p7_shifted_entry_ablation.png
132:1:p1_visible_points,132,B,Stage_3/Sigmoid/10/49500,1,100,p1_visible_points,2,0,False,False,0,1.00742853,0.93556539,1,0.94560426,"[1.007428526878357, 1.0008705854415894, 0.6466213464736938]","[0.9355653918610528, 0.9456042610505694, 0.6776319408535311]",0.005656,outputs/c6_sam1_vit_h_pilot/predictions/132_1_p1_visible_points.png
132:1:p2_visible_skeleton,132,B,Stage_3/Sigmoid/10/49500,1,100,p2_visible_skeleton,42,0,False,False,1,0.98022568,0.94748827,1,0.94748827,"[0.9663470983505249, 0.980225682258606, 0.7935844659805298]","[0.9298291278784909, 0.9474882704445768, 0.2577738588360743]",0.006186,outputs/c6_sam1_vit_h_pilot/predictions/132_1_p2_visible_skeleton.png
132:1:p3_visible_box,132,B,Stage_3/Sigmoid/10/49500,1,100,p3_visible_box,0,0,True,False,0,1.00172937,0.92992050,1,0.93842361,"[1.0017293691635132, 1.001052975654602, 0.9624584913253784]","[0.9299204999770231, 0.9384236076017213, 0.8850664243368385]",0.005149,outputs/c6_sam1_vit_h_pilot/predictions/132_1_p3_visible_box.png
132:1:p4_visible_points_box,132,B,Stage_3/Sigmoid/10/49500,1,100,p4_visible_points_box,2,0,True,False,0,1.00001764,0.93413696,1,0.94456858,"[1.0000176429748535, 0.9918293952941895, 0.6653590202331543]","[0.9341369644799118, 0.9445685776376603, 0.9360676248893771]",0.006139,outputs/c6_sam1_vit_h_pilot/predictions/132_1_p4_visible_points_box.png
132:1:p5_visible_points_negatives,132,B,Stage_3/Sigmoid/10/49500,1,100,p5_visible_points_negatives,2,3,False,False,0,0.99390656,0.93341809,1,0.94309989,"[0.993906557559967, 0.9878991842269897, 0.7971177101135254]","[0.9334180860188702, 0.9430998851894374, 0.8704177692941738]",0.005660,outputs/c6_sam1_vit_h_pilot/predictions/132_1_p5_visible_points_negatives.png
132:1:p6_visible_points_box_negatives,132,B,Stage_3/Sigmoid/10/49500,1,100,p6_visible_points_box_negatives,2,3,True,False,0,0.99374145,0.93192819,1,0.94109817,"[0.9937414526939392, 0.9779069423675537, 0.7578388452529907]","[0.931928190674591, 0.9410981748083779, 0.8447541672503152]",0.006185,outputs/c6_sam1_vit_h_pilot/predictions/132_1_p6_visible_points_box_negatives.png
132:1:p7_shifted_entry_ablation,132,B,Stage_3/Sigmoid/10/49500,1,100,p7_shifted_entry_ablation,2,0,False,False,0,1.00742853,0.93556539,1,0.94560426,"[1.007428526878357, 1.0008705854415894, 0.6466213464736938]","[0.9355653918610528, 0.9456042610505694, 0.6776319408535311]",0.005900,outputs/c6_sam1_vit_h_pilot/predictions/132_1_p7_shifted_entry_ablation.png
58:0:p1_visible_points,58,B,Stage_3/Sigmoid/10/55013,0,50,p1_visible_points,2,0,False,False,0,0.97679669,0.89063729,0,0.89063729,"[0.9767966866493225, 0.900850772857666, 0.5318371057510376]","[0.8906372934697089, 0.7377672549863682, 0.22179438623069478]",0.020428,outputs/c6_sam1_vit_h_pilot/predictions/058_0_p1_visible_points.png
58:0:p2_visible_skeleton,58,B,Stage_3/Sigmoid/10/55013,0,50,p2_visible_skeleton,12,0,False,False,0,0.96278059,0.90499082,2,0.92068334,"[0.9627805948257446, 0.9389327764511108, 0.8388961553573608]","[0.9049908224805524, 0.908781127129751, 0.9206833435021354]",0.005994,outputs/c6_sam1_vit_h_pilot/predictions/058_0_p2_visible_skeleton.png
58:0:p3_visible_box,58,B,Stage_3/Sigmoid/10/55013,0,50,p3_visible_box,0,0,True,False,1,0.98846817,0.88224495,2,0.89649445,"[0.9858981966972351, 0.9884681701660156, 0.9844616651535034]","[0.8679954541480899, 0.8822449514817728, 0.8964944488154559]",0.004923,outputs/c6_sam1_vit_h_pilot/predictions/058_0_p3_visible_box.png
58:0:p4_visible_points_box,58,B,Stage_3/Sigmoid/10/55013,0,50,p4_visible_points_box,2,0,True,False,1,0.98240101,0.89684413,2,0.90973436,"[0.9821668863296509, 0.9824010133743286, 0.9771984815597534]","[0.8821575312527319, 0.8968441297316199, 0.9097343586158686]",0.005667,outputs/c6_sam1_vit_h_pilot/predictions/058_0_p4_visible_points_box.png
58:0:p5_visible_points_negatives,58,B,Stage_3/Sigmoid/10/55013,0,50,p5_visible_points_negatives,2,1,False,False,0,0.97273606,0.89054987,0,0.89054987,"[0.9727360606193542, 0.9015836715698242, 0.5936412811279297]","[0.8905498732406679, 0.7293788552574954, 0.33825618660587436]",0.005463,outputs/c6_sam1_vit_h_pilot/predictions/058_0_p5_visible_points_negatives.png
58:0:p6_visible_points_box_negatives,58,B,Stage_3/Sigmoid/10/55013,0,50,p6_visible_points_box_negatives,2,1,True,False,0,0.98301429,0.88005945,2,0.90441241,"[0.9830142855644226, 0.9820297956466675, 0.9726786613464355]","[0.8800594457557479, 0.8954454060669639, 0.9044124071647007]",0.005690,outputs/c6_sam1_vit_h_pilot/predictions/058_0_p6_visible_points_box_negatives.png
58:0:p7_shifted_entry_ablation,58,B,Stage_3/Sigmoid/10/55013,0,50,p7_shifted_entry_ablation,2,0,False,False,0,0.97679669,0.89063729,0,0.89063729,"[0.9767966866493225, 0.900850772857666, 0.5318371057510376]","[0.8906372934697089, 0.7377672549863682, 0.22179438623069478]",0.005468,outputs/c6_sam1_vit_h_pilot/predictions/058_0_p7_shifted_entry_ablation.png
58:1:p1_visible_points,58,C,Stage_3/Sigmoid/10/55013,1,100,p1_visible_points,1,0,False,False,1,0.81065392,0.29199722,2,0.36668705,"[0.4786999821662903, 0.8106539249420166, 0.7719931602478027]","[0.2766732007840941, 0.29199721642310367, 0.36668704571700295]",0.005447,outputs/c6_sam1_vit_h_pilot/predictions/058_1_p1_visible_points.png
58:1:p2_visible_skeleton,58,C,Stage_3/Sigmoid/10/55013,1,100,p2_visible_skeleton,1,0,False,False,1,0.81065392,0.29199722,2,0.36668705,"[0.4786999821662903, 0.8106539249420166, 0.7719931602478027]","[0.2766732007840941, 0.29199721642310367, 0.36668704571700295]",0.005846,outputs/c6_sam1_vit_h_pilot/predictions/058_1_p2_visible_skeleton.png
58:1:p3_visible_box,58,C,Stage_3/Sigmoid/10/55013,1,100,p3_visible_box,0,0,True,False,1,0.64554286,0.02656920,1,0.02656920,"[0.5655202269554138, 0.6455428600311279, 0.6326992511749268]","[0.009268361185226793, 0.026569199409573346, 0.014937759336099586]",0.004935,outputs/c6_sam1_vit_h_pilot/predictions/058_1_p3_visible_box.png
58:1:p4_visible_points_box,58,C,Stage_3/Sigmoid/10/55013,1,100,p4_visible_points_box,1,0,True,False,1,0.69759166,0.02727784,1,0.02727784,"[0.6055701375007629, 0.6975916624069214, 0.6811004281044006]","[0.01678606545863183, 0.027277840269966255, 0.02180232558139535]",0.005779,outputs/c6_sam1_vit_h_pilot/predictions/058_1_p4_visible_points_box.png
58:1:p5_visible_points_negatives,58,C,Stage_3/Sigmoid/10/55013,1,100,p5_visible_points_negatives,1,2,False,False,1,0.85845494,0.27375511,1,0.27375511,"[0.4731060266494751, 0.8584549427032471, 0.7273021936416626]","[0.1269171239622907, 0.27375511185951407, 0.15333333333333332]",0.005463,outputs/c6_sam1_vit_h_pilot/predictions/058_1_p5_visible_points_negatives.png
58:1:p6_visible_points_box_negatives,58,C,Stage_3/Sigmoid/10/55013,1,100,p6_visible_points_box_negatives,1,2,True,False,2,0.70587087,0.01207377,1,0.02803673,"[0.6367511749267578, 0.7025552988052368, 0.7058708667755127]","[0.02366118305915296, 0.028036728113829117, 0.012073769404272256]",0.005693,outputs/c6_sam1_vit_h_pilot/predictions/058_1_p6_visible_points_box_negatives.png
58:1:p7_shifted_entry_ablation,58,C,Stage_3/Sigmoid/10/55013,1,100,p7_shifted_entry_ablation,2,0,False,True,0,0.92995238,0.82765152,0,0.82765152,"[0.9299523830413818, 0.8892422914505005, 0.6255359649658203]","[0.8276515151515151, 0.2753419852683269, 0.12871879513100887]",0.005433,outputs/c6_sam1_vit_h_pilot/predictions/058_1_p7_shifted_entry_ablation.png
166:0:p1_visible_points,166,B,Stage_3/Sigmoid/10/55063,0,50,p1_visible_points,2,0,False,False,0,0.97703964,0.88212955,0,0.88212955,"[0.977039635181427, 0.8420010805130005, 0.635735273361206]","[0.8821295500143308, 0.7137975463559465, 0.13052323610048147]",0.020346,outputs/c6_sam1_vit_h_pilot/predictions/166_0_p1_visible_points.png
166:0:p2_visible_skeleton,166,B,Stage_3/Sigmoid/10/55063,0,50,p2_visible_skeleton,14,0,False,False,1,0.97029316,0.90191302,1,0.90191302,"[0.9658089280128479, 0.9702931642532349, 0.8844815492630005]","[0.8810632657447875, 0.9019130185569965, 0.8620293382005002]",0.005902,outputs/c6_sam1_vit_h_pilot/predictions/166_0_p2_visible_skeleton.png
166:0:p3_visible_box,166,B,Stage_3/Sigmoid/10/55063,0,50,p3_visible_box,0,0,True,False,1,0.98814023,0.88032963,2,0.89153174,"[0.9857084155082703, 0.9881402254104614, 0.9824444055557251]","[0.8598968037838612, 0.8803296309566464, 0.8915317380713569]",0.005346,outputs/c6_sam1_vit_h_pilot/predictions/166_0_p3_visible_box.png
166:0:p4_visible_points_box,166,B,Stage_3/Sigmoid/10/55063,0,50,p4_visible_points_box,2,0,True,False,1,0.98325884,0.88864206,2,0.90574416,"[0.9823518395423889, 0.983258843421936, 0.9719839096069336]","[0.8718022214260122, 0.8886420637764242, 0.905744162727403]",0.005693,outputs/c6_sam1_vit_h_pilot/predictions/166_0_p4_visible_points_box.png
166:0:p5_visible_points_negatives,166,B,Stage_3/Sigmoid/10/55063,0,50,p5_visible_points_negatives,2,2,False,False,0,0.98349488,0.87559123,1,0.90050143,"[0.9834948778152466, 0.8940651416778564, 0.6662436723709106]","[0.8755912283216282, 0.9005014326647565, 0.10428673251196416]",0.005478,outputs/c6_sam1_vit_h_pilot/predictions/166_0_p5_visible_points_negatives.png
166:0:p6_visible_points_box_negatives,166,B,Stage_3/Sigmoid/10/55063,0,50,p6_visible_points_box_negatives,2,2,True,False,0,0.98508066,0.86992977,2,0.89678850,"[0.9850806593894958, 0.9841213226318359, 0.9605367183685303]","[0.8699297692417944, 0.8868505911859549, 0.8967884986767756]",0.005722,outputs/c6_sam1_vit_h_pilot/predictions/166_0_p6_visible_points_box_negatives.png
166:0:p7_shifted_entry_ablation,166,B,Stage_3/Sigmoid/10/55063,0,50,p7_shifted_entry_ablation,2,0,False,False,0,0.97703964,0.88212955,0,0.88212955,"[0.977039635181427, 0.8420010805130005, 0.635735273361206]","[0.8821295500143308, 0.7137975463559465, 0.13052323610048147]",0.005443,outputs/c6_sam1_vit_h_pilot/predictions/166_0_p7_shifted_entry_ablation.png
166:1:p1_visible_points,166,C,Stage_3/Sigmoid/10/55063,1,100,p1_visible_points,2,0,False,False,1,0.88139486,0.54089949,2,0.69819734,"[0.869472086429596, 0.8813948631286621, 0.677773118019104]","[0.1937506424092918, 0.5408994868699064, 0.6981973434535105]",0.005408,outputs/c6_sam1_vit_h_pilot/predictions/166_1_p1_visible_points.png
166:1:p2_visible_skeleton,166,C,Stage_3/Sigmoid/10/55063,1,100,p2_visible_skeleton,2,0,False,False,1,0.88139486,0.54089949,2,0.69819734,"[0.869472086429596, 0.8813948631286621, 0.677773118019104]","[0.1937506424092918, 0.5408994868699064, 0.6981973434535105]",0.005442,outputs/c6_sam1_vit_h_pilot/predictions/166_1_p2_visible_skeleton.png
166:1:p3_visible_box,166,C,Stage_3/Sigmoid/10/55063,1,100,p3_visible_box,0,0,True,False,1,0.83771217,0.15277212,1,0.15277212,"[0.829315721988678, 0.8377121686935425, 0.7259265184402466]","[0.14911740558292283, 0.15277211577660008, 0.14931629903183952]",0.004870,outputs/c6_sam1_vit_h_pilot/predictions/166_1_p3_visible_box.png
166:1:p4_visible_points_box,166,C,Stage_3/Sigmoid/10/55063,1,100,p4_visible_points_box,2,0,True,False,0,0.82389569,0.16819947,0,0.16819947,"[0.8238956928253174, 0.7946269512176514, 0.7681849002838135]","[0.16819946862865318, 0.15428571428571428, 0.10363418530351437]",0.005810,outputs/c6_sam1_vit_h_pilot/predictions/166_1_p4_visible_points_box.png
166:1:p5_visible_points_negatives,166,C,Stage_3/Sigmoid/10/55063,1,100,p5_visible_points_negatives,2,2,False,False,1,0.85246539,0.51896552,2,0.61748022,"[0.8378363847732544, 0.8524653911590576, 0.7168582677841187]","[0.19302038295243978, 0.5189655172413793, 0.6174802209284967]",0.005496,outputs/c6_sam1_vit_h_pilot/predictions/166_1_p5_visible_points_negatives.png
166:1:p6_visible_points_box_negatives,166,C,Stage_3/Sigmoid/10/55063,1,100,p6_visible_points_box_negatives,2,2,True,False,2,0.83444142,0.23168002,2,0.23168002,"[0.7978563904762268, 0.7901266813278198, 0.8344414234161377]","[0.2296198414311852, 0.1674726142307313, 0.231680015919606]",0.005673,outputs/c6_sam1_vit_h_pilot/predictions/166_1_p6_visible_points_box_negatives.png
166:1:p7_shifted_entry_ablation,166,C,Stage_3/Sigmoid/10/55063,1,100,p7_shifted_entry_ablation,3,0,False,True,1,0.93558443,0.52396678,1,0.52396678,"[0.9088633060455322, 0.9355844259262085, 0.6988847255706787]","[0.3797403659409179, 0.5239667767437206, 0.21310884378267297]",0.005457,outputs/c6_sam1_vit_h_pilot/predictions/166_1_p7_shifted_entry_ablation.png
108:0:p1_visible_points,108,B,Stage_3/Sigmoid/10/55688,0,50,p1_visible_points,2,0,False,False,1,0.96646369,0.65768067,1,0.65768067,"[0.7363924384117126, 0.9664636850357056, 0.9031193256378174]","[0.02406425702811245, 0.6576806659099508, 0.43933580728347693]",0.020441,outputs/c6_sam1_vit_h_pilot/predictions/108_0_p1_visible_points.png
108:0:p2_visible_skeleton,108,B,Stage_3/Sigmoid/10/55688,0,50,p2_visible_skeleton,15,0,False,False,0,0.95209914,0.83689415,0,0.83689415,"[0.9520991444587708, 0.9446969032287598, 0.9068089723587036]","[0.8368941521181785, 0.6640928447751415, 0.44838831054809986]",0.005937,outputs/c6_sam1_vit_h_pilot/predictions/108_0_p2_visible_skeleton.png
108:0:p3_visible_box,108,B,Stage_3/Sigmoid/10/55688,0,50,p3_visible_box,0,0,True,False,0,0.97653413,0.81315072,1,0.82494356,"[0.9765341281890869, 0.9693343639373779, 0.9456444978713989]","[0.8131507188894398, 0.8249435597046799, 0.6468474354786018]",0.005044,outputs/c6_sam1_vit_h_pilot/predictions/108_0_p3_visible_box.png
108:0:p4_visible_points_box,108,B,Stage_3/Sigmoid/10/55688,0,50,p4_visible_points_box,2,0,True,False,0,0.97087187,0.82541240,1,0.85981534,"[0.9708718657493591, 0.9560261964797974, 0.9312077760696411]","[0.8254123995830012, 0.8598153400518979, 0.6557422969187675]",0.005838,outputs/c6_sam1_vit_h_pilot/predictions/108_0_p4_visible_points_box.png
108:0:p5_visible_points_negatives,108,B,Stage_3/Sigmoid/10/55688,0,50,p5_visible_points_negatives,2,3,False,False,1,0.92287838,0.65590195,1,0.65590195,"[0.8215846419334412, 0.9228783845901489, 0.6974945068359375]","[0.061767379551217645, 0.6559019525606972, 0.1751213107267226]",0.005641,outputs/c6_sam1_vit_h_pilot/predictions/108_0_p5_visible_points_negatives.png
108:0:p6_visible_points_box_negatives,108,B,Stage_3/Sigmoid/10/55688,0,50,p6_visible_points_box_negatives,2,3,True,False,1,0.96123505,0.65370032,2,0.68069273,"[0.9521517157554626, 0.9612350463867188, 0.7994047403335571]","[0.6368090571781942, 0.6537003229883444, 0.680692728191465]",0.005823,outputs/c6_sam1_vit_h_pilot/predictions/108_0_p6_visible_points_box_negatives.png
108:0:p7_shifted_entry_ablation,108,B,Stage_3/Sigmoid/10/55688,0,50,p7_shifted_entry_ablation,2,0,False,False,1,0.96646369,0.65768067,1,0.65768067,"[0.7363924384117126, 0.9664636850357056, 0.9031193256378174]","[0.02406425702811245, 0.6576806659099508, 0.43933580728347693]",0.005544,outputs/c6_sam1_vit_h_pilot/predictions/108_0_p7_shifted_entry_ablation.png
108:1:p1_visible_points,108,B,Stage_3/Sigmoid/10/55688,1,100,p1_visible_points,3,0,False,False,0,0.94982904,0.75105327,1,0.76701277,"[0.9498290419578552, 0.924543023109436, 0.6762759685516357]","[0.7510532651218779, 0.767012773586315, 0.04300960390108401]",0.005786,outputs/c6_sam1_vit_h_pilot/predictions/108_1_p1_visible_points.png
108:1:p2_visible_skeleton,108,B,Stage_3/Sigmoid/10/55688,1,100,p2_visible_skeleton,17,0,False,False,1,0.94413793,0.76815076,1,0.76815076,"[0.9325507879257202, 0.9441379308700562, 0.8595311641693115]","[0.7330821401657875, 0.7681507620692244, 0.2235316345086555]",0.005877,outputs/c6_sam1_vit_h_pilot/predictions/108_1_p2_visible_skeleton.png
108:1:p3_visible_box,108,B,Stage_3/Sigmoid/10/55688,1,100,p3_visible_box,0,0,True,False,1,0.97298777,0.75497335,2,0.76865504,"[0.965060293674469, 0.9729877710342407, 0.9600391387939453]","[0.7393364928909952, 0.7549733503490729, 0.76865504079036]",0.005015,outputs/c6_sam1_vit_h_pilot/predictions/108_1_p3_visible_box.png
108:1:p4_visible_points_box,108,B,Stage_3/Sigmoid/10/55688,1,100,p4_visible_points_box,3,0,True,False,0,0.94570673,0.76583465,1,0.77479753,"[0.9457067251205444, 0.9094637632369995, 0.8668712377548218]","[0.7658346450790795, 0.7747975332491269, 0.679289865253209]",0.005878,outputs/c6_sam1_vit_h_pilot/predictions/108_1_p4_visible_points_box.png
108:1:p5_visible_points_negatives,108,B,Stage_3/Sigmoid/10/55688,1,100,p5_visible_points_negatives,3,2,False,False,0,0.92894959,0.74778029,1,0.76208623,"[0.9289495944976807, 0.8390728235244751, 0.6586406230926514]","[0.7477802859292701, 0.7620862287977285, 0.0433263399393235]",0.005580,outputs/c6_sam1_vit_h_pilot/predictions/108_1_p5_visible_points_negatives.png
108:1:p6_visible_points_box_negatives,108,B,Stage_3/Sigmoid/10/55688,1,100,p6_visible_points_box_negatives,3,2,True,False,0,0.93100750,0.76115486,0,0.76115486,"[0.9310075044631958, 0.8742371797561646, 0.8674898147583008]","[0.7611548556430446, 0.7575049302461471, 0.6182122971921212]",0.005797,outputs/c6_sam1_vit_h_pilot/predictions/108_1_p6_visible_points_box_negatives.png
108:1:p7_shifted_entry_ablation,108,B,Stage_3/Sigmoid/10/55688,1,100,p7_shifted_entry_ablation,3,0,False,False,0,0.94982904,0.75105327,1,0.76701277,"[0.9498290419578552, 0.924543023109436, 0.6762759685516357]","[0.7510532651218779, 0.767012773586315, 0.04300960390108401]",0.005724,outputs/c6_sam1_vit_h_pilot/predictions/108_1_p7_shifted_entry_ablation.png
66:0:p1_visible_points,66,B,Stage_3/Sigmoid/10/72017,0,50,p1_visible_points,3,0,False,False,1,0.98151362,0.94582263,1,0.94582263,"[0.971127450466156, 0.9815136194229126, 0.7722890377044678]","[0.9320228956826552, 0.945822627801896, 0.6240967498110356]",0.020576,outputs/c6_sam1_vit_h_pilot/predictions/066_0_p1_visible_points.png
66:0:p2_visible_skeleton,66,B,Stage_3/Sigmoid/10/72017,0,50,p2_visible_skeleton,27,0,False,False,1,0.95574129,0.94549220,1,0.94549220,"[0.9523564577102661, 0.955741286277771, 0.9381126165390015]","[0.9024227606134697, 0.9454922005816515, 0.6322553523706573]",0.006267,outputs/c6_sam1_vit_h_pilot/predictions/066_0_p2_visible_skeleton.png
66:0:p3_visible_box,66,B,Stage_3/Sigmoid/10/72017,0,50,p3_visible_box,0,0,True,False,1,0.98278368,0.93182121,2,0.94296847,"[0.9709751009941101, 0.9827836751937866, 0.9790389537811279]","[0.9010657193605683, 0.9318212082205157, 0.942968473255402]",0.005060,outputs/c6_sam1_vit_h_pilot/predictions/066_0_p3_visible_box.png
66:0:p4_visible_points_box,66,B,Stage_3/Sigmoid/10/72017,0,50,p4_visible_points_box,3,0,True,False,1,0.98662961,0.94255933,1,0.94255933,"[0.9745115637779236, 0.9866296052932739, 0.9626500606536865]","[0.9317536386226483, 0.9425593257928587, 0.8569073657124477]",0.006037,outputs/c6_sam1_vit_h_pilot/predictions/066_0_p4_visible_points_box.png
66:0:p5_visible_points_negatives,66,B,Stage_3/Sigmoid/10/72017,0,50,p5_visible_points_negatives,3,3,False,False,0,0.95720762,0.93033369,1,0.94204248,"[0.9572076201438904, 0.9038974046707153, 0.6979394555091858]","[0.9303336883209088, 0.9420424814864086, 0.4060379659983228]",0.005645,outputs/c6_sam1_vit_h_pilot/predictions/066_0_p5_visible_points_negatives.png
66:0:p6_visible_points_box_negatives,66,B,Stage_3/Sigmoid/10/72017,0,50,p6_visible_points_box_negatives,3,3,True,False,0,0.96931666,0.93587183,1,0.94614226,"[0.9693166613578796, 0.9445327520370483, 0.9063848257064819]","[0.9358718324235565, 0.9461422623793073, 0.731549815498155]",0.005823,outputs/c6_sam1_vit_h_pilot/predictions/066_0_p6_visible_points_box_negatives.png
66:0:p7_shifted_entry_ablation,66,B,Stage_3/Sigmoid/10/72017,0,50,p7_shifted_entry_ablation,3,0,False,False,1,0.98151362,0.94582263,1,0.94582263,"[0.971127450466156, 0.9815136194229126, 0.7722890377044678]","[0.9320228956826552, 0.945822627801896, 0.6240967498110356]",0.005566,outputs/c6_sam1_vit_h_pilot/predictions/066_0_p7_shifted_entry_ablation.png
66:1:p1_visible_points,66,B,Stage_3/Sigmoid/10/72017,1,100,p1_visible_points,3,0,False,False,1,0.96871185,0.83577505,1,0.83577505,"[0.8686344623565674, 0.9687118530273438, 0.9338109493255615]","[0.7593620791494389, 0.8357750472589792, 0.12321843267610764]",0.005554,outputs/c6_sam1_vit_h_pilot/predictions/066_1_p1_visible_points.png
66:1:p2_visible_skeleton,66,B,Stage_3/Sigmoid/10/72017,1,100,p2_visible_skeleton,13,0,False,False,2,0.95084274,0.85381981,2,0.85381981,"[0.9005681872367859, 0.9470930099487305, 0.9508427381515503]","[0.7002599243856332, 0.7958412098298677, 0.8538198134372417]",0.005886,outputs/c6_sam1_vit_h_pilot/predictions/066_1_p2_visible_skeleton.png
66:1:p3_visible_box,66,B,Stage_3/Sigmoid/10/72017,1,100,p3_visible_box,0,0,True,False,2,0.97079647,0.88759003,2,0.88759003,"[0.9591067433357239, 0.9699435234069824, 0.9707964658737183]","[0.807774102079395, 0.8407372400756143, 0.8875900342425316]",0.004986,outputs/c6_sam1_vit_h_pilot/predictions/066_1_p3_visible_box.png
66:1:p4_visible_points_box,66,B,Stage_3/Sigmoid/10/72017,1,100,p4_visible_points_box,3,0,True,False,2,0.97078061,0.89165585,2,0.89165585,"[0.9442830681800842, 0.9689277410507202, 0.970780611038208]","[0.834593572778828, 0.8438090737240076, 0.8916558479877257]",0.005806,outputs/c6_sam1_vit_h_pilot/predictions/066_1_p4_visible_points_box.png
66:1:p5_visible_points_negatives,66,B,Stage_3/Sigmoid/10/72017,1,100,p5_visible_points_negatives,3,3,False,False,1,0.94941390,0.82266068,1,0.82266068,"[0.8399505019187927, 0.9494138956069946, 0.9164807796478271]","[0.7563799621928167, 0.8226606805293005, 0.6146212884719746]",0.005643,outputs/c6_sam1_vit_h_pilot/predictions/066_1_p5_visible_points_negatives.png
66:1:p6_visible_points_box_negatives,66,B,Stage_3/Sigmoid/10/72017,1,100,p6_visible_points_box_negatives,3,3,True,False,2,0.96033752,0.87725930,2,0.87725930,"[0.9300771355628967, 0.9583057165145874, 0.9603375196456909]","[0.8202977315689981, 0.8340028355387523, 0.8772593030124041]",0.005823,outputs/c6_sam1_vit_h_pilot/predictions/066_1_p6_visible_points_box_negatives.png
66:1:p7_shifted_entry_ablation,66,B,Stage_3/Sigmoid/10/72017,1,100,p7_shifted_entry_ablation,3,0,False,False,1,0.96871185,0.83577505,1,0.83577505,"[0.8686344623565674, 0.9687118530273438, 0.9338109493255615]","[0.7593620791494389, 0.8357750472589792, 0.12321843267610764]",0.005781,outputs/c6_sam1_vit_h_pilot/predictions/066_1_p7_shifted_entry_ablation.png
46:0:p1_visible_points,46,B,Stage_3/Sigmoid/10/78020,0,100,p1_visible_points,3,0,False,False,0,0.92678767,0.79327788,0,0.79327788,"[0.9267876744270325, 0.8924316167831421, 0.6727268695831299]","[0.7932778776978417, 0.676155301324205, 0.19568901725825316]",0.020568,outputs/c6_sam1_vit_h_pilot/predictions/046_0_p1_visible_points.png
46:0:p2_visible_skeleton,46,B,Stage_3/Sigmoid/10/78020,0,100,p2_visible_skeleton,13,0,False,False,0,0.91690087,0.79945274,1,0.84332775,"[0.9169008731842041, 0.9011716842651367, 0.8514285087585449]","[0.799452741990651, 0.8433277498604131, 0.5800045306954618]",0.005930,outputs/c6_sam1_vit_h_pilot/predictions/046_0_p2_visible_skeleton.png
46:0:p3_visible_box,46,B,Stage_3/Sigmoid/10/78020,0,100,p3_visible_box,0,0,True,False,1,0.94208920,0.80197797,2,0.80673739,"[0.9309318661689758, 0.9420892000198364, 0.9161510467529297]","[0.7315237226277372, 0.8019779725781074, 0.8067373947282074]",0.005110,outputs/c6_sam1_vit_h_pilot/predictions/046_0_p3_visible_box.png
46:0:p4_visible_points_box,46,B,Stage_3/Sigmoid/10/78020,0,100,p4_visible_points_box,3,0,True,False,1,0.94294286,0.78732694,0,0.79930602,"[0.9383450150489807, 0.9429428577423096, 0.9201985597610474]","[0.7993060219386613, 0.7873269435569755, 0.7853255181075989]",0.005833,outputs/c6_sam1_vit_h_pilot/predictions/046_0_p4_visible_points_box.png
46:0:p5_visible_points_negatives,46,B,Stage_3/Sigmoid/10/78020,0,100,p5_visible_points_negatives,3,4,False,False,0,0.88709080,0.78659632,0,0.78659632,"[0.887090802192688, 0.7314562797546387, 0.7682876586914062]","[0.7865963179164795, 0.49158249158249157, 0.14709271281229802]",0.005623,outputs/c6_sam1_vit_h_pilot/predictions/046_0_p5_visible_points_negatives.png
46:0:p6_visible_points_box_negatives,46,B,Stage_3/Sigmoid/10/78020,0,100,p6_visible_points_box_negatives,3,4,True,False,0,0.89793026,0.78847654,0,0.78847654,"[0.8979302644729614, 0.8690426349639893, 0.8475850820541382]","[0.7884765407333111, 0.7669251729197233, 0.6084208798424163]",0.005854,outputs/c6_sam1_vit_h_pilot/predictions/046_0_p6_visible_points_box_negatives.png
46:0:p7_shifted_entry_ablation,46,B,Stage_3/Sigmoid/10/78020,0,100,p7_shifted_entry_ablation,3,0,False,False,0,0.92678767,0.79327788,0,0.79327788,"[0.9267876744270325, 0.8924316167831421, 0.6727268695831299]","[0.7932778776978417, 0.676155301324205, 0.19568901725825316]",0.005987,outputs/c6_sam1_vit_h_pilot/predictions/046_0_p7_shifted_entry_ablation.png
46:1:p1_visible_points,46,A,Stage_3/Sigmoid/10/78020,1,50,p1_visible_points,4,0,False,False,1,0.95407033,0.87996949,1,0.87996949,"[0.94743412733078, 0.9540703296661377, 0.7405622005462646]","[0.8634155818923644, 0.8799694918486033, 0.16027976637310729]",0.005568,outputs/c6_sam1_vit_h_pilot/predictions/046_1_p1_visible_points.png
46:1:p2_visible_skeleton,46,A,Stage_3/Sigmoid/10/78020,1,50,p2_visible_skeleton,18,0,False,False,1,0.95696867,0.86715441,2,0.86746420,"[0.9434368014335632, 0.9569686651229858, 0.9156267642974854]","[0.844640234948605, 0.8671544089333847, 0.8674642049736248]",0.005891,outputs/c6_sam1_vit_h_pilot/predictions/046_1_p2_visible_skeleton.png
46:1:p3_visible_box,46,A,Stage_3/Sigmoid/10/78020,1,50,p3_visible_box,0,0,True,False,1,0.96713734,0.86335885,2,0.87444849,"[0.9547238945960999, 0.967137336730957, 0.9631718397140503]","[0.8416756809912479, 0.8633588526019963, 0.8744484941492423]",0.005033,outputs/c6_sam1_vit_h_pilot/predictions/046_1_p3_visible_box.png
46:1:p4_visible_points_box,46,A,Stage_3/Sigmoid/10/78020,1,50,p4_visible_points_box,4,0,True,False,1,0.97184682,0.88229683,2,0.88488394,"[0.9636539816856384, 0.9718468189239502, 0.9083173274993896]","[0.8666537455179766, 0.8822968332697444, 0.8848839403661068]",0.005864,outputs/c6_sam1_vit_h_pilot/predictions/046_1_p4_visible_points_box.png
46:1:p5_visible_points_negatives,46,A,Stage_3/Sigmoid/10/78020,1,50,p5_visible_points_negatives,4,3,False,False,0,0.94073015,0.85423167,1,0.87632712,"[0.9407301545143127, 0.9390381574630737, 0.7181427478790283]","[0.8542316692667706, 0.8763271162123386, 0.13671918278712136]",0.005630,outputs/c6_sam1_vit_h_pilot/predictions/046_1_p5_visible_points_negatives.png
46:1:p6_visible_points_box_negatives,46,A,Stage_3/Sigmoid/10/78020,1,50,p6_visible_points_box_negatives,4,3,True,False,0,0.95210296,0.86349083,2,0.89286724,"[0.9521029591560364, 0.9501222372055054, 0.831787109375]","[0.8634908314737557, 0.8840095465393795, 0.8928672382926599]",0.006220,outputs/c6_sam1_vit_h_pilot/predictions/046_1_p6_visible_points_box_negatives.png
46:1:p7_shifted_entry_ablation,46,A,Stage_3/Sigmoid/10/78020,1,50,p7_shifted_entry_ablation,4,0,False,False,1,0.95407033,0.87996949,1,0.87996949,"[0.94743412733078, 0.9540703296661377, 0.7405622005462646]","[0.8634155818923644, 0.8799694918486033, 0.16027976637310729]",0.005560,outputs/c6_sam1_vit_h_pilot/predictions/046_1_p7_shifted_entry_ablation.png
126:0:p1_visible_points,126,B,Stage_3/Sigmoid/10/90401,0,100,p1_visible_points,3,0,False,False,1,0.96408629,0.87020136,1,0.87020136,"[0.9574905633926392, 0.9640862941741943, 0.7782748937606812]","[0.8358823529411765, 0.8702013617267854, 0.35939798921039723]",0.021043,outputs/c6_sam1_vit_h_pilot/predictions/126_0_p1_visible_points.png
126:0:p2_visible_skeleton,126,B,Stage_3/Sigmoid/10/90401,0,100,p2_visible_skeleton,16,0,False,False,1,0.94977510,0.88213121,1,0.88213121,"[0.9437493681907654, 0.9497750997543335, 0.8474544286727905]","[0.8268720518867925, 0.8821312069590431, 0.5834147703476197]",0.006563,outputs/c6_sam1_vit_h_pilot/predictions/126_0_p2_visible_skeleton.png
126:0:p3_visible_box,126,B,Stage_3/Sigmoid/10/90401,0,100,p3_visible_box,0,0,True,False,1,0.96636415,0.87217827,2,0.87368572,"[0.9246388077735901, 0.9663641452789307, 0.9652823209762573]","[0.8597308488612836, 0.8721782681280394, 0.873685716329304]",0.004941,outputs/c6_sam1_vit_h_pilot/predictions/126_0_p3_visible_box.png
126:0:p4_visible_points_box,126,B,Stage_3/Sigmoid/10/90401,0,100,p4_visible_points_box,3,0,True,False,1,0.96645749,0.88061320,1,0.88061320,"[0.9638471007347107, 0.9664574861526489, 0.8565678596496582]","[0.8683094472067856, 0.8806132041362355, 0.8569167240192704]",0.005770,outputs/c6_sam1_vit_h_pilot/predictions/126_0_p4_visible_points_box.png
126:0:p5_visible_points_negatives,126,B,Stage_3/Sigmoid/10/90401,0,100,p5_visible_points_negatives,3,2,False,False,1,0.94996846,0.86216177,1,0.86216177,"[0.9365838170051575, 0.9499684572219849, 0.7864829301834106]","[0.7646625947457503, 0.8621617689845795, 0.35866098215695563]",0.005522,outputs/c6_sam1_vit_h_pilot/predictions/126_0_p5_visible_points_negatives.png
126:0:p6_visible_points_box_negatives,126,B,Stage_3/Sigmoid/10/90401,0,100,p6_visible_points_box_negatives,3,2,True,False,0,0.95788169,0.86648641,1,0.87573322,"[0.9578816890716553, 0.9446219205856323, 0.851111888885498]","[0.8664864074831921, 0.8757332174668694, 0.7780770435327279]",0.006239,outputs/c6_sam1_vit_h_pilot/predictions/126_0_p6_visible_points_box_negatives.png
126:0:p7_shifted_entry_ablation,126,B,Stage_3/Sigmoid/10/90401,0,100,p7_shifted_entry_ablation,3,0,False,False,1,0.96408629,0.87020136,1,0.87020136,"[0.9574905633926392, 0.9640862941741943, 0.7782748937606812]","[0.8358823529411765, 0.8702013617267854, 0.35939798921039723]",0.005868,outputs/c6_sam1_vit_h_pilot/predictions/126_0_p7_shifted_entry_ablation.png
126:1:p1_visible_points,126,C,Stage_3/Sigmoid/10/90401,1,50,p1_visible_points,2,0,False,False,0,0.93997824,0.28976875,0,0.28976875,"[0.9399782419204712, 0.9224576950073242, 0.8614569902420044]","[0.2897687456201822, 0.2802721088435374, 0.0046669031958734754]",0.005445,outputs/c6_sam1_vit_h_pilot/predictions/126_1_p1_visible_points.png
126:1:p2_visible_skeleton,126,C,Stage_3/Sigmoid/10/90401,1,50,p2_visible_skeleton,2,0,False,False,0,0.93997824,0.28976875,0,0.28976875,"[0.9399782419204712, 0.9224576950073242, 0.8614569902420044]","[0.2897687456201822, 0.2802721088435374, 0.0046669031958734754]",0.005455,outputs/c6_sam1_vit_h_pilot/predictions/126_1_p2_visible_skeleton.png
126:1:p3_visible_box,126,C,Stage_3/Sigmoid/10/90401,1,50,p3_visible_box,0,0,True,False,1,0.94884753,0.39466292,0,0.40495868,"[0.9388372302055359, 0.9488475322723389, 0.9471393823623657]","[0.4049586776859504, 0.3946629213483146, 0.33518005540166207]",0.004863,outputs/c6_sam1_vit_h_pilot/predictions/126_1_p3_visible_box.png
126:1:p4_visible_points_box,126,C,Stage_3/Sigmoid/10/90401,1,50,p4_visible_points_box,2,0,True,False,2,0.95498288,0.31716418,0,0.40122873,"[0.9414913654327393, 0.9544950723648071, 0.9549828767776489]","[0.4012287334593573, 0.3861566484517304, 0.31716417910447764]",0.005723,outputs/c6_sam1_vit_h_pilot/predictions/126_1_p4_visible_points_box.png
126:1:p5_visible_points_negatives,126,C,Stage_3/Sigmoid/10/90401,1,50,p5_visible_points_negatives,2,3,False,False,2,0.94380927,0.00480190,0,0.29665940,"[0.8707215189933777, 0.8657773733139038, 0.9438092708587646]","[0.29665940450254175, 0.008046963918452107, 0.004801899600919237]",0.005489,outputs/c6_sam1_vit_h_pilot/predictions/126_1_p5_visible_points_negatives.png
126:1:p6_visible_points_box_negatives,126,C,Stage_3/Sigmoid/10/90401,1,50,p6_visible_points_box_negatives,2,3,True,False,1,0.94564474,0.38842593,0,0.40871268,"[0.9306290745735168, 0.945644736289978, 0.9440617561340332]","[0.4087126774351444, 0.38842592592592595, 0.3471481329503488]",0.005757,outputs/c6_sam1_vit_h_pilot/predictions/126_1_p6_visible_points_box_negatives.png
126:1:p7_shifted_entry_ablation,126,C,Stage_3/Sigmoid/10/90401,1,50,p7_shifted_entry_ablation,3,0,False,True,1,0.95445657,0.28115450,0,0.30000000,"[0.9354101419448853, 0.9544565677642822, 0.8913816213607788]","[0.3, 0.2811544991511036, 0.004688286395763583]",0.005500,outputs/c6_sam1_vit_h_pilot/predictions/126_1_p7_shifted_entry_ablation.png
121:0:p1_visible_points,121,B,Stage_3/Sigmoid/10/90426,0,100,p1_visible_points,2,0,False,False,0,0.97392291,0.88780115,0,0.88780115,"[0.9739229083061218, 0.9395574331283569, 0.6178337335586548]","[0.8878011525376658, 0.6420933481046193, 0.48465508629779674]",0.020521,outputs/c6_sam1_vit_h_pilot/predictions/121_0_p1_visible_points.png
121:0:p2_visible_skeleton,121,B,Stage_3/Sigmoid/10/90426,0,100,p2_visible_skeleton,28,0,False,False,1,0.96220207,0.93176153,1,0.93176153,"[0.9556642174720764, 0.9622020721435547, 0.8256233930587769]","[0.9059464335276158, 0.9317615288741171, 0.8911486018026347]",0.006030,outputs/c6_sam1_vit_h_pilot/predictions/121_0_p2_visible_skeleton.png
121:0:p3_visible_box,121,B,Stage_3/Sigmoid/10/90426,0,100,p3_visible_box,0,0,True,False,1,0.98421645,0.88582937,1,0.88582937,"[0.9837743639945984, 0.9842164516448975, 0.9692151546478271]","[0.8727689422876589, 0.8858293690753151, 0.6330748109253818]",0.004910,outputs/c6_sam1_vit_h_pilot/predictions/121_0_p3_visible_box.png
121:0:p4_visible_points_box,121,B,Stage_3/Sigmoid/10/90426,0,100,p4_visible_points_box,2,0,True,False,0,0.98118097,0.89138434,1,0.91561416,"[0.9811809659004211, 0.9703930616378784, 0.9718083143234253]","[0.8913843376839766, 0.9156141568355309, 0.6273673796287572]",0.005734,outputs/c6_sam1_vit_h_pilot/predictions/121_0_p4_visible_points_box.png
121:0:p5_visible_points_negatives,121,B,Stage_3/Sigmoid/10/90426,0,100,p5_visible_points_negatives,2,2,False,False,0,0.97026640,0.87985694,1,0.90210373,"[0.9702664017677307, 0.9575759172439575, 0.7204968929290771]","[0.8798569394770652, 0.9021037283899188, 0.6879945679141313]",0.005573,outputs/c6_sam1_vit_h_pilot/predictions/121_0_p5_visible_points_negatives.png
121:0:p6_visible_points_box_negatives,121,B,Stage_3/Sigmoid/10/90426,0,100,p6_visible_points_box_negatives,2,2,True,False,0,0.97116584,0.88655141,1,0.91282621,"[0.9711658358573914, 0.9670705795288086, 0.93928062915802]","[0.8865514129000902, 0.9128262076624097, 0.6281352235550709]",0.005760,outputs/c6_sam1_vit_h_pilot/predictions/121_0_p6_visible_points_box_negatives.png
121:0:p7_shifted_entry_ablation,121,B,Stage_3/Sigmoid/10/90426,0,100,p7_shifted_entry_ablation,2,0,False,False,0,0.97392291,0.88780115,0,0.88780115,"[0.9739229083061218, 0.9395574331283569, 0.6178337335586548]","[0.8878011525376658, 0.6420933481046193, 0.48465508629779674]",0.005483,outputs/c6_sam1_vit_h_pilot/predictions/121_0_p7_shifted_entry_ablation.png
121:1:p1_visible_points,121,C,Stage_3/Sigmoid/10/90426,1,50,p1_visible_points,2,0,False,False,0,0.93599045,0.38473643,0,0.38473643,"[0.9359904527664185, 0.9235423803329468, 0.6588248610496521]","[0.3847364280094414, 0.3378533670420593, 0.006116381141158148]",0.005443,outputs/c6_sam1_vit_h_pilot/predictions/121_1_p1_visible_points.png
121:1:p2_visible_skeleton,121,C,Stage_3/Sigmoid/10/90426,1,50,p2_visible_skeleton,2,0,False,False,0,0.93599045,0.38473643,0,0.38473643,"[0.9359904527664185, 0.9235423803329468, 0.6588248610496521]","[0.3847364280094414, 0.3378533670420593, 0.006116381141158148]",0.005506,outputs/c6_sam1_vit_h_pilot/predictions/121_1_p2_visible_skeleton.png
121:1:p3_visible_box,121,C,Stage_3/Sigmoid/10/90426,1,50,p3_visible_box,0,0,True,False,2,0.94018388,0.40142779,0,0.48969072,"[0.8760342597961426, 0.9279065132141113, 0.9401838779449463]","[0.4896907216494845, 0.4350471554609066, 0.4014277869302581]",0.005384,outputs/c6_sam1_vit_h_pilot/predictions/121_1_p3_visible_box.png
121:1:p4_visible_points_box,121,C,Stage_3/Sigmoid/10/90426,1,50,p4_visible_points_box,2,0,True,False,2,0.95125115,0.37503218,0,0.46537578,"[0.8958653211593628, 0.9317996501922607, 0.9512511491775513]","[0.46537577945520187, 0.41693524758277173, 0.375032175032175]",0.005818,outputs/c6_sam1_vit_h_pilot/predictions/121_1_p4_visible_points_box.png
121:1:p5_visible_points_negatives,121,C,Stage_3/Sigmoid/10/90426,1,50,p5_visible_points_negatives,2,2,False,False,0,0.90780395,0.38149987,0,0.38149987,"[0.9078039526939392, 0.7395195960998535, 0.7251929044723511]","[0.3814998693493598, 0.31152054214315966, 0.006103141882861794]",0.005507,outputs/c6_sam1_vit_h_pilot/predictions/121_1_p5_visible_points_negatives.png
121:1:p6_visible_points_box_negatives,121,C,Stage_3/Sigmoid/10/90426,1,50,p6_visible_points_box_negatives,2,2,True,False,2,0.96176660,0.36990438,0,0.45723370,"[0.8987917304039001, 0.9460840225219727, 0.9617666006088257]","[0.4572337042925278, 0.39292465568458007, 0.3699043784599899]",0.005725,outputs/c6_sam1_vit_h_pilot/predictions/121_1_p6_visible_points_box_negatives.png
121:1:p7_shifted_entry_ablation,121,C,Stage_3/Sigmoid/10/90426,1,50,p7_shifted_entry_ablation,3,0,False,True,1,0.94484103,0.38084172,0,0.38457404,"[0.9218376278877258, 0.9448410272598267, 0.6433035135269165]","[0.3845740392367643, 0.38084172476116707, 0.006047080843711756]",0.005447,outputs/c6_sam1_vit_h_pilot/predictions/121_1_p7_shifted_entry_ablation.png
4:0:p1_visible_points,4,D,Stage_3/Sigmoid/2/130935,0,50,p1_visible_points,1,0,False,False,0,0.91493613,0.86163992,0,0.86163992,"[0.9149361252784729, 0.865512490272522, 0.7848351001739502]","[0.8616399153913151, 0.8585468585468585, 0.02230082337933434]",0.020467,outputs/c6_sam1_vit_h_pilot/predictions/004_0_p1_visible_points.png
4:0:p2_visible_skeleton,4,D,Stage_3/Sigmoid/2/130935,0,50,p2_visible_skeleton,1,0,False,False,0,0.91493613,0.86163992,0,0.86163992,"[0.9149361252784729, 0.865512490272522, 0.7848351001739502]","[0.8616399153913151, 0.8585468585468585, 0.02230082337933434]",0.005598,outputs/c6_sam1_vit_h_pilot/predictions/004_0_p2_visible_skeleton.png
4:0:p3_visible_box,4,D,Stage_3/Sigmoid/2/130935,0,50,p3_visible_box,0,0,True,False,2,0.72350621,0.04356339,1,0.04753609,"[0.6015034317970276, 0.7034130096435547, 0.7235062122344971]","[0.038499875404933964, 0.04753608760577402, 0.04356338717572198]",0.004973,outputs/c6_sam1_vit_h_pilot/predictions/004_0_p3_visible_box.png
4:0:p4_visible_points_box,4,D,Stage_3/Sigmoid/2/130935,0,50,p4_visible_points_box,1,0,True,False,2,0.80899024,0.08603476,1,0.08880839,"[0.704078733921051, 0.7998172044754028, 0.8089902400970459]","[0.0772977022977023, 0.08880839370472146, 0.08603475902871933]",0.005821,outputs/c6_sam1_vit_h_pilot/predictions/004_0_p4_visible_points_box.png
4:0:p5_visible_points_negatives,4,D,Stage_3/Sigmoid/2/130935,0,50,p5_visible_points_negatives,1,2,False,False,1,0.90015304,0.84201839,1,0.84201839,"[0.7439398169517517, 0.9001530408859253, 0.6983498334884644]","[0.6828993490235353, 0.8420183918887055, 0.011766664330272658]",0.005548,outputs/c6_sam1_vit_h_pilot/predictions/004_0_p5_visible_points_negatives.png
4:0:p6_visible_points_box_negatives,4,D,Stage_3/Sigmoid/2/130935,0,50,p6_visible_points_box_negatives,1,2,True,False,2,0.77956486,0.07692308,0,0.09354758,"[0.6444700360298157, 0.7584744691848755, 0.7795648574829102]","[0.09354758345789736, 0.09185959671396565, 0.07692307692307693]",0.005809,outputs/c6_sam1_vit_h_pilot/predictions/004_0_p6_visible_points_box_negatives.png
4:0:p7_shifted_entry_ablation,4,D,Stage_3/Sigmoid/2/130935,0,50,p7_shifted_entry_ablation,2,0,False,True,0,0.95080262,0.87012987,0,0.87012987,"[0.9508026242256165, 0.8752837181091309, 0.763587474822998]","[0.8701298701298701, 0.5660658423953523, 0.022650684516160702]",0.005520,outputs/c6_sam1_vit_h_pilot/predictions/004_0_p7_shifted_entry_ablation.png
4:1:p1_visible_points,4,D,Stage_3/Sigmoid/2/130935,1,100,p1_visible_points,2,0,False,False,1,0.70788741,0.00045945,0,0.00784373,"[0.6228465437889099, 0.7078874111175537, 0.6611196398735046]","[0.007843728787993061, 0.00045945325063174823, 0.00119591593261173]",0.005642,outputs/c6_sam1_vit_h_pilot/predictions/004_1_p1_visible_points.png
4:1:p2_visible_skeleton,4,D,Stage_3/Sigmoid/2/130935,1,100,p2_visible_skeleton,3,0,False,False,1,0.84022677,0.00000000,0,0.01220176,"[0.60817551612854, 0.8402267694473267, 0.7071895599365234]","[0.012201764898137051, 0.0, 0.0012294776952502865]",0.005800,outputs/c6_sam1_vit_h_pilot/predictions/004_1_p2_visible_skeleton.png
4:1:p3_visible_box,4,D,Stage_3/Sigmoid/2/130935,1,100,p3_visible_box,0,0,True,False,1,0.90639234,0.00000000,0,0.00000000,"[0.8517387509346008, 0.9063923358917236, 0.8932024240493774]","[0.0, 0.0, 0.0]",0.004934,outputs/c6_sam1_vit_h_pilot/predictions/004_1_p3_visible_box.png
4:1:p4_visible_points_box,4,D,Stage_3/Sigmoid/2/130935,1,100,p4_visible_points_box,2,0,True,False,2,0.82794344,0.00000000,0,0.02295468,"[0.7386626601219177, 0.8245197534561157, 0.8279434442520142]","[0.022954679223072396, 0.0, 0.0]",0.005781,outputs/c6_sam1_vit_h_pilot/predictions/004_1_p4_visible_points_box.png
4:1:p5_visible_points_negatives,4,D,Stage_3/Sigmoid/2/130935,1,100,p5_visible_points_negatives,2,1,False,False,1,0.73065317,0.00101838,0,0.01216469,"[0.6961820125579834, 0.7306531667709351, 0.6492447853088379]","[0.012164691203992514, 0.0010183845205552875, 0.0032922532404381167]",0.005630,outputs/c6_sam1_vit_h_pilot/predictions/004_1_p5_visible_points_negatives.png
4:1:p6_visible_points_box_negatives,4,D,Stage_3/Sigmoid/2/130935,1,100,p6_visible_points_box_negatives,2,1,True,False,1,0.82884812,0.00000000,0,0.01030303,"[0.7636445164680481, 0.828848123550415, 0.8121016025543213]","[0.010303030303030303, 0.0, 0.0]",0.005747,outputs/c6_sam1_vit_h_pilot/predictions/004_1_p6_visible_points_box_negatives.png
4:1:p7_shifted_entry_ablation,4,D,Stage_3/Sigmoid/2/130935,1,100,p7_shifted_entry_ablation,2,0,False,False,1,0.70788741,0.00045945,0,0.00784373,"[0.6228465437889099, 0.7078874111175537, 0.6611196398735046]","[0.007843728787993061, 0.00045945325063174823, 0.00119591593261173]",0.005526,outputs/c6_sam1_vit_h_pilot/predictions/004_1_p7_shifted_entry_ablation.png
192:0:p1_visible_points,192,C,Stage_3/Sigmoid/2/142935,0,50,p1_visible_points,1,0,False,False,2,0.96204555,0.01214939,0,0.74625827,"[0.9422486424446106, 0.7758191823959351, 0.9620455503463745]","[0.7462582666202575, 0.04947557612763443, 0.012149392970121992]",0.020440,outputs/c6_sam1_vit_h_pilot/predictions/192_0_p1_visible_points.png
192:0:p2_visible_skeleton,192,C,Stage_3/Sigmoid/2/142935,0,50,p2_visible_skeleton,1,0,False,False,2,0.96204555,0.01214939,0,0.74625827,"[0.9422486424446106, 0.7758191823959351, 0.9620455503463745]","[0.7462582666202575, 0.04947557612763443, 0.012149392970121992]",0.005578,outputs/c6_sam1_vit_h_pilot/predictions/192_0_p2_visible_skeleton.png
192:0:p3_visible_box,192,C,Stage_3/Sigmoid/2/142935,0,50,p3_visible_box,0,0,True,False,2,0.72281206,0.10234469,2,0.10234469,"[0.6017231345176697, 0.7016428709030151, 0.7228120565414429]","[0.008401920438957476, 0.0394621966125371, 0.1023446859489988]",0.004934,outputs/c6_sam1_vit_h_pilot/predictions/192_0_p3_visible_box.png
192:0:p4_visible_points_box,192,C,Stage_3/Sigmoid/2/142935,0,50,p4_visible_points_box,1,0,True,False,2,0.81806135,0.10600585,2,0.10600585,"[0.6470466256141663, 0.8080207109451294, 0.818061351776123]","[0.03548554613120997, 0.09185504126300682, 0.10600585097229392]",0.005745,outputs/c6_sam1_vit_h_pilot/predictions/192_0_p4_visible_points_box.png
192:0:p5_visible_points_negatives,192,C,Stage_3/Sigmoid/2/142935,0,50,p5_visible_points_negatives,1,0,False,False,2,0.96204555,0.01214939,0,0.74625827,"[0.9422486424446106, 0.7758191823959351, 0.9620455503463745]","[0.7462582666202575, 0.04947557612763443, 0.012149392970121992]",0.005546,outputs/c6_sam1_vit_h_pilot/predictions/192_0_p5_visible_points_negatives.png
192:0:p6_visible_points_box_negatives,192,C,Stage_3/Sigmoid/2/142935,0,50,p6_visible_points_box_negatives,1,0,True,False,2,0.81806135,0.10600585,2,0.10600585,"[0.6470466256141663, 0.8080207109451294, 0.818061351776123]","[0.03548554613120997, 0.09185504126300682, 0.10600585097229392]",0.005720,outputs/c6_sam1_vit_h_pilot/predictions/192_0_p6_visible_points_box_negatives.png
192:0:p7_shifted_entry_ablation,192,C,Stage_3/Sigmoid/2/142935,0,50,p7_shifted_entry_ablation,2,0,False,True,0,0.95188051,0.74894292,0,0.74894292,"[0.9518805146217346, 0.7871013879776001, 0.9497028589248657]","[0.7489429175475687, 0.10465087979751271, 0.01239290309910512]",0.005919,outputs/c6_sam1_vit_h_pilot/predictions/192_0_p7_shifted_entry_ablation.png
72:0:p1_visible_points,72,C,Stage_3/Sigmoid/2/147435,0,50,p1_visible_points,1,0,False,False,0,0.98297000,0.89994528,1,0.91844326,"[0.9829699993133545, 0.9791868925094604, 0.6295578479766846]","[0.8999452754469172, 0.9184432550122471, 0.034133929729028914]",0.020587,outputs/c6_sam1_vit_h_pilot/predictions/072_0_p1_visible_points.png
72:0:p2_visible_skeleton,72,C,Stage_3/Sigmoid/2/147435,0,50,p2_visible_skeleton,1,0,False,False,0,0.98297000,0.89994528,1,0.91844326,"[0.9829699993133545, 0.9791868925094604, 0.6295578479766846]","[0.8999452754469172, 0.9184432550122471, 0.034133929729028914]",0.005703,outputs/c6_sam1_vit_h_pilot/predictions/072_0_p2_visible_skeleton.png
72:0:p3_visible_box,72,C,Stage_3/Sigmoid/2/147435,0,50,p3_visible_box,0,0,True,False,1,0.65008938,0.02287972,0,0.02582009,"[0.5199870467185974, 0.6500893831253052, 0.6353824138641357]","[0.025820086373242672, 0.02287972066525774, 0.019524155466763532]",0.005004,outputs/c6_sam1_vit_h_pilot/predictions/072_0_p3_visible_box.png
72:0:p4_visible_points_box,72,C,Stage_3/Sigmoid/2/147435,0,50,p4_visible_points_box,1,0,True,False,1,0.84494424,0.08150326,1,0.08150326,"[0.7615799903869629, 0.8449442386627197, 0.8235732316970825]","[0.06450427271891941, 0.0815032619682073, 0.07507121198199027]",0.005840,outputs/c6_sam1_vit_h_pilot/predictions/072_0_p4_visible_points_box.png
72:0:p5_visible_points_negatives,72,C,Stage_3/Sigmoid/2/147435,0,50,p5_visible_points_negatives,1,0,False,False,0,0.98297000,0.89994528,1,0.91844326,"[0.9829699993133545, 0.9791868925094604, 0.6295578479766846]","[0.8999452754469172, 0.9184432550122471, 0.034133929729028914]",0.005660,outputs/c6_sam1_vit_h_pilot/predictions/072_0_p5_visible_points_negatives.png
72:0:p6_visible_points_box_negatives,72,C,Stage_3/Sigmoid/2/147435,0,50,p6_visible_points_box_negatives,1,0,True,False,1,0.84494424,0.08150326,1,0.08150326,"[0.7615799903869629, 0.8449442386627197, 0.8235732316970825]","[0.06450427271891941, 0.0815032619682073, 0.07507121198199027]",0.005817,outputs/c6_sam1_vit_h_pilot/predictions/072_0_p6_visible_points_box_negatives.png
72:0:p7_shifted_entry_ablation,72,C,Stage_3/Sigmoid/2/147435,0,50,p7_shifted_entry_ablation,2,0,False,True,0,0.98136050,0.90249019,1,0.92681159,"[0.9813604950904846, 0.9784359931945801, 0.7490968704223633]","[0.9024901942898842, 0.9268115942028986, 0.034143176319044684]",0.005819,outputs/c6_sam1_vit_h_pilot/predictions/072_0_p7_shifted_entry_ablation.png
34:0:p1_visible_points,34,C,Stage_3/Sigmoid/2/43603,0,50,p1_visible_points,1,0,False,False,0,0.91655535,0.14603323,1,0.42639832,"[0.9165553450584412, 0.9124765396118164, 0.6615606546401978]","[0.14603323192136672, 0.42639831500117015, 0.01590904468444282]",0.020585,outputs/c6_sam1_vit_h_pilot/predictions/034_0_p1_visible_points.png
34:0:p2_visible_skeleton,34,C,Stage_3/Sigmoid/2/43603,0,50,p2_visible_skeleton,1,0,False,False,0,0.91655535,0.14603323,1,0.42639832,"[0.9165553450584412, 0.9124765396118164, 0.6615606546401978]","[0.14603323192136672, 0.42639831500117015, 0.01590904468444282]",0.005880,outputs/c6_sam1_vit_h_pilot/predictions/034_0_p2_visible_skeleton.png
34:0:p3_visible_box,34,C,Stage_3/Sigmoid/2/43603,0,50,p3_visible_box,0,0,True,False,2,0.83421159,0.17325228,2,0.17325228,"[0.7351971864700317, 0.8275291919708252, 0.8342115879058838]","[0.11490755909197285, 0.15679850222326233, 0.17325227963525835]",0.005024,outputs/c6_sam1_vit_h_pilot/predictions/034_0_p3_visible_box.png
34:0:p4_visible_points_box,34,C,Stage_3/Sigmoid/2/43603,0,50,p4_visible_points_box,1,0,True,False,2,0.91792846,0.22630470,2,0.22630470,"[0.8459159135818481, 0.8930076360702515, 0.9179284572601318]","[0.13105546454481629, 0.19330681020360402, 0.2263047039550667]",0.005807,outputs/c6_sam1_vit_h_pilot/predictions/034_0_p4_visible_points_box.png
34:0:p5_visible_points_negatives,34,C,Stage_3/Sigmoid/2/43603,0,50,p5_visible_points_negatives,1,0,False,False,0,0.91655535,0.14603323,1,0.42639832,"[0.9165553450584412, 0.9124765396118164, 0.6615606546401978]","[0.14603323192136672, 0.42639831500117015, 0.01590904468444282]",0.005560,outputs/c6_sam1_vit_h_pilot/predictions/034_0_p5_visible_points_negatives.png
34:0:p6_visible_points_box_negatives,34,C,Stage_3/Sigmoid/2/43603,0,50,p6_visible_points_box_negatives,1,0,True,False,2,0.91792846,0.22630470,2,0.22630470,"[0.8459159135818481, 0.8930076360702515, 0.9179284572601318]","[0.13105546454481629, 0.19330681020360402, 0.2263047039550667]",0.005795,outputs/c6_sam1_vit_h_pilot/predictions/034_0_p6_visible_points_box_negatives.png
34:0:p7_shifted_entry_ablation,34,C,Stage_3/Sigmoid/2/43603,0,50,p7_shifted_entry_ablation,2,0,False,True,0,0.93786663,0.43903581,1,0.73250644,"[0.9378666281700134, 0.8404760360717773, 0.7535789012908936]","[0.43903580622513455, 0.7325064357594196, 0.01777203907696584]",0.005558,outputs/c6_sam1_vit_h_pilot/predictions/034_0_p7_shifted_entry_ablation.png
130:0:p1_visible_points,130,B,Stage_3/Sigmoid/3/156062,0,50,p1_visible_points,3,0,False,False,0,0.74387258,0.85299893,0,0.85299893,"[0.7438725829124451, 0.6962737441062927, 0.7415850162506104]","[0.8529989327641408, 0.008821274432948839, 0.1404122724665846]",0.020569,outputs/c6_sam1_vit_h_pilot/predictions/130_0_p1_visible_points.png
130:0:p2_visible_skeleton,130,B,Stage_3/Sigmoid/3/156062,0,50,p2_visible_skeleton,29,0,False,False,0,0.93632513,0.89988304,1,0.90364491,"[0.9363251328468323, 0.9337886571884155, 0.785454273223877]","[0.8998830356741194, 0.903644909542391, 0.3599331918927459]",0.006231,outputs/c6_sam1_vit_h_pilot/predictions/130_0_p2_visible_skeleton.png
130:0:p3_visible_box,130,B,Stage_3/Sigmoid/3/156062,0,50,p3_visible_box,0,0,True,False,1,0.98398876,0.90399837,2,0.90804728,"[0.9830265641212463, 0.9839887619018555, 0.9441268444061279]","[0.8874689628465341, 0.9039983670877464, 0.9080472783262385]",0.004974,outputs/c6_sam1_vit_h_pilot/predictions/130_0_p3_visible_box.png
130:0:p4_visible_points_box,130,B,Stage_3/Sigmoid/3/156062,0,50,p4_visible_points_box,3,0,True,False,0,0.91298318,0.90727494,0,0.90727494,"[0.9129831790924072, 0.7662825584411621, 0.7779580354690552]","[0.9072749358887839, 0.8700749567557179, 0.2170349600988216]",0.005854,outputs/c6_sam1_vit_h_pilot/predictions/130_0_p4_visible_points_box.png
130:0:p5_visible_points_negatives,130,B,Stage_3/Sigmoid/3/156062,0,50,p5_visible_points_negatives,3,0,False,False,0,0.74387258,0.85299893,0,0.85299893,"[0.7438725829124451, 0.6962737441062927, 0.7415850162506104]","[0.8529989327641408, 0.008821274432948839, 0.1404122724665846]",0.005627,outputs/c6_sam1_vit_h_pilot/predictions/130_0_p5_visible_points_negatives.png
130:0:p6_visible_points_box_negatives,130,B,Stage_3/Sigmoid/3/156062,0,50,p6_visible_points_box_negatives,3,0,True,False,0,0.91298318,0.90727494,0,0.90727494,"[0.9129831790924072, 0.7662825584411621, 0.7779580354690552]","[0.9072749358887839, 0.8700749567557179, 0.2170349600988216]",0.005927,outputs/c6_sam1_vit_h_pilot/predictions/130_0_p6_visible_points_box_negatives.png
130:0:p7_shifted_entry_ablation,130,B,Stage_3/Sigmoid/3/156062,0,50,p7_shifted_entry_ablation,3,0,False,False,0,0.74387258,0.85299893,0,0.85299893,"[0.7438725829124451, 0.6962737441062927, 0.7415850162506104]","[0.8529989327641408, 0.008821274432948839, 0.1404122724665846]",0.005565,outputs/c6_sam1_vit_h_pilot/predictions/130_0_p7_shifted_entry_ablation.png
81:0:p1_visible_points,81,B,Stage_3/Sigmoid/3/174062,0,50,p1_visible_points,2,0,False,False,1,0.96828532,0.88370137,1,0.88370137,"[0.9610660672187805, 0.968285322189331, 0.710707426071167]","[0.8665360330938384, 0.8837013669821241, 0.40670039133339697]",0.020480,outputs/c6_sam1_vit_h_pilot/predictions/081_0_p1_visible_points.png
81:0:p2_visible_skeleton,81,B,Stage_3/Sigmoid/3/174062,0,50,p2_visible_skeleton,6,0,False,False,1,0.96394694,0.88744681,1,0.88744681,"[0.957523763179779, 0.9639469385147095, 0.8729251623153687]","[0.8685701830863121, 0.8874468085106383, 0.8475925189017111]",0.005579,outputs/c6_sam1_vit_h_pilot/predictions/081_0_p2_visible_skeleton.png
81:0:p3_visible_box,81,B,Stage_3/Sigmoid/3/174062,0,50,p3_visible_box,0,0,True,False,2,0.97004259,0.84857662,1,0.88824414,"[0.9598197340965271, 0.9699442386627197, 0.9700425863265991]","[0.8612021857923498, 0.8882441435632925, 0.8485766202301636]",0.005050,outputs/c6_sam1_vit_h_pilot/predictions/081_0_p3_visible_box.png
81:0:p4_visible_points_box,81,B,Stage_3/Sigmoid/3/174062,0,50,p4_visible_points_box,2,0,True,False,1,0.97265041,0.88614072,1,0.88614072,"[0.9639481902122498, 0.972650408744812, 0.9683972597122192]","[0.8706445993031359, 0.886140724946695, 0.8433399602385686]",0.005836,outputs/c6_sam1_vit_h_pilot/predictions/081_0_p4_visible_points_box.png
81:0:p5_visible_points_negatives,81,B,Stage_3/Sigmoid/3/174062,0,50,p5_visible_points_negatives,2,2,False,False,1,0.95961595,0.88292477,1,0.88292477,"[0.9516745209693909, 0.95961594581604, 0.7054760456085205]","[0.8648119973918713, 0.8829247675401521, 0.4855687606112054]",0.005621,outputs/c6_sam1_vit_h_pilot/predictions/081_0_p5_visible_points_negatives.png
81:0:p6_visible_points_box_negatives,81,B,Stage_3/Sigmoid/3/174062,0,50,p6_visible_points_box_negatives,2,2,True,False,1,0.96703899,0.88119658,1,0.88119658,"[0.9633499979972839, 0.9670389890670776, 0.9522205591201782]","[0.8668407310704961, 0.8811965811965812, 0.8723271745899938]",0.005822,outputs/c6_sam1_vit_h_pilot/predictions/081_0_p6_visible_points_box_negatives.png
81:0:p7_shifted_entry_ablation,81,B,Stage_3/Sigmoid/3/174062,0,50,p7_shifted_entry_ablation,2,0,False,False,1,0.96828532,0.88370137,1,0.88370137,"[0.9610660672187805, 0.968285322189331, 0.710707426071167]","[0.8665360330938384, 0.8837013669821241, 0.40670039133339697]",0.005567,outputs/c6_sam1_vit_h_pilot/predictions/081_0_p7_shifted_entry_ablation.png
81:1:p1_visible_points,81,C,Stage_3/Sigmoid/3/174062,1,100,p1_visible_points,2,0,False,False,1,0.93830287,0.69244467,1,0.69244467,"[0.8822309374809265, 0.9383028745651245, 0.9121731519699097]","[0.5480225988700564, 0.6924446705672856, 0.6852851443323164]",0.005555,outputs/c6_sam1_vit_h_pilot/predictions/081_1_p1_visible_points.png
81:1:p2_visible_skeleton,81,C,Stage_3/Sigmoid/3/174062,1,100,p2_visible_skeleton,2,0,False,False,1,0.93830287,0.69244467,1,0.69244467,"[0.8822309374809265, 0.9383028745651245, 0.9121731519699097]","[0.5480225988700564, 0.6924446705672856, 0.6852851443323164]",0.005789,outputs/c6_sam1_vit_h_pilot/predictions/081_1_p2_visible_skeleton.png
81:1:p3_visible_box,81,C,Stage_3/Sigmoid/3/174062,1,100,p3_visible_box,0,0,True,False,2,0.76577318,0.10488372,2,0.10488372,"[0.5367434620857239, 0.7389534711837769, 0.7657731771469116]","[0.03058823529411765, 0.047492125030288344, 0.10488372093023256]",0.005196,outputs/c6_sam1_vit_h_pilot/predictions/081_1_p3_visible_box.png
81:1:p4_visible_points_box,81,C,Stage_3/Sigmoid/3/174062,1,100,p4_visible_points_box,2,0,True,False,2,0.84750342,0.21200838,2,0.21200838,"[0.7129480242729187, 0.8322187662124634, 0.8475034236907959]","[0.21031843989138485, 0.19232673267326733, 0.21200837793809635]",0.005793,outputs/c6_sam1_vit_h_pilot/predictions/081_1_p4_visible_points_box.png
81:1:p5_visible_points_negatives,81,C,Stage_3/Sigmoid/3/174062,1,100,p5_visible_points_negatives,2,2,False,False,1,0.93998456,0.68984914,1,0.68984914,"[0.8858402371406555, 0.9399845600128174, 0.9254679679870605]","[0.4749143035213462, 0.689849143441575, 0.6722328244274809]",0.005578,outputs/c6_sam1_vit_h_pilot/predictions/081_1_p5_visible_points_negatives.png
81:1:p6_visible_points_box_negatives,81,C,Stage_3/Sigmoid/3/174062,1,100,p6_visible_points_box_negatives,2,2,True,False,2,0.81427634,0.22493827,2,0.22493827,"[0.638002872467041, 0.7800784111022949, 0.8142763376235962]","[0.20963244613434728, 0.14198782961460446, 0.22493827160493826]",0.005806,outputs/c6_sam1_vit_h_pilot/predictions/081_1_p6_visible_points_box_negatives.png
81:1:p7_shifted_entry_ablation,81,C,Stage_3/Sigmoid/3/174062,1,100,p7_shifted_entry_ablation,3,0,False,True,1,0.94517303,0.69160071,1,0.69160071,"[0.8667285442352295, 0.9451730251312256, 0.9397914409637451]","[0.5891011587848418, 0.6916007148327802, 0.68496079828938]",0.005669,outputs/c6_sam1_vit_h_pilot/predictions/081_1_p7_shifted_entry_ablation.png
165:0:p1_visible_points,165,B,Stage_3/Sigmoid/3/223562,0,50,p1_visible_points,2,0,False,False,1,0.94853699,0.91997591,1,0.91997591,"[0.9246090650558472, 0.9485369920730591, 0.7992959022521973]","[0.9165200091820338, 0.9199759132015011, 0.28604902727620696]",0.020531,outputs/c6_sam1_vit_h_pilot/predictions/165_0_p1_visible_points.png
165:0:p2_visible_skeleton,165,B,Stage_3/Sigmoid/3/223562,0,50,p2_visible_skeleton,2,0,False,False,1,0.94853699,0.91997591,1,0.91997591,"[0.9246090650558472, 0.9485369920730591, 0.7992959022521973]","[0.9165200091820338, 0.9199759132015011, 0.28604902727620696]",0.005574,outputs/c6_sam1_vit_h_pilot/predictions/165_0_p2_visible_skeleton.png
165:0:p3_visible_box,165,B,Stage_3/Sigmoid/3/223562,0,50,p3_visible_box,0,0,True,False,1,0.95305669,0.68086209,2,0.70766824,"[0.9415891170501709, 0.9530566930770874, 0.9265069961547852]","[0.6142882338675897, 0.6808620879726601, 0.7076682419555614]",0.005224,outputs/c6_sam1_vit_h_pilot/predictions/165_0_p3_visible_box.png
165:0:p4_visible_points_box,165,B,Stage_3/Sigmoid/3/223562,0,50,p4_visible_points_box,2,0,True,False,1,0.92176640,0.71750580,1,0.71750580,"[0.9166870713233948, 0.9217664003372192, 0.8298118114471436]","[0.626719637521752, 0.7175058000813661, 0.19721831087100203]",0.005807,outputs/c6_sam1_vit_h_pilot/predictions/165_0_p4_visible_points_box.png
165:0:p5_visible_points_negatives,165,B,Stage_3/Sigmoid/3/223562,0,50,p5_visible_points_negatives,2,0,False,False,1,0.94853699,0.91997591,1,0.91997591,"[0.9246090650558472, 0.9485369920730591, 0.7992959022521973]","[0.9165200091820338, 0.9199759132015011, 0.28604902727620696]",0.005674,outputs/c6_sam1_vit_h_pilot/predictions/165_0_p5_visible_points_negatives.png
165:0:p6_visible_points_box_negatives,165,B,Stage_3/Sigmoid/3/223562,0,50,p6_visible_points_box_negatives,2,0,True,False,1,0.92176640,0.71750580,1,0.71750580,"[0.9166870713233948, 0.9217664003372192, 0.8298118114471436]","[0.626719637521752, 0.7175058000813661, 0.19721831087100203]",0.005780,outputs/c6_sam1_vit_h_pilot/predictions/165_0_p6_visible_points_box_negatives.png
165:0:p7_shifted_entry_ablation,165,B,Stage_3/Sigmoid/3/223562,0,50,p7_shifted_entry_ablation,2,0,False,False,1,0.94853699,0.91997591,1,0.91997591,"[0.9246090650558472, 0.9485369920730591, 0.7992959022521973]","[0.9165200091820338, 0.9199759132015011, 0.28604902727620696]",0.005584,outputs/c6_sam1_vit_h_pilot/predictions/165_0_p7_shifted_entry_ablation.png
134:0:p1_visible_points,134,A,Stage_3/Sigmoid/4/115587,0,50,p1_visible_points,4,0,False,False,2,0.98422813,0.07140312,0,0.47447094,"[0.7151216268539429, 0.9576736688613892, 0.9842281341552734]","[0.4744709399496245, 0.14025062656641604, 0.07140312484095883]",0.020530,outputs/c6_sam1_vit_h_pilot/predictions/134_0_p1_visible_points.png
134:0:p2_visible_skeleton,134,A,Stage_3/Sigmoid/4/115587,0,50,p2_visible_skeleton,27,0,False,False,2,0.93144262,0.10850667,0,0.61224631,"[0.8032535910606384, 0.879790186882019, 0.9314426183700562]","[0.612246306778959, 0.19793898780535318, 0.10850666694166297]",0.006010,outputs/c6_sam1_vit_h_pilot/predictions/134_0_p2_visible_skeleton.png
134:0:p3_visible_box,134,A,Stage_3/Sigmoid/4/115587,0,50,p3_visible_box,0,0,True,False,1,0.94414377,0.31525655,2,0.34600477,"[0.9101593494415283, 0.9441437721252441, 0.9197418689727783]","[0.28914993253432814, 0.31525654756109434, 0.346004767710589]",0.004993,outputs/c6_sam1_vit_h_pilot/predictions/134_0_p3_visible_box.png
134:0:p4_visible_points_box,134,A,Stage_3/Sigmoid/4/115587,0,50,p4_visible_points_box,4,0,True,False,2,0.91219628,0.34044480,0,0.57030799,"[0.7127558588981628, 0.8309986591339111, 0.9121962785720825]","[0.5703079940016149, 0.3473929286913206, 0.3404448022542015]",0.005866,outputs/c6_sam1_vit_h_pilot/predictions/134_0_p4_visible_points_box.png
134:0:p5_visible_points_negatives,134,A,Stage_3/Sigmoid/4/115587,0,50,p5_visible_points_negatives,4,1,False,False,2,0.97674954,0.07167258,0,0.57841055,"[0.6938761472702026, 0.9518076181411743, 0.9767495393753052]","[0.57841055244818, 0.13126342608782535, 0.0716725758055672]",0.005603,outputs/c6_sam1_vit_h_pilot/predictions/134_0_p5_visible_points_negatives.png
134:0:p6_visible_points_box_negatives,134,A,Stage_3/Sigmoid/4/115587,0,50,p6_visible_points_box_negatives,4,1,True,False,2,0.92230737,0.29999708,0,0.58949529,"[0.7045695781707764, 0.8399169445037842, 0.9223073720932007]","[0.5894952937986598, 0.351563505340368, 0.29999708301732686]",0.005814,outputs/c6_sam1_vit_h_pilot/predictions/134_0_p6_visible_points_box_negatives.png
134:0:p7_shifted_entry_ablation,134,A,Stage_3/Sigmoid/4/115587,0,50,p7_shifted_entry_ablation,4,0,False,False,2,0.98422813,0.07140312,0,0.47447094,"[0.7151216268539429, 0.9576736688613892, 0.9842281341552734]","[0.4744709399496245, 0.14025062656641604, 0.07140312484095883]",0.005645,outputs/c6_sam1_vit_h_pilot/predictions/134_0_p7_shifted_entry_ablation.png
134:1:p1_visible_points,134,C,Stage_3/Sigmoid/4/115587,1,100,p1_visible_points,1,0,False,False,0,1.00629652,0.86265843,1,0.88403500,"[1.0062965154647827, 0.8048796653747559, 0.9328060150146484]","[0.8626584322273351, 0.8840349961873419, 0.13401533170054555]",0.005613,outputs/c6_sam1_vit_h_pilot/predictions/134_1_p1_visible_points.png
134:1:p2_visible_skeleton,134,C,Stage_3/Sigmoid/4/115587,1,100,p2_visible_skeleton,1,0,False,False,0,1.00629652,0.86265843,1,0.88403500,"[1.0062965154647827, 0.8048796653747559, 0.9328060150146484]","[0.8626584322273351, 0.8840349961873419, 0.13401533170054555]",0.005531,outputs/c6_sam1_vit_h_pilot/predictions/134_1_p2_visible_skeleton.png
134:1:p3_visible_box,134,C,Stage_3/Sigmoid/4/115587,1,100,p3_visible_box,0,0,True,False,2,0.75512540,0.01031237,1,0.01095383,"[0.6386300325393677, 0.7334380149841309, 0.7551254034042358]","[0.007953404298051818, 0.010953828806153474, 0.01031236884705318]",0.004982,outputs/c6_sam1_vit_h_pilot/predictions/134_1_p3_visible_box.png
134:1:p4_visible_points_box,134,C,Stage_3/Sigmoid/4/115587,1,100,p4_visible_points_box,1,0,True,False,2,0.78909993,0.01458233,1,0.01595820,"[0.6873394846916199, 0.7748738527297974, 0.789099931716919]","[0.015063941194240258, 0.015958197994633525, 0.014582333173307729]",0.005800,outputs/c6_sam1_vit_h_pilot/predictions/134_1_p4_visible_points_box.png
134:1:p5_visible_points_negatives,134,C,Stage_3/Sigmoid/4/115587,1,100,p5_visible_points_negatives,1,4,False,False,2,0.85536492,0.01645798,1,0.86164934,"[0.614303708076477, 0.7685760259628296, 0.8553649187088013]","[0.2049278846153846, 0.8616493383742911, 0.016457975502890826]",0.005603,outputs/c6_sam1_vit_h_pilot/predictions/134_1_p5_visible_points_negatives.png
134:1:p6_visible_points_box_negatives,134,C,Stage_3/Sigmoid/4/115587,1,100,p6_visible_points_box_negatives,1,4,True,False,2,0.72073710,0.01160453,1,0.01645168,"[0.628902792930603, 0.7065792083740234, 0.720737099647522]","[0.013205499276410999, 0.016451684531379317, 0.011604530344951134]",0.005786,outputs/c6_sam1_vit_h_pilot/predictions/134_1_p6_visible_points_box_negatives.png
134:1:p7_shifted_entry_ablation,134,C,Stage_3/Sigmoid/4/115587,1,100,p7_shifted_entry_ablation,2,0,False,True,0,0.99969488,0.85393440,1,0.88702853,"[0.9996948838233948, 0.9533249139785767, 0.9624875783920288]","[0.8539343997414768, 0.8870285299806576, 0.1424428096163972]",0.005565,outputs/c6_sam1_vit_h_pilot/predictions/134_1_p7_shifted_entry_ablation.png
189:0:p1_visible_points,189,B,Stage_3/Sigmoid/4/124587,0,150,p1_visible_points,2,0,False,False,1,0.97306430,0.46319279,1,0.46319279,"[0.8738943934440613, 0.9730643033981323, 0.5670664310455322]","[0.14316921525793985, 0.46319279156749404, 0.08418621436304584]",0.020291,outputs/c6_sam1_vit_h_pilot/predictions/189_0_p1_visible_points.png
189:0:p2_visible_skeleton,189,B,Stage_3/Sigmoid/4/124587,0,150,p2_visible_skeleton,13,0,False,False,1,0.96644461,0.46307551,0,0.75052537,"[0.949408769607544, 0.9664446115493774, 0.9409154653549194]","[0.7505253677574302, 0.46307551411206394, 0.33682315284075753]",0.005920,outputs/c6_sam1_vit_h_pilot/predictions/189_0_p2_visible_skeleton.png
189:0:p3_visible_box,189,B,Stage_3/Sigmoid/4/124587,0,150,p3_visible_box,0,0,True,False,1,0.90878272,0.84840556,1,0.84840556,"[0.8452701568603516, 0.9087827205657959, 0.8404864072799683]","[0.7827985889467496, 0.8484055600981194, 0.7529778786159954]",0.005006,outputs/c6_sam1_vit_h_pilot/predictions/189_0_p3_visible_box.png
189:0:p4_visible_points_box,189,B,Stage_3/Sigmoid/4/124587,0,150,p4_visible_points_box,2,0,True,False,1,0.91522443,0.79061532,0,0.84858514,"[0.8371542692184448, 0.9152244329452515, 0.8839377164840698]","[0.8485851398312096, 0.7906153165117309, 0.7425488873904248]",0.005815,outputs/c6_sam1_vit_h_pilot/predictions/189_0_p4_visible_points_box.png
189:0:p5_visible_points_negatives,189,B,Stage_3/Sigmoid/4/124587,0,150,p5_visible_points_negatives,2,2,False,False,1,0.95569909,0.47177831,1,0.47177831,"[0.8940945267677307, 0.95569908618927, 0.7216378450393677]","[0.2450420168067227, 0.47177830669840193, 0.10199742728507111]",0.005577,outputs/c6_sam1_vit_h_pilot/predictions/189_0_p5_visible_points_negatives.png
189:0:p6_visible_points_box_negatives,189,B,Stage_3/Sigmoid/4/124587,0,150,p6_visible_points_box_negatives,2,2,True,False,1,0.90017128,0.75971530,0,0.78908970,"[0.8453670144081116, 0.9001712799072266, 0.896769642829895]","[0.7890897032001326, 0.7597153024911032, 0.7349827996824557]",0.005840,outputs/c6_sam1_vit_h_pilot/predictions/189_0_p6_visible_points_box_negatives.png
189:0:p7_shifted_entry_ablation,189,B,Stage_3/Sigmoid/4/124587,0,150,p7_shifted_entry_ablation,2,0,False,False,1,0.97306430,0.46319279,1,0.46319279,"[0.8738943934440613, 0.9730643033981323, 0.5670664310455322]","[0.14316921525793985, 0.46319279156749404, 0.08418621436304584]",0.005580,outputs/c6_sam1_vit_h_pilot/predictions/189_0_p7_shifted_entry_ablation.png
189:1:p1_visible_points,189,C,Stage_3/Sigmoid/4/124587,1,50,p1_visible_points,2,0,False,False,1,0.96496916,0.89438558,1,0.89438558,"[0.8176755309104919, 0.9649691581726074, 0.8872561454772949]","[0.2188117096830071, 0.8943855786431815, 0.08251592194730875]",0.005574,outputs/c6_sam1_vit_h_pilot/predictions/189_1_p1_visible_points.png
189:1:p2_visible_skeleton,189,C,Stage_3/Sigmoid/4/124587,1,50,p2_visible_skeleton,2,0,False,False,1,0.96496916,0.89438558,1,0.89438558,"[0.8176755309104919, 0.9649691581726074, 0.8872561454772949]","[0.2188117096830071, 0.8943855786431815, 0.08251592194730875]",0.006028,outputs/c6_sam1_vit_h_pilot/predictions/189_1_p2_visible_skeleton.png
189:1:p3_visible_box,189,C,Stage_3/Sigmoid/4/124587,1,50,p3_visible_box,0,0,True,False,2,0.75309193,0.00404556,0,0.13027769,"[0.6560086607933044, 0.72626793384552, 0.7530919313430786]","[0.13027769175183235, 0.005841233362060711, 0.004045559220763054]",0.004993,outputs/c6_sam1_vit_h_pilot/predictions/189_1_p3_visible_box.png
189:1:p4_visible_points_box,189,C,Stage_3/Sigmoid/4/124587,1,50,p4_visible_points_box,2,0,True,False,2,0.87674558,0.34564163,2,0.34564163,"[0.6889506578445435, 0.8558071851730347, 0.8767455816268921]","[0.11807131005993296, 0.23113467364362433, 0.34564162565814377]",0.008041,outputs/c6_sam1_vit_h_pilot/predictions/189_1_p4_visible_points_box.png
189:1:p5_visible_points_negatives,189,C,Stage_3/Sigmoid/4/124587,1,50,p5_visible_points_negatives,2,2,False,False,1,0.96902394,0.86604715,1,0.86604715,"[0.7092714309692383, 0.9690239429473877, 0.7984827756881714]","[0.22241063086133508, 0.8660471519531923, 0.06763749669663764]",0.005687,outputs/c6_sam1_vit_h_pilot/predictions/189_1_p5_visible_points_negatives.png
189:1:p6_visible_points_box_negatives,189,C,Stage_3/Sigmoid/4/124587,1,50,p6_visible_points_box_negatives,2,2,True,False,2,0.92750263,0.36443450,2,0.36443450,"[0.6683200001716614, 0.8971493244171143, 0.9275026321411133]","[0.10198087431693989, 0.3172663108968841, 0.36443449819246]",0.005893,outputs/c6_sam1_vit_h_pilot/predictions/189_1_p6_visible_points_box_negatives.png
189:1:p7_shifted_entry_ablation,189,C,Stage_3/Sigmoid/4/124587,1,50,p7_shifted_entry_ablation,3,0,False,True,0,0.96394020,0.20392754,1,0.94176219,"[0.9639402031898499, 0.9559144973754883, 0.6534761190414429]","[0.20392754476500538, 0.9417621899059024, 0.0859830098940944]",0.006169,outputs/c6_sam1_vit_h_pilot/predictions/189_1_p7_shifted_entry_ablation.png
93:0:p1_visible_points,93,A,Stage_3/Sigmoid/4/126087,0,50,p1_visible_points,4,0,False,False,1,0.95920968,0.89514016,1,0.89514016,"[0.9430624842643738, 0.959209680557251, 0.7634729146957397]","[0.7623989012665955, 0.8951401584399756, 0.2064100025642607]",0.020856,outputs/c6_sam1_vit_h_pilot/predictions/093_0_p1_visible_points.png
93:0:p2_visible_skeleton,93,A,Stage_3/Sigmoid/4/126087,0,50,p2_visible_skeleton,54,0,False,False,2,0.90349102,0.89061547,1,0.90003344,"[0.7246202826499939, 0.9021235704421997, 0.9034910202026367]","[0.03333445118883933, 0.9000334387159533, 0.8906154690740515]",0.006490,outputs/c6_sam1_vit_h_pilot/predictions/093_0_p2_visible_skeleton.png
93:0:p3_visible_box,93,A,Stage_3/Sigmoid/4/126087,0,50,p3_visible_box,0,0,True,False,0,0.93305033,0.56715390,1,0.62602210,"[0.9330503344535828, 0.904619574546814, 0.8485130071640015]","[0.5671538991352262, 0.6260221002919195, 0.22117650613330112]",0.005027,outputs/c6_sam1_vit_h_pilot/predictions/093_0_p3_visible_box.png
93:0:p4_visible_points_box,93,A,Stage_3/Sigmoid/4/126087,0,50,p4_visible_points_box,4,0,True,False,0,0.91753101,0.62880269,0,0.62880269,"[0.9175310134887695, 0.8441129922866821, 0.8737488985061646]","[0.6288026878436164, 0.6136606189967982, 0.26430493002448385]",0.005826,outputs/c6_sam1_vit_h_pilot/predictions/093_0_p4_visible_points_box.png
93:0:p5_visible_points_negatives,93,A,Stage_3/Sigmoid/4/126087,0,50,p5_visible_points_negatives,4,2,False,False,1,0.93210042,0.89248525,1,0.89248525,"[0.912639319896698, 0.9321004152297974, 0.7859485149383545]","[0.6774164008485829, 0.8924852495006937, 0.6616240801163891]",0.005620,outputs/c6_sam1_vit_h_pilot/predictions/093_0_p5_visible_points_negatives.png
93:0:p6_visible_points_box_negatives,93,A,Stage_3/Sigmoid/4/126087,0,50,p6_visible_points_box_negatives,4,2,True,False,0,0.90279102,0.58946195,0,0.58946195,"[0.9027910232543945, 0.836769700050354, 0.8790470361709595]","[0.5894619450640105, 0.5707308883903363, 0.3036827540066296]",0.006066,outputs/c6_sam1_vit_h_pilot/predictions/093_0_p6_visible_points_box_negatives.png
93:0:p7_shifted_entry_ablation,93,A,Stage_3/Sigmoid/4/126087,0,50,p7_shifted_entry_ablation,4,0,False,False,1,0.95920968,0.89514016,1,0.89514016,"[0.9430624842643738, 0.959209680557251, 0.7634729146957397]","[0.7623989012665955, 0.8951401584399756, 0.2064100025642607]",0.006072,outputs/c6_sam1_vit_h_pilot/predictions/093_0_p7_shifted_entry_ablation.png
93:1:p1_visible_points,93,B,Stage_3/Sigmoid/4/126087,1,100,p1_visible_points,2,0,False,False,0,0.97008014,0.83965976,0,0.83965976,"[0.9700801372528076, 0.9255053997039795, 0.7642922401428223]","[0.8396597616016664, 0.8260086836810335, 0.09380833168632101]",0.005572,outputs/c6_sam1_vit_h_pilot/predictions/093_1_p1_visible_points.png
93:1:p2_visible_skeleton,93,B,Stage_3/Sigmoid/4/126087,1,100,p2_visible_skeleton,16,0,False,False,1,0.95883882,0.84049754,2,0.86173511,"[0.9469223618507385, 0.9588388204574585, 0.9283643960952759]","[0.7737847222222223, 0.8404975412207116, 0.8617351101441393]",0.005916,outputs/c6_sam1_vit_h_pilot/predictions/093_1_p2_visible_skeleton.png
93:1:p3_visible_box,93,B,Stage_3/Sigmoid/4/126087,1,100,p3_visible_box,0,0,True,False,1,0.97150862,0.84539474,2,0.85693357,"[0.966698944568634, 0.9715086221694946, 0.9643282890319824]","[0.8131944444444444, 0.8453947368421053, 0.856933566236547]",0.005037,outputs/c6_sam1_vit_h_pilot/predictions/093_1_p3_visible_box.png
93:1:p4_visible_points_box,93,B,Stage_3/Sigmoid/4/126087,1,100,p4_visible_points_box,2,0,True,False,1,0.97236526,0.85556519,2,0.87006290,"[0.9670360684394836, 0.9723652601242065, 0.9694287776947021]","[0.8189340894624154, 0.8555651922520959, 0.8700629002096674]",0.005806,outputs/c6_sam1_vit_h_pilot/predictions/093_1_p4_visible_points_box.png
93:1:p5_visible_points_negatives,93,B,Stage_3/Sigmoid/4/126087,1,100,p5_visible_points_negatives,2,4,False,False,0,0.96584123,0.83851183,0,0.83851183,"[0.9658412337303162, 0.8997423648834229, 0.8429965972900391]","[0.8385118324364983, 0.169687955439318, 0.15456058800520325]",0.005578,outputs/c6_sam1_vit_h_pilot/predictions/093_1_p5_visible_points_negatives.png
93:1:p6_visible_points_box_negatives,93,B,Stage_3/Sigmoid/4/126087,1,100,p6_visible_points_box_negatives,2,4,True,False,1,0.96793652,0.85881129,2,0.89576122,"[0.9676606059074402, 0.9679365158081055, 0.9626613855361938]","[0.8245096337441417, 0.8588112858464385, 0.8957612211314759]",0.005814,outputs/c6_sam1_vit_h_pilot/predictions/093_1_p6_visible_points_box_negatives.png
93:1:p7_shifted_entry_ablation,93,B,Stage_3/Sigmoid/4/126087,1,100,p7_shifted_entry_ablation,2,0,False,False,0,0.97008014,0.83965976,0,0.83965976,"[0.9700801372528076, 0.9255053997039795, 0.7642922401428223]","[0.8396597616016664, 0.8260086836810335, 0.09380833168632101]",0.005574,outputs/c6_sam1_vit_h_pilot/predictions/093_1_p7_shifted_entry_ablation.png
175:0:p1_visible_points,175,B,Stage_3/Sigmoid/4/57087,0,100,p1_visible_points,3,0,False,False,2,0.96978378,0.09728020,0,0.76721155,"[0.9542882442474365, 0.8925989866256714, 0.9697837829589844]","[0.7672115499343753, 0.3760730729244022, 0.09728020203033405]",0.020650,outputs/c6_sam1_vit_h_pilot/predictions/175_0_p1_visible_points.png
175:0:p2_visible_skeleton,175,B,Stage_3/Sigmoid/4/57087,0,100,p2_visible_skeleton,22,0,False,False,1,0.94595480,0.78085740,1,0.78085740,"[0.9041982889175415, 0.9459547996520996, 0.9224940538406372]","[0.688300852255796, 0.7808573980351295, 0.10689083088008848]",0.005958,outputs/c6_sam1_vit_h_pilot/predictions/175_0_p2_visible_skeleton.png
175:0:p3_visible_box,175,B,Stage_3/Sigmoid/4/57087,0,100,p3_visible_box,0,0,True,False,1,0.97267234,0.72310906,2,0.76517977,"[0.9538858532905579, 0.9726723432540894, 0.9706772565841675]","[0.6793077726391168, 0.7231090556467253, 0.7651797702521259]",0.005053,outputs/c6_sam1_vit_h_pilot/predictions/175_0_p3_visible_box.png
175:0:p4_visible_points_box,175,B,Stage_3/Sigmoid/4/57087,0,100,p4_visible_points_box,3,0,True,False,1,0.96870160,0.77338505,2,0.79838878,"[0.9527747631072998, 0.9687016010284424, 0.9128710031509399]","[0.7232582425779501, 0.7733850514694913, 0.7983887811427719]",0.005864,outputs/c6_sam1_vit_h_pilot/predictions/175_0_p4_visible_points_box.png
175:0:p5_visible_points_negatives,175,B,Stage_3/Sigmoid/4/57087,0,100,p5_visible_points_negatives,3,2,False,False,0,0.95513880,0.74679994,0,0.74679994,"[0.9551388025283813, 0.9281492233276367, 0.9443886280059814]","[0.7467999403252276, 0.6048988774362388, 0.10408555958294179]",0.005562,outputs/c6_sam1_vit_h_pilot/predictions/175_0_p5_visible_points_negatives.png
175:0:p6_visible_points_box_negatives,175,B,Stage_3/Sigmoid/4/57087,0,100,p6_visible_points_box_negatives,3,2,True,False,1,0.95988083,0.76861107,1,0.76861107,"[0.9479580521583557, 0.9598808288574219, 0.887846827507019]","[0.7151723109055647, 0.7686110696702969, 0.7558723203638481]",0.005915,outputs/c6_sam1_vit_h_pilot/predictions/175_0_p6_visible_points_box_negatives.png
175:0:p7_shifted_entry_ablation,175,B,Stage_3/Sigmoid/4/57087,0,100,p7_shifted_entry_ablation,3,0,False,False,2,0.96978378,0.09728020,0,0.76721155,"[0.9542882442474365, 0.8925989866256714, 0.9697837829589844]","[0.7672115499343753, 0.3760730729244022, 0.09728020203033405]",0.005597,outputs/c6_sam1_vit_h_pilot/predictions/175_0_p7_shifted_entry_ablation.png
175:1:p1_visible_points,175,B,Stage_3/Sigmoid/4/57087,1,50,p1_visible_points,2,0,False,False,0,0.98642498,0.86105417,0,0.86105417,"[0.98642498254776, 0.8851189613342285, 0.9853310585021973]","[0.8610541727672035, 0.4749596448748991, 0.0800325700225984]",0.005531,outputs/c6_sam1_vit_h_pilot/predictions/175_1_p1_visible_points.png
175:1:p2_visible_skeleton,175,B,Stage_3/Sigmoid/4/57087,1,50,p2_visible_skeleton,18,0,False,False,1,0.97330022,0.86627141,1,0.86627141,"[0.909692645072937, 0.9733002185821533, 0.9511799812316895]","[0.8222116475712874, 0.8662714097496707, 0.07846362141189085]",0.005859,outputs/c6_sam1_vit_h_pilot/predictions/175_1_p2_visible_skeleton.png
175:1:p3_visible_box,175,B,Stage_3/Sigmoid/4/57087,1,50,p3_visible_box,0,0,True,False,1,0.99418712,0.85841356,2,0.86819180,"[0.993668258190155, 0.9941871166229248, 0.9905505180358887]","[0.8457117756872506, 0.8584135583293678, 0.8681918008784774]",0.005006,outputs/c6_sam1_vit_h_pilot/predictions/175_1_p3_visible_box.png
175:1:p4_visible_points_box,175,B,Stage_3/Sigmoid/4/57087,1,50,p4_visible_points_box,2,0,True,False,0,0.99409825,0.84966507,2,0.87076822,"[0.9940982460975647, 0.9935275316238403, 0.9883202314376831]","[0.8496650682675061, 0.8628527506313824, 0.8707682172528639]",0.005802,outputs/c6_sam1_vit_h_pilot/predictions/175_1_p4_visible_points_box.png
175:1:p5_visible_points_negatives,175,B,Stage_3/Sigmoid/4/57087,1,50,p5_visible_points_negatives,2,3,False,False,0,0.97924167,0.84651708,1,0.86497566,"[0.979241669178009, 0.9777137041091919, 0.9477587938308716]","[0.846517076027673, 0.8649756597489111, 0.06044124100695506]",0.005727,outputs/c6_sam1_vit_h_pilot/predictions/175_1_p5_visible_points_negatives.png
175:1:p6_visible_points_box_negatives,175,B,Stage_3/Sigmoid/4/57087,1,50,p6_visible_points_box_negatives,2,3,True,False,1,0.98656154,0.86252333,2,0.86647883,"[0.9856342673301697, 0.9865615367889404, 0.9797754287719727]","[0.8449064753468282, 0.8625233336993522, 0.8664788320099528]",0.005893,outputs/c6_sam1_vit_h_pilot/predictions/175_1_p6_visible_points_box_negatives.png
175:1:p7_shifted_entry_ablation,175,B,Stage_3/Sigmoid/4/57087,1,50,p7_shifted_entry_ablation,2,0,False,False,0,0.98642498,0.86105417,0,0.86105417,"[0.98642498254776, 0.8851189613342285, 0.9853310585021973]","[0.8610541727672035, 0.4749596448748991, 0.0800325700225984]",0.005595,outputs/c6_sam1_vit_h_pilot/predictions/175_1_p7_shifted_entry_ablation.png
158:0:p1_visible_points,158,C,Stage_3/Sigmoid/4/70587,0,150,p1_visible_points,2,0,False,False,2,0.95026076,0.06537225,0,0.83612903,"[0.9022825360298157, 0.8949002027511597, 0.9502607583999634]","[0.8361290322580646, 0.8270467377666249, 0.06537224876982929]",0.020544,outputs/c6_sam1_vit_h_pilot/predictions/158_0_p1_visible_points.png
158:0:p2_visible_skeleton,158,C,Stage_3/Sigmoid/4/70587,0,150,p2_visible_skeleton,2,0,False,False,2,0.95026076,0.06537225,0,0.83612903,"[0.9022825360298157, 0.8949002027511597, 0.9502607583999634]","[0.8361290322580646, 0.8270467377666249, 0.06537224876982929]",0.005881,outputs/c6_sam1_vit_h_pilot/predictions/158_0_p2_visible_skeleton.png
158:0:p3_visible_box,158,C,Stage_3/Sigmoid/4/70587,0,150,p3_visible_box,0,0,True,False,1,0.76586270,0.12403726,1,0.12403726,"[0.6261717081069946, 0.7658627033233643, 0.7221274375915527]","[0.10752928552266834, 0.12403725595557943, 0.029495873845902444]",0.005270,outputs/c6_sam1_vit_h_pilot/predictions/158_0_p3_visible_box.png
158:0:p4_visible_points_box,158,C,Stage_3/Sigmoid/4/70587,0,150,p4_visible_points_box,2,0,True,False,1,0.78826797,0.12743513,0,0.19833788,"[0.7444895505905151, 0.788267970085144, 0.7537902593612671]","[0.19833787587685983, 0.12743513398553807, 0.04479638009049774]",0.005814,outputs/c6_sam1_vit_h_pilot/predictions/158_0_p4_visible_points_box.png
158:0:p5_visible_points_negatives,158,C,Stage_3/Sigmoid/4/70587,0,150,p5_visible_points_negatives,2,5,False,False,2,0.87352705,0.09737321,1,0.84655059,"[0.8382444977760315, 0.8061373233795166, 0.8735270500183105]","[0.657871198568873, 0.8465505859052649, 0.09737320932122769]",0.005802,outputs/c6_sam1_vit_h_pilot/predictions/158_0_p5_visible_points_negatives.png
158:0:p6_visible_points_box_negatives,158,C,Stage_3/Sigmoid/4/70587,0,150,p6_visible_points_box_negatives,2,5,True,False,1,0.67800736,0.15349839,0,0.21844985,"[0.6776383519172668, 0.6780073642730713, 0.6639147996902466]","[0.2184498548134912, 0.1534983853606028, 0.07263474439046957]",0.005896,outputs/c6_sam1_vit_h_pilot/predictions/158_0_p6_visible_points_box_negatives.png
158:0:p7_shifted_entry_ablation,158,C,Stage_3/Sigmoid/4/70587,0,150,p7_shifted_entry_ablation,3,0,False,True,2,0.95321512,0.06558805,0,0.88401996,"[0.9291730523109436, 0.8888595104217529, 0.9532151222229004]","[0.884019964470011, 0.7470483753003866, 0.06558805338154483]",0.005588,outputs/c6_sam1_vit_h_pilot/predictions/158_0_p7_shifted_entry_ablation.png
158:1:p1_visible_points,158,B,Stage_3/Sigmoid/4/70587,1,50,p1_visible_points,3,0,False,False,2,0.94928467,0.05020457,0,0.74930932,"[0.9186028242111206, 0.7430874109268188, 0.9492846727371216]","[0.7493093159465134, 0.18768521187662152, 0.05020457223383406]",0.005579,outputs/c6_sam1_vit_h_pilot/predictions/158_1_p1_visible_points.png
158:1:p2_visible_skeleton,158,B,Stage_3/Sigmoid/4/70587,1,50,p2_visible_skeleton,16,0,False,False,1,0.92470181,0.78499588,1,0.78499588,"[0.9154447913169861, 0.9247018098831177, 0.8522950410842896]","[0.7088468437192617, 0.7849958779884584, 0.5810574841097995]",0.005886,outputs/c6_sam1_vit_h_pilot/predictions/158_1_p2_visible_skeleton.png
158:1:p3_visible_box,158,B,Stage_3/Sigmoid/4/70587,1,50,p3_visible_box,0,0,True,False,1,0.93701899,0.74839450,2,0.75783461,"[0.9280197024345398, 0.9370189905166626, 0.9358607530593872]","[0.6502577170324897, 0.7483944954128441, 0.757834611228323]",0.005002,outputs/c6_sam1_vit_h_pilot/predictions/158_1_p3_visible_box.png
158:1:p4_visible_points_box,158,B,Stage_3/Sigmoid/4/70587,1,50,p4_visible_points_box,3,0,True,False,1,0.94490910,0.78435729,1,0.78435729,"[0.9406442046165466, 0.9449090957641602, 0.8927212953567505]","[0.7283865002311605, 0.7843572936340406, 0.7606578880984814]",0.005836,outputs/c6_sam1_vit_h_pilot/predictions/158_1_p4_visible_points_box.png
158:1:p5_visible_points_negatives,158,B,Stage_3/Sigmoid/4/70587,1,50,p5_visible_points_negatives,3,4,False,False,0,0.90646333,0.72172352,1,0.82002301,"[0.9064633250236511, 0.8190047740936279, 0.7703994512557983]","[0.7217235188509874, 0.8200230149597239, 0.08695765268962646]",0.005621,outputs/c6_sam1_vit_h_pilot/predictions/158_1_p5_visible_points_negatives.png
158:1:p6_visible_points_box_negatives,158,B,Stage_3/Sigmoid/4/70587,1,50,p6_visible_points_box_negatives,3,4,True,False,1,0.92289674,0.78502183,1,0.78502183,"[0.9174433350563049, 0.9228967428207397, 0.8762060403823853]","[0.6957175925925926, 0.785021826634163, 0.7536178107606679]",0.006485,outputs/c6_sam1_vit_h_pilot/predictions/158_1_p6_visible_points_box_negatives.png
158:1:p7_shifted_entry_ablation,158,B,Stage_3/Sigmoid/4/70587,1,50,p7_shifted_entry_ablation,3,0,False,False,2,0.94928467,0.05020457,0,0.74930932,"[0.9186028242111206, 0.7430874109268188, 0.9492846727371216]","[0.7493093159465134, 0.18768521187662152, 0.05020457223383406]",0.005800,outputs/c6_sam1_vit_h_pilot/predictions/158_1_p7_shifted_entry_ablation.png
158:2:p1_visible_points,158,B,Stage_3/Sigmoid/4/70587,2,100,p1_visible_points,2,0,False,False,2,0.92240000,0.00711038,0,0.67511700,"[0.8373492360115051, 0.7446169853210449, 0.9223999977111816]","[0.6751170046801872, 0.1313935883088671, 0.007110383058533053]",0.005553,outputs/c6_sam1_vit_h_pilot/predictions/158_2_p1_visible_points.png
158:2:p2_visible_skeleton,158,B,Stage_3/Sigmoid/4/70587,2,100,p2_visible_skeleton,13,0,False,False,2,0.88362861,0.00869935,0,0.23772701,"[0.7480525970458984, 0.8490175008773804, 0.8836286067962646]","[0.2377270064440539, 0.11918032786885246, 0.008699347639734406]",0.005881,outputs/c6_sam1_vit_h_pilot/predictions/158_2_p2_visible_skeleton.png
158:2:p3_visible_box,158,B,Stage_3/Sigmoid/4/70587,2,100,p3_visible_box,0,0,True,False,2,0.81040430,0.12189254,2,0.12189254,"[0.5442508459091187, 0.7820487022399902, 0.8104043006896973]","[0.09537701974865351, 0.11346191694548317, 0.1218925421010425]",0.005030,outputs/c6_sam1_vit_h_pilot/predictions/158_2_p3_visible_box.png
158:2:p4_visible_points_box,158,B,Stage_3/Sigmoid/4/70587,2,100,p4_visible_points_box,2,0,True,False,2,0.81480205,0.15841584,0,0.25460975,"[0.7199267745018005, 0.7911913394927979, 0.8148020505905151]","[0.25460974993685276, 0.1851623690926692, 0.15841584158415842]",0.005795,outputs/c6_sam1_vit_h_pilot/predictions/158_2_p4_visible_points_box.png
158:2:p5_visible_points_negatives,158,B,Stage_3/Sigmoid/4/70587,2,100,p5_visible_points_negatives,2,5,False,False,2,0.79696667,0.00861777,0,0.64990253,"[0.6474498510360718, 0.5676586627960205, 0.7969666719436646]","[0.6499025341130604, 0.09246724212879588, 0.00861776529942043]",0.005814,outputs/c6_sam1_vit_h_pilot/predictions/158_2_p5_visible_points_negatives.png
158:2:p6_visible_points_box_negatives,158,B,Stage_3/Sigmoid/4/70587,2,100,p6_visible_points_box_negatives,2,5,True,False,2,0.76112175,0.14142040,0,0.25000000,"[0.6497328281402588, 0.7323707342147827, 0.7611217498779297]","[0.25, 0.16551000645577793, 0.14142040366466901]",0.005829,outputs/c6_sam1_vit_h_pilot/predictions/158_2_p6_visible_points_box_negatives.png
158:2:p7_shifted_entry_ablation,158,B,Stage_3/Sigmoid/4/70587,2,100,p7_shifted_entry_ablation,2,0,False,False,2,0.92240000,0.00711038,0,0.67511700,"[0.8373492360115051, 0.7446169853210449, 0.9223999977111816]","[0.6751170046801872, 0.1313935883088671, 0.007110383058533053]",0.005518,outputs/c6_sam1_vit_h_pilot/predictions/158_2_p7_shifted_entry_ablation.png
76:0:p1_visible_points,76,C,Stage_3/Sigmoid/4/72087,0,50,p1_visible_points,1,0,False,False,1,0.97015452,0.89293487,1,0.89293487,"[0.9552649259567261, 0.9701545238494873, 0.6548332571983337]","[0.8913172888851093, 0.8929348735978571, 0.03310053877008521]",0.020601,outputs/c6_sam1_vit_h_pilot/predictions/076_0_p1_visible_points.png
76:0:p2_visible_skeleton,76,C,Stage_3/Sigmoid/4/72087,0,50,p2_visible_skeleton,1,0,False,False,1,0.97015452,0.89293487,1,0.89293487,"[0.9552649259567261, 0.9701545238494873, 0.6548332571983337]","[0.8913172888851093, 0.8929348735978571, 0.03310053877008521]",0.006205,outputs/c6_sam1_vit_h_pilot/predictions/076_0_p2_visible_skeleton.png
76:0:p3_visible_box,76,C,Stage_3/Sigmoid/4/72087,0,50,p3_visible_box,0,0,True,False,2,0.64611101,0.00058548,0,0.07563025,"[0.5519980192184448, 0.6445440053939819, 0.646111011505127]","[0.07563025210084033, 0.0004979666362353722, 0.000585480093676815]",0.004889,outputs/c6_sam1_vit_h_pilot/predictions/076_0_p3_visible_box.png
76:0:p4_visible_points_box,76,C,Stage_3/Sigmoid/4/72087,0,50,p4_visible_points_box,1,0,True,False,1,0.72746074,0.02513035,0,0.07404832,"[0.6873818039894104, 0.7274607419967651, 0.6906235814094543]","[0.0740483226142882, 0.02513035302162578, 0.002169921548990152]",0.005818,outputs/c6_sam1_vit_h_pilot/predictions/076_0_p4_visible_points_box.png
76:0:p5_visible_points_negatives,76,C,Stage_3/Sigmoid/4/72087,0,50,p5_visible_points_negatives,1,0,False,False,1,0.97015452,0.89293487,1,0.89293487,"[0.9552649259567261, 0.9701545238494873, 0.6548332571983337]","[0.8913172888851093, 0.8929348735978571, 0.03310053877008521]",0.005462,outputs/c6_sam1_vit_h_pilot/predictions/076_0_p5_visible_points_negatives.png
76:0:p6_visible_points_box_negatives,76,C,Stage_3/Sigmoid/4/72087,0,50,p6_visible_points_box_negatives,1,0,True,False,1,0.72746074,0.02513035,0,0.07404832,"[0.6873818039894104, 0.7274607419967651, 0.6906235814094543]","[0.0740483226142882, 0.02513035302162578, 0.002169921548990152]",0.005683,outputs/c6_sam1_vit_h_pilot/predictions/076_0_p6_visible_points_box_negatives.png
76:0:p7_shifted_entry_ablation,76,C,Stage_3/Sigmoid/4/72087,0,50,p7_shifted_entry_ablation,2,0,False,True,0,0.97881681,0.89217759,0,0.89217759,"[0.97881680727005, 0.9158737659454346, 0.7494264841079712]","[0.8921775898520085, 0.8350308641975308, 0.03333935697167014]",0.005538,outputs/c6_sam1_vit_h_pilot/predictions/076_0_p7_shifted_entry_ablation.png
162:0:p1_visible_points,162,A,Stage_3/Sigmoid/5/151568,0,50,p1_visible_points,4,0,False,False,0,0.97091150,0.89256162,0,0.89256162,"[0.9709115028381348, 0.9560110569000244, 0.8597738742828369]","[0.8925616177706979, 0.8874606282455095, 0.07593253898101333]",0.020380,outputs/c6_sam1_vit_h_pilot/predictions/162_0_p1_visible_points.png
162:0:p2_visible_skeleton,162,A,Stage_3/Sigmoid/5/151568,0,50,p2_visible_skeleton,24,0,False,False,1,0.96081853,0.88870404,1,0.88870404,"[0.9308733344078064, 0.9608185291290283, 0.9556981325149536]","[0.7836259857958259, 0.8887040354918523, 0.8343207109118566]",0.005908,outputs/c6_sam1_vit_h_pilot/predictions/162_0_p2_visible_skeleton.png
162:0:p3_visible_box,162,A,Stage_3/Sigmoid/5/151568,0,50,p3_visible_box,0,0,True,False,1,0.98349893,0.89400371,1,0.89400371,"[0.9738953709602356, 0.9834989309310913, 0.9778672456741333]","[0.875194107990594, 0.8940037145131334, 0.8845793995066769]",0.004871,outputs/c6_sam1_vit_h_pilot/predictions/162_0_p3_visible_box.png
162:0:p4_visible_points_box,162,A,Stage_3/Sigmoid/5/151568,0,50,p4_visible_points_box,4,0,True,False,1,0.97792435,0.89734108,1,0.89734108,"[0.969845712184906, 0.9779243469238281, 0.9692001342773438]","[0.8763521901046285, 0.8973410811762634, 0.867814899356713]",0.005693,outputs/c6_sam1_vit_h_pilot/predictions/162_0_p4_visible_points_box.png
162:0:p5_visible_points_negatives,162,A,Stage_3/Sigmoid/5/151568,0,50,p5_visible_points_negatives,4,2,False,False,0,0.94015157,0.88734950,1,0.89942303,"[0.940151572227478, 0.9303994178771973, 0.8680703639984131]","[0.8873495042492918, 0.8994230264883294, 0.0907409137624965]",0.005441,outputs/c6_sam1_vit_h_pilot/predictions/162_0_p5_visible_points_negatives.png
162:0:p6_visible_points_box_negatives,162,A,Stage_3/Sigmoid/5/151568,0,50,p6_visible_points_box_negatives,4,2,True,False,1,0.96829891,0.90096268,1,0.90096268,"[0.9642625451087952, 0.9682989120483398, 0.9564685821533203]","[0.8834448234616578, 0.9009626796782276, 0.8551588922473654]",0.005773,outputs/c6_sam1_vit_h_pilot/predictions/162_0_p6_visible_points_box_negatives.png
162:0:p7_shifted_entry_ablation,162,A,Stage_3/Sigmoid/5/151568,0,50,p7_shifted_entry_ablation,4,0,False,False,0,0.97091150,0.89256162,0,0.89256162,"[0.9709115028381348, 0.9560110569000244, 0.8597738742828369]","[0.8925616177706979, 0.8874606282455095, 0.07593253898101333]",0.005483,outputs/c6_sam1_vit_h_pilot/predictions/162_0_p7_shifted_entry_ablation.png
162:1:p1_visible_points,162,C,Stage_3/Sigmoid/5/151568,1,100,p1_visible_points,2,0,False,False,0,0.97446710,0.79699958,0,0.79699958,"[0.9744670987129211, 0.8503304719924927, 0.6910760402679443]","[0.7969995803608896, 0.523182404453194, 0.022697448481609445]",0.005445,outputs/c6_sam1_vit_h_pilot/predictions/162_1_p1_visible_points.png
162:1:p2_visible_skeleton,162,C,Stage_3/Sigmoid/5/151568,1,100,p2_visible_skeleton,2,0,False,False,0,0.97446710,0.79699958,0,0.79699958,"[0.9744670987129211, 0.8503304719924927, 0.6910760402679443]","[0.7969995803608896, 0.523182404453194, 0.022697448481609445]",0.005549,outputs/c6_sam1_vit_h_pilot/predictions/162_1_p2_visible_skeleton.png
162:1:p3_visible_box,162,C,Stage_3/Sigmoid/5/151568,1,100,p3_visible_box,0,0,True,False,2,0.83063042,0.15986181,2,0.15986181,"[0.714214026927948, 0.8220041990280151, 0.8306304216384888]","[0.025225786359389598, 0.09577375946173255, 0.15986180904522612]",0.004929,outputs/c6_sam1_vit_h_pilot/predictions/162_1_p3_visible_box.png
162:1:p4_visible_points_box,162,C,Stage_3/Sigmoid/5/151568,1,100,p4_visible_points_box,2,0,True,False,2,0.92081773,0.16928556,2,0.16928556,"[0.8761449456214905, 0.916953444480896, 0.9208177328109741]","[0.13329848405645583, 0.1579941250524549, 0.16928556463440184]",0.005738,outputs/c6_sam1_vit_h_pilot/predictions/162_1_p4_visible_points_box.png
162:1:p5_visible_points_negatives,162,C,Stage_3/Sigmoid/5/151568,1,100,p5_visible_points_negatives,2,4,False,False,0,0.94359523,0.80186505,0,0.80186505,"[0.9435952305793762, 0.9013504981994629, 0.8162903785705566]","[0.8018650461022632, 0.7999585835576724, 0.11536622153551852]",0.005538,outputs/c6_sam1_vit_h_pilot/predictions/162_1_p5_visible_points_negatives.png
162:1:p6_visible_points_box_negatives,162,C,Stage_3/Sigmoid/5/151568,1,100,p6_visible_points_box_negatives,2,4,True,False,1,0.86616480,0.25509133,2,0.26359437,"[0.8489764332771301, 0.8661648035049438, 0.8503620624542236]","[0.18753887621812151, 0.2550913289943313, 0.26359437329414237]",0.005657,outputs/c6_sam1_vit_h_pilot/predictions/162_1_p6_visible_points_box_negatives.png
162:1:p7_shifted_entry_ablation,162,C,Stage_3/Sigmoid/5/151568,1,100,p7_shifted_entry_ablation,3,0,False,True,0,0.98040867,0.79336761,0,0.79336761,"[0.9804086685180664, 0.839313268661499, 0.6093999147415161]","[0.7933676146500157, 0.7526797895147145, 0.022259849779214774]",0.005488,outputs/c6_sam1_vit_h_pilot/predictions/162_1_p7_shifted_entry_ablation.png
99:0:p1_visible_points,99,B,Stage_3/Sigmoid/5/154568,0,50,p1_visible_points,3,0,False,False,0,0.97471207,0.94133840,0,0.94133840,"[0.974712073802948, 0.9447355270385742, 0.6661291718482971]","[0.941338403905097, 0.8554516335682255, 0.08469211561955627]",0.020481,outputs/c6_sam1_vit_h_pilot/predictions/099_0_p1_visible_points.png
99:0:p2_visible_skeleton,99,B,Stage_3/Sigmoid/5/154568,0,50,p2_visible_skeleton,23,0,False,False,0,0.95110190,0.93619695,1,0.93794837,"[0.9511018991470337, 0.9212167263031006, 0.7968442440032959]","[0.9361969497915119, 0.937948370332712, 0.6657724347983944]",0.005919,outputs/c6_sam1_vit_h_pilot/predictions/099_0_p2_visible_skeleton.png
99:0:p3_visible_box,99,B,Stage_3/Sigmoid/5/154568,0,50,p3_visible_box,0,0,True,False,0,0.92933941,0.86644690,0,0.86644690,"[0.9293394088745117, 0.886041522026062, 0.7538199424743652]","[0.866446896947112, 0.8229079556224563, 0.0002213368747233289]",0.004897,outputs/c6_sam1_vit_h_pilot/predictions/099_0_p3_visible_box.png
99:0:p4_visible_points_box,99,B,Stage_3/Sigmoid/5/154568,0,50,p4_visible_points_box,3,0,True,False,0,0.94413978,0.89471583,0,0.89471583,"[0.9441397786140442, 0.8764714002609253, 0.8393093347549438]","[0.8947158296974363, 0.8905900665062969, 0.007730355714835767]",0.005739,outputs/c6_sam1_vit_h_pilot/predictions/099_0_p4_visible_points_box.png
99:0:p5_visible_points_negatives,99,B,Stage_3/Sigmoid/5/154568,0,50,p5_visible_points_negatives,3,0,False,False,0,0.97471207,0.94133840,0,0.94133840,"[0.974712073802948, 0.9447355270385742, 0.6661291718482971]","[0.941338403905097, 0.8554516335682255, 0.08469211561955627]",0.005403,outputs/c6_sam1_vit_h_pilot/predictions/099_0_p5_visible_points_negatives.png
99:0:p6_visible_points_box_negatives,99,B,Stage_3/Sigmoid/5/154568,0,50,p6_visible_points_box_negatives,3,0,True,False,0,0.94413978,0.89471583,0,0.89471583,"[0.9441397786140442, 0.8764714002609253, 0.8393093347549438]","[0.8947158296974363, 0.8905900665062969, 0.007730355714835767]",0.005675,outputs/c6_sam1_vit_h_pilot/predictions/099_0_p6_visible_points_box_negatives.png
99:0:p7_shifted_entry_ablation,99,B,Stage_3/Sigmoid/5/154568,0,50,p7_shifted_entry_ablation,3,0,False,False,0,0.97471207,0.94133840,0,0.94133840,"[0.974712073802948, 0.9447355270385742, 0.6661291718482971]","[0.941338403905097, 0.8554516335682255, 0.08469211561955627]",0.005850,outputs/c6_sam1_vit_h_pilot/predictions/099_0_p7_shifted_entry_ablation.png
142:0:p1_visible_points,142,A,Stage_3/Sigmoid/6/294000,0,150,p1_visible_points,4,0,False,False,1,0.96136415,0.62893617,0,0.82431768,"[0.9492059350013733, 0.9613641500473022, 0.8073326349258423]","[0.8243176788787804, 0.6289361702127659, 0.06814308866183028]",0.020810,outputs/c6_sam1_vit_h_pilot/predictions/142_0_p1_visible_points.png
142:0:p2_visible_skeleton,142,A,Stage_3/Sigmoid/6/294000,0,150,p2_visible_skeleton,31,0,False,False,0,0.92964041,0.79444047,0,0.79444047,"[0.9296404123306274, 0.8556578159332275, 0.7475681304931641]","[0.7944404676688142, 0.7196421570374595, 0.06601463648177279]",0.006080,outputs/c6_sam1_vit_h_pilot/predictions/142_0_p2_visible_skeleton.png
142:0:p3_visible_box,142,A,Stage_3/Sigmoid/6/294000,0,150,p3_visible_box,0,0,True,False,0,0.97901005,0.91048342,1,0.92231205,"[0.9790100455284119, 0.9780991077423096, 0.9238497018814087]","[0.9104834176503653, 0.9223120527831986, 0.8909465943231245]",0.004906,outputs/c6_sam1_vit_h_pilot/predictions/142_0_p3_visible_box.png
142:0:p4_visible_points_box,142,A,Stage_3/Sigmoid/6/294000,0,150,p4_visible_points_box,4,0,True,False,0,0.95078117,0.88945345,0,0.88945345,"[0.9507811665534973, 0.9045042991638184, 0.8477227687835693]","[0.8894534529227235, 0.8618496863130042, 0.3717266562336985]",0.005724,outputs/c6_sam1_vit_h_pilot/predictions/142_0_p4_visible_points_box.png
142:0:p5_visible_points_negatives,142,A,Stage_3/Sigmoid/6/294000,0,150,p5_visible_points_negatives,4,6,False,False,0,0.90462738,0.91568718,0,0.91568718,"[0.9046273827552795, 0.7361856698989868, 0.7447504997253418]","[0.9156871818602499, 0.8814329635075525, 0.003986285525446134]",0.005572,outputs/c6_sam1_vit_h_pilot/predictions/142_0_p5_visible_points_negatives.png
142:0:p6_visible_points_box_negatives,142,A,Stage_3/Sigmoid/6/294000,0,150,p6_visible_points_box_negatives,4,6,True,False,0,0.94302696,0.89836644,1,0.92240427,"[0.9430269598960876, 0.7880486249923706, 0.785015344619751]","[0.8983664419204489, 0.9224042709867453, 0.0027079604700023345]",0.006109,outputs/c6_sam1_vit_h_pilot/predictions/142_0_p6_visible_points_box_negatives.png
142:0:p7_shifted_entry_ablation,142,A,Stage_3/Sigmoid/6/294000,0,150,p7_shifted_entry_ablation,4,0,False,False,1,0.96136415,0.62893617,0,0.82431768,"[0.9492059350013733, 0.9613641500473022, 0.8073326349258423]","[0.8243176788787804, 0.6289361702127659, 0.06814308866183028]",0.005548,outputs/c6_sam1_vit_h_pilot/predictions/142_0_p7_shifted_entry_ablation.png
142:1:p1_visible_points,142,B,Stage_3/Sigmoid/6/294000,1,200,p1_visible_points,2,0,False,False,1,0.89406419,0.90254669,1,0.90254669,"[0.8804425597190857, 0.89406418800354, 0.6333602070808411]","[0.2808094785090374, 0.9025466893039049, 0.33933272115090296]",0.005459,outputs/c6_sam1_vit_h_pilot/predictions/142_1_p1_visible_points.png
142:1:p2_visible_skeleton,142,B,Stage_3/Sigmoid/6/294000,1,200,p2_visible_skeleton,18,0,False,False,0,0.92610455,0.87192953,0,0.87192953,"[0.9261045455932617, 0.913274884223938, 0.8163326978683472]","[0.87192952735897, 0.8367221668073352, 0.6125239113311579]",0.005843,outputs/c6_sam1_vit_h_pilot/predictions/142_1_p2_visible_skeleton.png
142:1:p3_visible_box,142,B,Stage_3/Sigmoid/6/294000,1,200,p3_visible_box,0,0,True,False,1,0.96273839,0.91116192,1,0.91116192,"[0.9349948763847351, 0.9627383947372437, 0.9550255537033081]","[0.9012651735339374, 0.9111619241192412, 0.8242111559742784]",0.005158,outputs/c6_sam1_vit_h_pilot/predictions/142_1_p3_visible_box.png
142:1:p4_visible_points_box,142,B,Stage_3/Sigmoid/6/294000,1,200,p4_visible_points_box,2,0,True,False,1,0.96789992,0.89664253,0,0.91014197,"[0.9611547589302063, 0.9678999185562134, 0.9292401075363159]","[0.910141970585735, 0.8966425279789335, 0.8432687909742339]",0.005662,outputs/c6_sam1_vit_h_pilot/predictions/142_1_p4_visible_points_box.png
142:1:p5_visible_points_negatives,142,B,Stage_3/Sigmoid/6/294000,1,200,p5_visible_points_negatives,2,8,False,False,0,0.74805748,0.62803932,0,0.62803932,"[0.74805748462677, 0.6794489622116089, 0.7344605922698975]","[0.628039317123642, 0.625408111441631, 0.13022348789698507]",0.005428,outputs/c6_sam1_vit_h_pilot/predictions/142_1_p5_visible_points_negatives.png
142:1:p6_visible_points_box_negatives,142,B,Stage_3/Sigmoid/6/294000,1,200,p6_visible_points_box_negatives,2,8,True,False,0,0.87674141,0.85291087,1,0.90046868,"[0.8767414093017578, 0.8274563550949097, 0.8260654211044312]","[0.8529108706852138, 0.9004686834256498, 0.8706697459584296]",0.006085,outputs/c6_sam1_vit_h_pilot/predictions/142_1_p6_visible_points_box_negatives.png
142:1:p7_shifted_entry_ablation,142,B,Stage_3/Sigmoid/6/294000,1,200,p7_shifted_entry_ablation,2,0,False,False,1,0.89406419,0.90254669,1,0.90254669,"[0.8804425597190857, 0.89406418800354, 0.6333602070808411]","[0.2808094785090374, 0.9025466893039049, 0.33933272115090296]",0.005426,outputs/c6_sam1_vit_h_pilot/predictions/142_1_p7_shifted_entry_ablation.png
142:2:p1_visible_points,142,C,Stage_3/Sigmoid/6/294000,2,50,p1_visible_points,2,0,False,False,1,0.93165076,0.66018638,1,0.66018638,"[0.6364494562149048, 0.9316507577896118, 0.6774396896362305]","[0.263918402039949, 0.6601863753213367, 0.01495314316984746]",0.005400,outputs/c6_sam1_vit_h_pilot/predictions/142_2_p1_visible_points.png
142:2:p2_visible_skeleton,142,C,Stage_3/Sigmoid/6/294000,2,50,p2_visible_skeleton,2,0,False,False,1,0.93165076,0.66018638,1,0.66018638,"[0.6364494562149048, 0.9316507577896118, 0.6774396896362305]","[0.263918402039949, 0.6601863753213367, 0.01495314316984746]",0.009168,outputs/c6_sam1_vit_h_pilot/predictions/142_2_p2_visible_skeleton.png
142:2:p3_visible_box,142,C,Stage_3/Sigmoid/6/294000,2,50,p3_visible_box,0,0,True,False,2,0.77937973,0.16521244,1,0.17506044,"[0.4559279680252075, 0.7202584743499756, 0.7793797254562378]","[0.05046181572426222, 0.1750604351329573, 0.1652124430955994]",0.005137,outputs/c6_sam1_vit_h_pilot/predictions/142_2_p3_visible_box.png
142:2:p4_visible_points_box,142,C,Stage_3/Sigmoid/6/294000,2,50,p4_visible_points_box,2,0,True,False,2,0.82463717,0.17362598,1,0.23058637,"[0.5736802220344543, 0.7821425199508667, 0.8246371746063232]","[0.09232522796352584, 0.2305863708399366, 0.17362598144182725]",0.005642,outputs/c6_sam1_vit_h_pilot/predictions/142_2_p4_visible_points_box.png
142:2:p5_visible_points_negatives,142,C,Stage_3/Sigmoid/6/294000,2,50,p5_visible_points_negatives,2,8,False,False,2,0.78032422,0.02536232,1,0.59607843,"[0.45914703607559204, 0.6878477334976196, 0.7803242206573486]","[0.2558466678389309, 0.596078431372549, 0.025362318840579712]",0.006779,outputs/c6_sam1_vit_h_pilot/predictions/142_2_p5_visible_points_negatives.png
142:2:p6_visible_points_box_negatives,142,C,Stage_3/Sigmoid/6/294000,2,50,p6_visible_points_box_negatives,2,8,True,False,2,0.69875526,0.35864710,1,0.36294465,"[0.5178185701370239, 0.6062523126602173, 0.6987552642822266]","[0.007098653076083, 0.36294464523492487, 0.35864709636247605]",0.006547,outputs/c6_sam1_vit_h_pilot/predictions/142_2_p6_visible_points_box_negatives.png
142:2:p7_shifted_entry_ablation,142,C,Stage_3/Sigmoid/6/294000,2,50,p7_shifted_entry_ablation,3,0,False,True,1,0.97219324,0.66019885,1,0.66019885,"[0.8025221824645996, 0.9721932411193848, 0.7199653387069702]","[0.5380383228988806, 0.6601988454137268, 0.014738353767685518]",0.005419,outputs/c6_sam1_vit_h_pilot/predictions/142_2_p7_shifted_entry_ablation.png
142:3:p1_visible_points,142,B,Stage_3/Sigmoid/6/294000,3,100,p1_visible_points,2,0,False,False,0,0.86691469,0.39157566,0,0.39157566,"[0.866914689540863, 0.8093816041946411, 0.6846755743026733]","[0.3915756630265211, 0.1659919028340081, 0.004321538711248174]",0.005440,outputs/c6_sam1_vit_h_pilot/predictions/142_3_p1_visible_points.png
142:3:p2_visible_skeleton,142,B,Stage_3/Sigmoid/6/294000,3,100,p2_visible_skeleton,3,0,False,False,0,0.87040043,0.41809672,0,0.41809672,"[0.8704004287719727, 0.8380041122436523, 0.7163103818893433]","[0.41809672386895474, 0.16380920047530131, 0.004414682367931747]",0.005522,outputs/c6_sam1_vit_h_pilot/predictions/142_3_p2_visible_skeleton.png
142:3:p3_visible_box,142,B,Stage_3/Sigmoid/6/294000,3,100,p3_visible_box,0,0,True,False,2,0.86945832,0.83573051,2,0.83573051,"[0.7819369435310364, 0.8424026966094971, 0.8694583177566528]","[0.4004507888805409, 0.8032532920216886, 0.8357305071915215]",0.004830,outputs/c6_sam1_vit_h_pilot/predictions/142_3_p3_visible_box.png
142:3:p4_visible_points_box,142,B,Stage_3/Sigmoid/6/294000,3,100,p4_visible_points_box,2,0,True,False,2,0.89353025,0.87607450,1,0.91957511,"[0.8439849615097046, 0.8831762075424194, 0.8935302495956421]","[0.5705614567526556, 0.9195751138088012, 0.8760744985673352]",0.005679,outputs/c6_sam1_vit_h_pilot/predictions/142_3_p4_visible_points_box.png
142:3:p5_visible_points_negatives,142,B,Stage_3/Sigmoid/6/294000,3,100,p5_visible_points_negatives,2,8,False,False,1,0.79298782,0.15551116,0,0.67274108,"[0.7287614941596985, 0.7929878234863281, 0.6492968201637268]","[0.6727410782080486, 0.15551115551115552, 0.018318421424676348]",0.005427,outputs/c6_sam1_vit_h_pilot/predictions/142_3_p5_visible_points_negatives.png
142:3:p6_visible_points_box_negatives,142,B,Stage_3/Sigmoid/6/294000,3,100,p6_visible_points_box_negatives,2,8,True,False,2,0.83375776,0.41107319,0,0.66151468,"[0.7812817692756653, 0.7842676639556885, 0.833757758140564]","[0.6615146831530139, 0.4210314262691378, 0.4110731892301858]",0.006077,outputs/c6_sam1_vit_h_pilot/predictions/142_3_p6_visible_points_box_negatives.png
142:3:p7_shifted_entry_ablation,142,B,Stage_3/Sigmoid/6/294000,3,100,p7_shifted_entry_ablation,2,0,False,False,0,0.86691469,0.39157566,0,0.39157566,"[0.866914689540863, 0.8093816041946411, 0.6846755743026733]","[0.3915756630265211, 0.1659919028340081, 0.004321538711248174]",0.005446,outputs/c6_sam1_vit_h_pilot/predictions/142_3_p7_shifted_entry_ablation.png
53:0:p1_visible_points,53,B,Stage_3/Sigmoid/7/160500,0,50,p1_visible_points,3,0,False,False,1,0.97470713,0.90835291,1,0.90835291,"[0.9717716574668884, 0.9747071266174316, 0.6731449961662292]","[0.8703419328419328, 0.9083529051363218, 0.4994063794422605]",0.020420,outputs/c6_sam1_vit_h_pilot/predictions/053_0_p1_visible_points.png
53:0:p2_visible_skeleton,53,B,Stage_3/Sigmoid/7/160500,0,50,p2_visible_skeleton,24,0,False,False,1,0.96577501,0.88180055,2,0.89481158,"[0.9593570232391357, 0.9657750129699707, 0.9210126399993896]","[0.8222689291023735, 0.8818005511891396, 0.8948115839123599]",0.005908,outputs/c6_sam1_vit_h_pilot/predictions/053_0_p2_visible_skeleton.png
53:0:p3_visible_box,53,B,Stage_3/Sigmoid/7/160500,0,50,p3_visible_box,0,0,True,False,2,0.97703719,0.90209719,2,0.90209719,"[0.9488962292671204, 0.9732654094696045, 0.9770371913909912]","[0.7808654634946678, 0.8786683738796415, 0.9020971867007672]",0.004909,outputs/c6_sam1_vit_h_pilot/predictions/053_0_p3_visible_box.png
53:0:p4_visible_points_box,53,B,Stage_3/Sigmoid/7/160500,0,50,p4_visible_points_box,3,0,True,False,1,0.97374558,0.89653762,2,0.92811689,"[0.9654789566993713, 0.973745584487915, 0.9382015466690063]","[0.8558318379902589, 0.8965376157111441, 0.9281168864226442]",0.005695,outputs/c6_sam1_vit_h_pilot/predictions/053_0_p4_visible_points_box.png
53:0:p5_visible_points_negatives,53,B,Stage_3/Sigmoid/7/160500,0,50,p5_visible_points_negatives,3,0,False,False,1,0.97470713,0.90835291,1,0.90835291,"[0.9717716574668884, 0.9747071266174316, 0.6731449961662292]","[0.8703419328419328, 0.9083529051363218, 0.4994063794422605]",0.005643,outputs/c6_sam1_vit_h_pilot/predictions/053_0_p5_visible_points_negatives.png
53:0:p6_visible_points_box_negatives,53,B,Stage_3/Sigmoid/7/160500,0,50,p6_visible_points_box_negatives,3,0,True,False,1,0.97374558,0.89653762,2,0.92811689,"[0.9654789566993713, 0.973745584487915, 0.9382015466690063]","[0.8558318379902589, 0.8965376157111441, 0.9281168864226442]",0.005643,outputs/c6_sam1_vit_h_pilot/predictions/053_0_p6_visible_points_box_negatives.png
53:0:p7_shifted_entry_ablation,53,B,Stage_3/Sigmoid/7/160500,0,50,p7_shifted_entry_ablation,3,0,False,False,1,0.97470713,0.90835291,1,0.90835291,"[0.9717716574668884, 0.9747071266174316, 0.6731449961662292]","[0.8703419328419328, 0.9083529051363218, 0.4994063794422605]",0.005453,outputs/c6_sam1_vit_h_pilot/predictions/053_0_p7_shifted_entry_ablation.png
26:0:p1_visible_points,26,C,Stage_3/Sigmoid/7/168000,0,50,p1_visible_points,2,0,False,False,2,0.66071868,0.04540669,0,0.65394833,"[0.5639892220497131, 0.5026881694793701, 0.6607186794281006]","[0.6539483343237669, 0.007474785757901164, 0.045406688918259]",0.020339,outputs/c6_sam1_vit_h_pilot/predictions/026_0_p1_visible_points.png
26:0:p2_visible_skeleton,26,C,Stage_3/Sigmoid/7/168000,0,50,p2_visible_skeleton,2,0,False,False,2,0.66071868,0.04540669,0,0.65394833,"[0.5639892220497131, 0.5026881694793701, 0.6607186794281006]","[0.6539483343237669, 0.007474785757901164, 0.045406688918259]",0.005683,outputs/c6_sam1_vit_h_pilot/predictions/026_0_p2_visible_skeleton.png
26:0:p3_visible_box,26,C,Stage_3/Sigmoid/7/168000,0,50,p3_visible_box,0,0,True,False,1,0.78170037,0.00000000,2,0.00101616,"[0.6053155064582825, 0.7817003726959229, 0.7341821193695068]","[0.00014231048986433067, 0.0, 0.0010161611381004746]",0.005438,outputs/c6_sam1_vit_h_pilot/predictions/026_0_p3_visible_box.png
26:0:p4_visible_points_box,26,C,Stage_3/Sigmoid/7/168000,0,50,p4_visible_points_box,2,0,True,False,2,0.69041240,0.00385774,0,0.05444332,"[0.47421014308929443, 0.6614758968353271, 0.6904124021530151]","[0.054443316649749746, 0.0029925950670898057, 0.0038577404044125613]",0.005660,outputs/c6_sam1_vit_h_pilot/predictions/026_0_p4_visible_points_box.png
26:0:p5_visible_points_negatives,26,C,Stage_3/Sigmoid/7/168000,0,50,p5_visible_points_negatives,2,0,False,False,2,0.66071868,0.04540669,0,0.65394833,"[0.5639892220497131, 0.5026881694793701, 0.6607186794281006]","[0.6539483343237669, 0.007474785757901164, 0.045406688918259]",0.005404,outputs/c6_sam1_vit_h_pilot/predictions/026_0_p5_visible_points_negatives.png
26:0:p6_visible_points_box_negatives,26,C,Stage_3/Sigmoid/7/168000,0,50,p6_visible_points_box_negatives,2,0,True,False,2,0.69041240,0.00385774,0,0.05444332,"[0.47421014308929443, 0.6614758968353271, 0.6904124021530151]","[0.054443316649749746, 0.0029925950670898057, 0.0038577404044125613]",0.005675,outputs/c6_sam1_vit_h_pilot/predictions/026_0_p6_visible_points_box_negatives.png
26:0:p7_shifted_entry_ablation,26,C,Stage_3/Sigmoid/7/168000,0,50,p7_shifted_entry_ablation,3,0,False,True,0,0.79836029,0.00047404,2,0.44213297,"[0.798360288143158, 0.7485554218292236, 0.535876989364624]","[0.00047403510918098965, 0.001595898415411101, 0.4421329746898831]",0.005488,outputs/c6_sam1_vit_h_pilot/predictions/026_0_p7_shifted_entry_ablation.png
75:0:p1_visible_points,75,A,Stage_3/Sigmoid/7/231000,0,50,p1_visible_points,4,0,False,False,1,0.99291921,0.90718241,2,0.90997682,"[0.8388361930847168, 0.9929192066192627, 0.9444262981414795]","[0.6769621941561419, 0.9071824117695677, 0.9099768171840059]",0.020479,outputs/c6_sam1_vit_h_pilot/predictions/075_0_p1_visible_points.png
75:0:p2_visible_skeleton,75,A,Stage_3/Sigmoid/7/231000,0,50,p2_visible_skeleton,43,0,False,False,1,0.94928479,0.90784926,2,0.91322093,"[0.9135132431983948, 0.9492847919464111, 0.9320739507675171]","[0.7937715539763821, 0.9078492643254765, 0.9132209259182916]",0.006069,outputs/c6_sam1_vit_h_pilot/predictions/075_0_p2_visible_skeleton.png
75:0:p3_visible_box,75,A,Stage_3/Sigmoid/7/231000,0,50,p3_visible_box,0,0,True,False,1,0.99291062,0.90601014,2,0.91018952,"[0.9786000847816467, 0.992910623550415, 0.9878162145614624]","[0.8927705098169303, 0.9060101375814628, 0.9101895197046874]",0.004875,outputs/c6_sam1_vit_h_pilot/predictions/075_0_p3_visible_box.png
75:0:p4_visible_points_box,75,A,Stage_3/Sigmoid/7/231000,0,50,p4_visible_points_box,4,0,True,False,1,0.98392332,0.90648969,2,0.90994147,"[0.9331809878349304, 0.9839233160018921, 0.9406790733337402]","[0.9021910205434063, 0.9064896938121524, 0.9099414722611491]",0.005666,outputs/c6_sam1_vit_h_pilot/predictions/075_0_p4_visible_points_box.png
75:0:p5_visible_points_negatives,75,A,Stage_3/Sigmoid/7/231000,0,50,p5_visible_points_negatives,4,0,False,False,1,0.99291921,0.90718241,2,0.90997682,"[0.8388361930847168, 0.9929192066192627, 0.9444262981414795]","[0.6769621941561419, 0.9071824117695677, 0.9099768171840059]",0.005578,outputs/c6_sam1_vit_h_pilot/predictions/075_0_p5_visible_points_negatives.png
75:0:p6_visible_points_box_negatives,75,A,Stage_3/Sigmoid/7/231000,0,50,p6_visible_points_box_negatives,4,0,True,False,1,0.98392332,0.90648969,2,0.90994147,"[0.9331809878349304, 0.9839233160018921, 0.9406790733337402]","[0.9021910205434063, 0.9064896938121524, 0.9099414722611491]",0.005674,outputs/c6_sam1_vit_h_pilot/predictions/075_0_p6_visible_points_box_negatives.png
75:0:p7_shifted_entry_ablation,75,A,Stage_3/Sigmoid/7/231000,0,50,p7_shifted_entry_ablation,4,0,False,False,1,0.99291921,0.90718241,2,0.90997682,"[0.8388361930847168, 0.9929192066192627, 0.9444262981414795]","[0.6769621941561419, 0.9071824117695677, 0.9099768171840059]",0.005421,outputs/c6_sam1_vit_h_pilot/predictions/075_0_p7_shifted_entry_ablation.png
29:0:p1_visible_points,29,B,Stage_3/Sigmoid/7/30000,0,50,p1_visible_points,3,0,False,False,0,0.99365288,0.92713929,1,0.95825252,"[0.993652880191803, 0.9923098087310791, 0.8111138343811035]","[0.9271392850527875, 0.9582525168560081, 0.10515872529830655]",0.020480,outputs/c6_sam1_vit_h_pilot/predictions/029_0_p1_visible_points.png
29:0:p2_visible_skeleton,29,B,Stage_3/Sigmoid/7/30000,0,50,p2_visible_skeleton,36,0,False,False,2,0.97473729,0.96186117,2,0.96186117,"[0.9020320773124695, 0.9477704763412476, 0.974737286567688]","[0.47141003660627406, 0.957700851536468, 0.96186117467582]",0.006081,outputs/c6_sam1_vit_h_pilot/predictions/029_0_p2_visible_skeleton.png
29:0:p3_visible_box,29,B,Stage_3/Sigmoid/7/30000,0,50,p3_visible_box,0,0,True,False,2,0.99713373,0.95345988,2,0.95345988,"[0.8115466237068176, 0.9820674657821655, 0.997133731842041]","[0.838271433208142, 0.8770015061985865, 0.9534598756155642]",0.004887,outputs/c6_sam1_vit_h_pilot/predictions/029_0_p3_visible_box.png
29:0:p4_visible_points_box,29,B,Stage_3/Sigmoid/7/30000,0,50,p4_visible_points_box,3,0,True,False,2,0.98984730,0.95192686,2,0.95192686,"[0.9551312327384949, 0.9656327962875366, 0.9898473024368286]","[0.641713835019022, 0.7847631420219923, 0.951926860317093]",0.005735,outputs/c6_sam1_vit_h_pilot/predictions/029_0_p4_visible_points_box.png
29:0:p5_visible_points_negatives,29,B,Stage_3/Sigmoid/7/30000,0,50,p5_visible_points_negatives,3,0,False,False,0,0.99365288,0.92713929,1,0.95825252,"[0.993652880191803, 0.9923098087310791, 0.8111138343811035]","[0.9271392850527875, 0.9582525168560081, 0.10515872529830655]",0.005697,outputs/c6_sam1_vit_h_pilot/predictions/029_0_p5_visible_points_negatives.png
29:0:p6_visible_points_box_negatives,29,B,Stage_3/Sigmoid/7/30000,0,50,p6_visible_points_box_negatives,3,0,True,False,2,0.98984730,0.95192686,2,0.95192686,"[0.9551312327384949, 0.9656327962875366, 0.9898473024368286]","[0.641713835019022, 0.7847631420219923, 0.951926860317093]",0.006088,outputs/c6_sam1_vit_h_pilot/predictions/029_0_p6_visible_points_box_negatives.png
29:0:p7_shifted_entry_ablation,29,B,Stage_3/Sigmoid/7/30000,0,50,p7_shifted_entry_ablation,3,0,False,False,0,0.99365288,0.92713929,1,0.95825252,"[0.993652880191803, 0.9923098087310791, 0.8111138343811035]","[0.9271392850527875, 0.9582525168560081, 0.10515872529830655]",0.005498,outputs/c6_sam1_vit_h_pilot/predictions/029_0_p7_shifted_entry_ablation.png
20:0:p1_visible_points,20,B,Stage_3/Sigmoid/8/204000,0,50,p1_visible_points,2,0,False,False,2,1.00783086,0.01658296,0,0.03130072,"[0.3949402868747711, 1.003739595413208, 1.0078308582305908]","[0.03130071503173455, 0.016565313613091017, 0.016582959259817738]",0.020631,outputs/c6_sam1_vit_h_pilot/predictions/020_0_p1_visible_points.png
20:0:p2_visible_skeleton,20,B,Stage_3/Sigmoid/8/204000,0,50,p2_visible_skeleton,10,0,False,False,2,0.84774971,0.01891880,0,0.70831209,"[0.6277907490730286, 0.6589630842208862, 0.8477497100830078]","[0.7083120856705762, 0.5242778884462151, 0.01891879905982527]",0.005537,outputs/c6_sam1_vit_h_pilot/predictions/020_0_p2_visible_skeleton.png
20:0:p3_visible_box,20,B,Stage_3/Sigmoid/8/204000,0,50,p3_visible_box,0,0,True,False,2,0.89632046,0.49935499,1,0.59701072,"[0.7905849814414978, 0.8642234802246094, 0.8963204622268677]","[0.38490284005979075, 0.5970107163000564, 0.4993549900316641]",0.004894,outputs/c6_sam1_vit_h_pilot/predictions/020_0_p3_visible_box.png
20:0:p4_visible_points_box,20,B,Stage_3/Sigmoid/8/204000,0,50,p4_visible_points_box,2,0,True,False,2,0.91684449,0.34977176,1,0.49606573,"[0.8324748277664185, 0.8975573778152466, 0.9168444871902466]","[0.4161449016100179, 0.49606572552649847, 0.3497717639387023]",0.005685,outputs/c6_sam1_vit_h_pilot/predictions/020_0_p4_visible_points_box.png
20:0:p5_visible_points_negatives,20,B,Stage_3/Sigmoid/8/204000,0,50,p5_visible_points_negatives,2,0,False,False,2,1.00783086,0.01658296,0,0.03130072,"[0.3949402868747711, 1.003739595413208, 1.0078308582305908]","[0.03130071503173455, 0.016565313613091017, 0.016582959259817738]",0.005468,outputs/c6_sam1_vit_h_pilot/predictions/020_0_p5_visible_points_negatives.png
20:0:p6_visible_points_box_negatives,20,B,Stage_3/Sigmoid/8/204000,0,50,p6_visible_points_box_negatives,2,0,True,False,2,0.91684449,0.34977176,1,0.49606573,"[0.8324748277664185, 0.8975573778152466, 0.9168444871902466]","[0.4161449016100179, 0.49606572552649847, 0.3497717639387023]",0.005639,outputs/c6_sam1_vit_h_pilot/predictions/020_0_p6_visible_points_box_negatives.png
20:0:p7_shifted_entry_ablation,20,B,Stage_3/Sigmoid/8/204000,0,50,p7_shifted_entry_ablation,2,0,False,False,2,1.00783086,0.01658296,0,0.03130072,"[0.3949402868747711, 1.003739595413208, 1.0078308582305908]","[0.03130071503173455, 0.016565313613091017, 0.016582959259817738]",0.005472,outputs/c6_sam1_vit_h_pilot/predictions/020_0_p7_shifted_entry_ablation.png
61:0:p1_visible_points,61,B,Stage_3/Sigmoid/8/216000,0,50,p1_visible_points,3,0,False,False,2,0.94081879,0.04702977,1,0.52512460,"[0.9071601629257202, 0.7400579452514648, 0.9408187866210938]","[0.38117956732746566, 0.525124601683144, 0.04702977164895536]",0.020389,outputs/c6_sam1_vit_h_pilot/predictions/061_0_p1_visible_points.png
61:0:p2_visible_skeleton,61,B,Stage_3/Sigmoid/8/216000,0,50,p2_visible_skeleton,21,0,False,False,0,0.90177947,0.46423562,1,0.53492207,"[0.9017794728279114, 0.8341811895370483, 0.8976643085479736]","[0.4642356241234222, 0.5349220747093263, 0.48854298356510745]",0.006281,outputs/c6_sam1_vit_h_pilot/predictions/061_0_p2_visible_skeleton.png
61:0:p3_visible_box,61,B,Stage_3/Sigmoid/8/216000,0,50,p3_visible_box,0,0,True,False,2,0.94214010,0.47300074,2,0.47300074,"[0.9254835844039917, 0.9394843578338623, 0.9421401023864746]","[0.3784050695416015, 0.4220047693446263, 0.4730007397057615]",0.005174,outputs/c6_sam1_vit_h_pilot/predictions/061_0_p3_visible_box.png
61:0:p4_visible_points_box,61,B,Stage_3/Sigmoid/8/216000,0,50,p4_visible_points_box,3,0,True,False,1,0.95175159,0.44390565,2,0.49314168,"[0.9365421533584595, 0.9517515897750854, 0.9384579658508301]","[0.394059080062536, 0.443905646420646, 0.4931416837782341]",0.006015,outputs/c6_sam1_vit_h_pilot/predictions/061_0_p4_visible_points_box.png
61:0:p5_visible_points_negatives,61,B,Stage_3/Sigmoid/8/216000,0,50,p5_visible_points_negatives,3,0,False,False,2,0.94081879,0.04702977,1,0.52512460,"[0.9071601629257202, 0.7400579452514648, 0.9408187866210938]","[0.38117956732746566, 0.525124601683144, 0.04702977164895536]",0.005433,outputs/c6_sam1_vit_h_pilot/predictions/061_0_p5_visible_points_negatives.png
61:0:p6_visible_points_box_negatives,61,B,Stage_3/Sigmoid/8/216000,0,50,p6_visible_points_box_negatives,3,0,True,False,1,0.95175159,0.44390565,2,0.49314168,"[0.9365421533584595, 0.9517515897750854, 0.9384579658508301]","[0.394059080062536, 0.443905646420646, 0.4931416837782341]",0.005707,outputs/c6_sam1_vit_h_pilot/predictions/061_0_p6_visible_points_box_negatives.png
61:0:p7_shifted_entry_ablation,61,B,Stage_3/Sigmoid/8/216000,0,50,p7_shifted_entry_ablation,3,0,False,False,2,0.94081879,0.04702977,1,0.52512460,"[0.9071601629257202, 0.7400579452514648, 0.9408187866210938]","[0.38117956732746566, 0.525124601683144, 0.04702977164895536]",0.006077,outputs/c6_sam1_vit_h_pilot/predictions/061_0_p7_shifted_entry_ablation.png
181:0:p1_visible_points,181,B,Stage_3/Sigmoid/8/28500,0,50,p1_visible_points,2,0,False,False,0,0.96740878,0.88827458,0,0.88827458,"[0.9674087762832642, 0.8793742656707764, 0.9135242700576782]","[0.8882745837461251, 0.23088934519022822, 0.11807186246506579]",0.020885,outputs/c6_sam1_vit_h_pilot/predictions/181_0_p1_visible_points.png
181:0:p2_visible_skeleton,181,B,Stage_3/Sigmoid/8/28500,0,50,p2_visible_skeleton,17,0,False,False,0,0.94983596,0.87702090,1,0.90928808,"[0.9498359560966492, 0.9383059740066528, 0.9287593364715576]","[0.8770208959038917, 0.9092880836948201, 0.36540888981482617]",0.006109,outputs/c6_sam1_vit_h_pilot/predictions/181_0_p2_visible_skeleton.png
181:0:p3_visible_box,181,B,Stage_3/Sigmoid/8/28500,0,50,p3_visible_box,0,0,True,False,1,0.97608066,0.89106538,1,0.89106538,"[0.9699581265449524, 0.9760806560516357, 0.9502876996994019]","[0.8526591664535924, 0.8910653799450374, 0.850749850029994]",0.004945,outputs/c6_sam1_vit_h_pilot/predictions/181_0_p3_visible_box.png
181:0:p4_visible_points_box,181,B,Stage_3/Sigmoid/8/28500,0,50,p4_visible_points_box,2,0,True,False,0,0.96975595,0.87878691,1,0.90506592,"[0.9697559475898743, 0.9626158475875854, 0.93541419506073]","[0.8787869103924326, 0.9050659175790852, 0.7036991968848868]",0.005816,outputs/c6_sam1_vit_h_pilot/predictions/181_0_p4_visible_points_box.png
181:0:p5_visible_points_negatives,181,B,Stage_3/Sigmoid/8/28500,0,50,p5_visible_points_negatives,2,0,False,False,0,0.96740878,0.88827458,0,0.88827458,"[0.9674087762832642, 0.8793742656707764, 0.9135242700576782]","[0.8882745837461251, 0.23088934519022822, 0.11807186246506579]",0.005797,outputs/c6_sam1_vit_h_pilot/predictions/181_0_p5_visible_points_negatives.png
181:0:p6_visible_points_box_negatives,181,B,Stage_3/Sigmoid/8/28500,0,50,p6_visible_points_box_negatives,2,0,True,False,0,0.96975595,0.87878691,1,0.90506592,"[0.9697559475898743, 0.9626158475875854, 0.93541419506073]","[0.8787869103924326, 0.9050659175790852, 0.7036991968848868]",0.005656,outputs/c6_sam1_vit_h_pilot/predictions/181_0_p6_visible_points_box_negatives.png
181:0:p7_shifted_entry_ablation,181,B,Stage_3/Sigmoid/8/28500,0,50,p7_shifted_entry_ablation,2,0,False,False,0,0.96740878,0.88827458,0,0.88827458,"[0.9674087762832642, 0.8793742656707764, 0.9135242700576782]","[0.8882745837461251, 0.23088934519022822, 0.11807186246506579]",0.005538,outputs/c6_sam1_vit_h_pilot/predictions/181_0_p7_shifted_entry_ablation.png
171:0:p1_visible_points,171,B,Stage_3/Sigmoid/9/101648,0,100,p1_visible_points,3,0,False,False,1,0.98312330,0.91398981,1,0.91398981,"[0.9750877022743225, 0.9831233024597168, 0.9207428693771362]","[0.9017976695820632, 0.913989814208894, 0.13929659490666713]",0.020340,outputs/c6_sam1_vit_h_pilot/predictions/171_0_p1_visible_points.png
171:0:p2_visible_skeleton,171,B,Stage_3/Sigmoid/9/101648,0,100,p2_visible_skeleton,29,0,False,False,1,0.96230447,0.91202913,1,0.91202913,"[0.9460242390632629, 0.9623044729232788, 0.8931968212127686]","[0.8981302757051078, 0.9120291339478775, 0.2577044543197178]",0.006085,outputs/c6_sam1_vit_h_pilot/predictions/171_0_p2_visible_skeleton.png
171:0:p3_visible_box,171,B,Stage_3/Sigmoid/9/101648,0,100,p3_visible_box,0,0,True,False,0,0.98960632,0.90831052,0,0.90831052,"[0.9896063208580017, 0.9382209777832031, 0.908610463142395]","[0.9083105179101072, 0.8775258748151799, 0.44265201720730146]",0.005168,outputs/c6_sam1_vit_h_pilot/predictions/171_0_p3_visible_box.png
171:0:p4_visible_points_box,171,B,Stage_3/Sigmoid/9/101648,0,100,p4_visible_points_box,3,0,True,False,0,0.97319418,0.90710056,1,0.91621430,"[0.9731941819190979, 0.9560651779174805, 0.8491197824478149]","[0.9071005580230043, 0.916214295864715, 0.5739319519058583]",0.005835,outputs/c6_sam1_vit_h_pilot/predictions/171_0_p4_visible_points_box.png
171:0:p5_visible_points_negatives,171,B,Stage_3/Sigmoid/9/101648,0,100,p5_visible_points_negatives,3,2,False,False,1,0.96939182,0.90800604,1,0.90800604,"[0.9316535592079163, 0.9693918228149414, 0.8716951608657837]","[0.894265845873233, 0.9080060379937911, 0.16426751555221286]",0.005751,outputs/c6_sam1_vit_h_pilot/predictions/171_0_p5_visible_points_negatives.png
171:0:p6_visible_points_box_negatives,171,B,Stage_3/Sigmoid/9/101648,0,100,p6_visible_points_box_negatives,3,2,True,False,1,0.98828995,0.91242247,1,0.91242247,"[0.9786752462387085, 0.9882899522781372, 0.8866267204284668]","[0.9018137226943478, 0.9124224662835031, 0.903645016956881]",0.005760,outputs/c6_sam1_vit_h_pilot/predictions/171_0_p6_visible_points_box_negatives.png
171:0:p7_shifted_entry_ablation,171,B,Stage_3/Sigmoid/9/101648,0,100,p7_shifted_entry_ablation,3,0,False,False,1,0.98312330,0.91398981,1,0.91398981,"[0.9750877022743225, 0.9831233024597168, 0.9207428693771362]","[0.9017976695820632, 0.913989814208894, 0.13929659490666713]",0.005449,outputs/c6_sam1_vit_h_pilot/predictions/171_0_p7_shifted_entry_ablation.png
171:1:p1_visible_points,171,B,Stage_3/Sigmoid/9/101648,1,50,p1_visible_points,2,0,False,False,0,0.95118922,0.85415050,0,0.85415050,"[0.9511892199516296, 0.854196310043335, 0.6077205538749695]","[0.8541505042668736, 0.06896758164456551, 0.012513779755462823]",0.005512,outputs/c6_sam1_vit_h_pilot/predictions/171_1_p1_visible_points.png
171:1:p2_visible_skeleton,171,B,Stage_3/Sigmoid/9/101648,1,50,p2_visible_skeleton,8,0,False,False,1,0.94925833,0.87380130,1,0.87380130,"[0.9341452717781067, 0.9492583274841309, 0.8350478410720825]","[0.8356752537080406, 0.8738013041810511, 0.06962967463620622]",0.005481,outputs/c6_sam1_vit_h_pilot/predictions/171_1_p2_visible_skeleton.png
171:1:p3_visible_box,171,B,Stage_3/Sigmoid/9/101648,1,50,p3_visible_box,0,0,True,False,1,0.95379198,0.86943164,1,0.86943164,"[0.9466670751571655, 0.9537919759750366, 0.9447575807571411]","[0.845642829230168, 0.869431643625192, 0.8629726694122052]",0.004932,outputs/c6_sam1_vit_h_pilot/predictions/171_1_p3_visible_box.png
171:1:p4_visible_points_box,171,B,Stage_3/Sigmoid/9/101648,1,50,p4_visible_points_box,2,0,True,False,1,0.95502496,0.87633181,1,0.87633181,"[0.9469776749610901, 0.9550249576568604, 0.9484611749649048]","[0.8579743888242142, 0.8763318112633182, 0.8653284671532847]",0.005677,outputs/c6_sam1_vit_h_pilot/predictions/171_1_p4_visible_points_box.png
171:1:p5_visible_points_negatives,171,B,Stage_3/Sigmoid/9/101648,1,50,p5_visible_points_negatives,2,3,False,False,0,0.87439650,0.85155039,0,0.85155039,"[0.8743965029716492, 0.7150071859359741, 0.6101330518722534]","[0.8515503875968993, 0.07009870918754746, 0.03022719098429445]",0.005688,outputs/c6_sam1_vit_h_pilot/predictions/171_1_p5_visible_points_negatives.png
171:1:p6_visible_points_box_negatives,171,B,Stage_3/Sigmoid/9/101648,1,50,p6_visible_points_box_negatives,2,3,True,False,0,0.92611927,0.84526112,1,0.87456979,"[0.9261192679405212, 0.9244126081466675, 0.8830596208572388]","[0.8452611218568665, 0.8745697896749522, 0.6081706063720452]",0.005954,outputs/c6_sam1_vit_h_pilot/predictions/171_1_p6_visible_points_box_negatives.png
171:1:p7_shifted_entry_ablation,171,B,Stage_3/Sigmoid/9/101648,1,50,p7_shifted_entry_ablation,2,0,False,False,0,0.95118922,0.85415050,0,0.85415050,"[0.9511892199516296, 0.854196310043335, 0.6077205538749695]","[0.8541505042668736, 0.06896758164456551, 0.012513779755462823]",0.005483,outputs/c6_sam1_vit_h_pilot/predictions/171_1_p7_shifted_entry_ablation.png
31:0:p1_visible_points,31,B,Stage_3/Sigmoid/9/149801,0,50,p1_visible_points,3,0,False,False,1,0.97845328,0.88862947,1,0.88862947,"[0.9527161717414856, 0.9784532785415649, 0.8244732618331909]","[0.8873427672955975, 0.8886294653280411, 0.03847628521984228]",0.020471,outputs/c6_sam1_vit_h_pilot/predictions/031_0_p1_visible_points.png
31:0:p2_visible_skeleton,31,B,Stage_3/Sigmoid/9/149801,0,50,p2_visible_skeleton,17,0,False,False,1,0.96970284,0.89275766,1,0.89275766,"[0.9628475308418274, 0.9697028398513794, 0.8464261293411255]","[0.8897347355203264, 0.8927576601671309, 0.10591330101820255]",0.005891,outputs/c6_sam1_vit_h_pilot/predictions/031_0_p2_visible_skeleton.png
31:0:p3_visible_box,31,B,Stage_3/Sigmoid/9/149801,0,50,p3_visible_box,0,0,True,False,1,0.98521268,0.88962507,1,0.88962507,"[0.98245769739151, 0.9852126836776733, 0.9750659465789795]","[0.886492443324937, 0.8896250682048484, 0.8848321111539946]",0.004880,outputs/c6_sam1_vit_h_pilot/predictions/031_0_p3_visible_box.png
31:0:p4_visible_points_box,31,B,Stage_3/Sigmoid/9/149801,0,50,p4_visible_points_box,3,0,True,False,1,0.98013711,0.88944919,1,0.88944919,"[0.9792547821998596, 0.9801371097564697, 0.8694778680801392]","[0.8878519331817112, 0.8894491854150505, 0.8776153846153846]",0.005807,outputs/c6_sam1_vit_h_pilot/predictions/031_0_p4_visible_points_box.png
31:0:p5_visible_points_negatives,31,B,Stage_3/Sigmoid/9/149801,0,50,p5_visible_points_negatives,3,0,False,False,1,0.97845328,0.88862947,1,0.88862947,"[0.9527161717414856, 0.9784532785415649, 0.8244732618331909]","[0.8873427672955975, 0.8886294653280411, 0.03847628521984228]",0.006309,outputs/c6_sam1_vit_h_pilot/predictions/031_0_p5_visible_points_negatives.png
31:0:p6_visible_points_box_negatives,31,B,Stage_3/Sigmoid/9/149801,0,50,p6_visible_points_box_negatives,3,0,True,False,1,0.98013711,0.88944919,1,0.88944919,"[0.9792547821998596, 0.9801371097564697, 0.8694778680801392]","[0.8878519331817112, 0.8894491854150505, 0.8776153846153846]",0.005688,outputs/c6_sam1_vit_h_pilot/predictions/031_0_p6_visible_points_box_negatives.png
31:0:p7_shifted_entry_ablation,31,B,Stage_3/Sigmoid/9/149801,0,50,p7_shifted_entry_ablation,3,0,False,False,1,0.97845328,0.88862947,1,0.88862947,"[0.9527161717414856, 0.9784532785415649, 0.8244732618331909]","[0.8873427672955975, 0.8886294653280411, 0.03847628521984228]",0.005451,outputs/c6_sam1_vit_h_pilot/predictions/031_0_p7_shifted_entry_ablation.png
182:0:p1_visible_points,182,A,Stage_3/Sigmoid/9/150251,0,50,p1_visible_points,4,0,False,False,0,0.97560054,0.95396659,0,0.95396659,"[0.97560054063797, 0.9141380786895752, 0.8990471363067627]","[0.9539665900930036, 0.9534724067676499, 0.13727960088485416]",0.020702,outputs/c6_sam1_vit_h_pilot/predictions/182_0_p1_visible_points.png
182:0:p2_visible_skeleton,182,A,Stage_3/Sigmoid/9/150251,0,50,p2_visible_skeleton,27,0,False,False,0,0.97071147,0.94567747,1,0.95649564,"[0.9707114696502686, 0.9673129320144653, 0.9278827905654907]","[0.9456774655450152, 0.9564956428952517, 0.2680661991998574]",0.005957,outputs/c6_sam1_vit_h_pilot/predictions/182_0_p2_visible_skeleton.png
182:0:p3_visible_box,182,A,Stage_3/Sigmoid/9/150251,0,50,p3_visible_box,0,0,True,False,0,1.00221717,0.93622546,1,0.95132526,"[1.002217173576355, 1.0004867315292358, 0.9939143657684326]","[0.9362254605690238, 0.9513252581236311, 0.950601872492198]",0.004999,outputs/c6_sam1_vit_h_pilot/predictions/182_0_p3_visible_box.png
182:0:p4_visible_points_box,182,A,Stage_3/Sigmoid/9/150251,0,50,p4_visible_points_box,4,0,True,False,1,0.99016166,0.95436941,1,0.95436941,"[0.9813045263290405, 0.990161657333374, 0.9606232643127441]","[0.9472071225644811, 0.9543694074700618, 0.9205056179775281]",0.005761,outputs/c6_sam1_vit_h_pilot/predictions/182_0_p4_visible_points_box.png
182:0:p5_visible_points_negatives,182,A,Stage_3/Sigmoid/9/150251,0,50,p5_visible_points_negatives,4,0,False,False,0,0.97560054,0.95396659,0,0.95396659,"[0.97560054063797, 0.9141380786895752, 0.8990471363067627]","[0.9539665900930036, 0.9534724067676499, 0.13727960088485416]",0.005482,outputs/c6_sam1_vit_h_pilot/predictions/182_0_p5_visible_points_negatives.png
182:0:p6_visible_points_box_negatives,182,A,Stage_3/Sigmoid/9/150251,0,50,p6_visible_points_box_negatives,4,0,True,False,1,0.99016166,0.95436941,1,0.95436941,"[0.9813045263290405, 0.990161657333374, 0.9606232643127441]","[0.9472071225644811, 0.9543694074700618, 0.9205056179775281]",0.005899,outputs/c6_sam1_vit_h_pilot/predictions/182_0_p6_visible_points_box_negatives.png
182:0:p7_shifted_entry_ablation,182,A,Stage_3/Sigmoid/9/150251,0,50,p7_shifted_entry_ablation,4,0,False,False,0,0.97560054,0.95396659,0,0.95396659,"[0.97560054063797, 0.9141380786895752, 0.8990471363067627]","[0.9539665900930036, 0.9534724067676499, 0.13727960088485416]",0.006266,outputs/c6_sam1_vit_h_pilot/predictions/182_0_p7_shifted_entry_ablation.png
190:0:p1_visible_points,190,C,Stage_3/Sigmoid/9/18000,0,100,p1_visible_points,1,0,False,False,0,0.93024474,0.67102575,1,0.85488127,"[0.9302447438240051, 0.9194109439849854, 0.7179933786392212]","[0.6710257458111973, 0.8548812664907651, 0.014278674387088826]",0.020427,outputs/c6_sam1_vit_h_pilot/predictions/190_0_p1_visible_points.png
190:0:p2_visible_skeleton,190,C,Stage_3/Sigmoid/9/18000,0,100,p2_visible_skeleton,1,0,False,False,0,0.93024474,0.67102575,1,0.85488127,"[0.9302447438240051, 0.9194109439849854, 0.7179933786392212]","[0.6710257458111973, 0.8548812664907651, 0.014278674387088826]",0.005470,outputs/c6_sam1_vit_h_pilot/predictions/190_0_p2_visible_skeleton.png
190:0:p3_visible_box,190,C,Stage_3/Sigmoid/9/18000,0,100,p3_visible_box,0,0,True,False,1,0.89546919,0.16653028,2,0.18680654,"[0.8047054409980774, 0.8954691886901855, 0.8883979320526123]","[0.04829834929692276, 0.1665302782324059, 0.18680653621141818]",0.004867,outputs/c6_sam1_vit_h_pilot/predictions/190_0_p3_visible_box.png
190:0:p4_visible_points_box,190,C,Stage_3/Sigmoid/9/18000,0,100,p4_visible_points_box,1,0,True,False,2,0.94371653,0.21051571,2,0.21051571,"[0.8951439261436462, 0.9418036937713623, 0.9437165260314941]","[0.14737056665307785, 0.19387755102040816, 0.2105157131345689]",0.005699,outputs/c6_sam1_vit_h_pilot/predictions/190_0_p4_visible_points_box.png
190:0:p5_visible_points_negatives,190,C,Stage_3/Sigmoid/9/18000,0,100,p5_visible_points_negatives,1,4,False,False,0,0.91121608,0.77097367,0,0.77097367,"[0.9112160801887512, 0.7706776857376099, 0.8377927541732788]","[0.7709736680955297, 0.1917435533475278, 0.029553755090046596]",0.005447,outputs/c6_sam1_vit_h_pilot/predictions/190_0_p5_visible_points_negatives.png
190:0:p6_visible_points_box_negatives,190,C,Stage_3/Sigmoid/9/18000,0,100,p6_visible_points_box_negatives,1,4,True,False,1,0.80723631,0.17126507,0,0.18459658,"[0.8040761351585388, 0.8072363138198853, 0.7929972410202026]","[0.1845965770171149, 0.1712650725526262, 0.08103204998992139]",0.005701,outputs/c6_sam1_vit_h_pilot/predictions/190_0_p6_visible_points_box_negatives.png
190:0:p7_shifted_entry_ablation,190,C,Stage_3/Sigmoid/9/18000,0,100,p7_shifted_entry_ablation,2,0,False,True,0,0.80284905,0.01596623,1,0.88826927,"[0.8028490543365479, 0.7528148889541626, 0.6409708857536316]","[0.015966232336208478, 0.8882692690699064, 0.0]",0.005438,outputs/c6_sam1_vit_h_pilot/predictions/190_0_p7_shifted_entry_ablation.png
190:1:p1_visible_points,190,A,Stage_3/Sigmoid/9/18000,1,50,p1_visible_points,4,0,False,False,1,0.98128140,0.93386860,1,0.93386860,"[0.7600851655006409, 0.9812813997268677, 0.8590825796127319]","[0.0662961122841883, 0.9338685952439323, 0.09602855867916109]",0.005412,outputs/c6_sam1_vit_h_pilot/predictions/190_1_p1_visible_points.png
190:1:p2_visible_skeleton,190,A,Stage_3/Sigmoid/9/18000,1,50,p2_visible_skeleton,22,0,False,False,1,0.96941495,0.93654589,1,0.93654589,"[0.9655939340591431, 0.9694149494171143, 0.9356050491333008]","[0.8925138632162661, 0.9365458892771749, 0.19700120180843556]",0.006162,outputs/c6_sam1_vit_h_pilot/predictions/190_1_p2_visible_skeleton.png
190:1:p3_visible_box,190,A,Stage_3/Sigmoid/9/18000,1,50,p3_visible_box,0,0,True,False,1,0.99674094,0.93191044,2,0.93844264,"[0.9871479868888855, 0.9967409372329712, 0.9941402673721313]","[0.9250854450842134, 0.9319104440890639, 0.9384426355398556]",0.005049,outputs/c6_sam1_vit_h_pilot/predictions/190_1_p3_visible_box.png
190:1:p4_visible_points_box,190,A,Stage_3/Sigmoid/9/18000,1,50,p4_visible_points_box,4,0,True,False,1,0.99176073,0.93655663,2,0.93914162,"[0.9443739652633667, 0.9917607307434082, 0.9538910388946533]","[0.9340797932880126, 0.9365566327156707, 0.9391416151350027]",0.005701,outputs/c6_sam1_vit_h_pilot/predictions/190_1_p4_visible_points_box.png
190:1:p5_visible_points_negatives,190,A,Stage_3/Sigmoid/9/18000,1,50,p5_visible_points_negatives,4,1,False,False,1,0.97859752,0.93243616,1,0.93243616,"[0.6966944336891174, 0.9785975217819214, 0.8006631135940552]","[0.07778053778798981, 0.9324361607553416, 0.09885029962747315]",0.005497,outputs/c6_sam1_vit_h_pilot/predictions/190_1_p5_visible_points_negatives.png
190:1:p6_visible_points_box_negatives,190,A,Stage_3/Sigmoid/9/18000,1,50,p6_visible_points_box_negatives,4,1,True,False,1,0.98931456,0.93521360,2,0.93778308,"[0.9276059865951538, 0.9893145561218262, 0.969344973564148]","[0.9334031220173035, 0.9352136017677388, 0.9377830823846248]",0.005699,outputs/c6_sam1_vit_h_pilot/predictions/190_1_p6_visible_points_box_negatives.png
190:1:p7_shifted_entry_ablation,190,A,Stage_3/Sigmoid/9/18000,1,50,p7_shifted_entry_ablation,4,0,False,False,1,0.98128140,0.93386860,1,0.93386860,"[0.7600851655006409, 0.9812813997268677, 0.8590825796127319]","[0.0662961122841883, 0.9338685952439323, 0.09602855867916109]",0.005659,outputs/c6_sam1_vit_h_pilot/predictions/190_1_p7_shifted_entry_ablation.png
71:0:p1_visible_points,71,A,Stage_3/Sigmoid/9/245675,0,50,p1_visible_points,4,0,False,False,1,0.97166848,0.93399867,1,0.93399867,"[0.9679624438285828, 0.9716684818267822, 0.7983180284500122]","[0.9202516958229204, 0.9339986693280107, 0.06604523994592257]",0.020448,outputs/c6_sam1_vit_h_pilot/predictions/071_0_p1_visible_points.png
71:0:p2_visible_skeleton,71,A,Stage_3/Sigmoid/9/245675,0,50,p2_visible_skeleton,28,0,False,False,1,0.94566083,0.91502468,1,0.91502468,"[0.9343223571777344, 0.9456608295440674, 0.8801853656768799]","[0.8862622658340767, 0.9150246843461924, 0.0629142449270929]",0.005989,outputs/c6_sam1_vit_h_pilot/predictions/071_0_p2_visible_skeleton.png
71:0:p3_visible_box,71,A,Stage_3/Sigmoid/9/245675,0,50,p3_visible_box,0,0,True,False,1,0.98571563,0.92212421,2,0.92711707,"[0.9754782319068909, 0.9857156276702881, 0.9795259237289429]","[0.9047129774402501, 0.9221242092132228, 0.9271170651643525]",0.004924,outputs/c6_sam1_vit_h_pilot/predictions/071_0_p3_visible_box.png
71:0:p4_visible_points_box,71,A,Stage_3/Sigmoid/9/245675,0,50,p4_visible_points_box,4,0,True,False,1,0.97624767,0.93252242,1,0.93252242,"[0.968745768070221, 0.9762476682662964, 0.9113411903381348]","[0.9227444865226109, 0.9325224185385776, 0.9170669369409069]",0.005912,outputs/c6_sam1_vit_h_pilot/predictions/071_0_p4_visible_points_box.png
71:0:p5_visible_points_negatives,71,A,Stage_3/Sigmoid/9/245675,0,50,p5_visible_points_negatives,4,3,False,False,0,0.93899554,0.92385877,0,0.92385877,"[0.9389955401420593, 0.7995729446411133, 0.7070407867431641]","[0.9238587731811697, 0.9192346249400689, 0.004623459134698388]",0.005503,outputs/c6_sam1_vit_h_pilot/predictions/071_0_p5_visible_points_negatives.png
71:0:p6_visible_points_box_negatives,71,A,Stage_3/Sigmoid/9/245675,0,50,p6_visible_points_box_negatives,4,3,True,False,0,0.96032542,0.92183877,1,0.93222818,"[0.9603254199028015, 0.9233880043029785, 0.8491760492324829]","[0.9218387729623685, 0.932228181374939, 0.1245854620417675]",0.005704,outputs/c6_sam1_vit_h_pilot/predictions/071_0_p6_visible_points_box_negatives.png
71:0:p7_shifted_entry_ablation,71,A,Stage_3/Sigmoid/9/245675,0,50,p7_shifted_entry_ablation,4,0,False,False,1,0.97166848,0.93399867,1,0.93399867,"[0.9679624438285828, 0.9716684818267822, 0.7983180284500122]","[0.9202516958229204, 0.9339986693280107, 0.06604523994592257]",0.005431,outputs/c6_sam1_vit_h_pilot/predictions/071_0_p7_shifted_entry_ablation.png
71:1:p1_visible_points,71,B,Stage_3/Sigmoid/9/245675,1,100,p1_visible_points,3,0,False,False,0,0.94835764,0.92957090,1,0.93230656,"[0.9483576416969299, 0.9303855895996094, 0.7259691953659058]","[0.929570895522388, 0.93230655722586, 0.04554005260107877]",0.005506,outputs/c6_sam1_vit_h_pilot/predictions/071_1_p1_visible_points.png
71:1:p2_visible_skeleton,71,B,Stage_3/Sigmoid/9/245675,1,100,p2_visible_skeleton,11,0,False,False,1,0.95357847,0.92630301,1,0.92630301,"[0.8881421089172363, 0.9535784721374512, 0.9459108114242554]","[0.7361557361557362, 0.9263030076592564, 0.7302132531844855]",0.005813,outputs/c6_sam1_vit_h_pilot/predictions/071_1_p2_visible_skeleton.png
71:1:p3_visible_box,71,B,Stage_3/Sigmoid/9/245675,1,100,p3_visible_box,0,0,True,False,1,0.96870327,0.93151831,1,0.93151831,"[0.9678661823272705, 0.9687032699584961, 0.9598684310913086]","[0.9256592481765475, 0.931518305147742, 0.8876963350785341]",0.004867,outputs/c6_sam1_vit_h_pilot/predictions/071_1_p3_visible_box.png
71:1:p4_visible_points_box,71,B,Stage_3/Sigmoid/9/245675,1,100,p4_visible_points_box,3,0,True,False,0,0.96730548,0.93192204,1,0.93365501,"[0.9673054814338684, 0.9638615846633911, 0.9401125907897949]","[0.9319220367434486, 0.9336550060313631, 0.8174456826745771]",0.005809,outputs/c6_sam1_vit_h_pilot/predictions/071_1_p4_visible_points_box.png
71:1:p5_visible_points_negatives,71,B,Stage_3/Sigmoid/9/245675,1,100,p5_visible_points_negatives,3,4,False,False,0,0.93121141,0.92673582,1,0.93283375,"[0.9312114119529724, 0.9199738502502441, 0.7914954423904419]","[0.9267358190823287, 0.9328337496530669, 0.11210253992839266]",0.005526,outputs/c6_sam1_vit_h_pilot/predictions/071_1_p5_visible_points_negatives.png
71:1:p6_visible_points_box_negatives,71,B,Stage_3/Sigmoid/9/245675,1,100,p6_visible_points_box_negatives,3,4,True,False,0,0.95175207,0.93158091,1,0.93187684,"[0.9517520666122437, 0.9479092359542847, 0.9179376363754272]","[0.9315809097688292, 0.9318768436578171, 0.7891841636321376]",0.005704,outputs/c6_sam1_vit_h_pilot/predictions/071_1_p6_visible_points_box_negatives.png
71:1:p7_shifted_entry_ablation,71,B,Stage_3/Sigmoid/9/245675,1,100,p7_shifted_entry_ablation,3,0,False,False,0,0.94835764,0.92957090,1,0.93230656,"[0.9483576416969299, 0.9303855895996094, 0.7259691953659058]","[0.929570895522388, 0.93230655722586, 0.04554005260107877]",0.005522,outputs/c6_sam1_vit_h_pilot/predictions/071_1_p7_shifted_entry_ablation.png
111:0:p1_visible_points,111,B,Stage_3/Sigmoid/9/256500,0,50,p1_visible_points,3,0,False,False,1,0.98175120,0.93665827,1,0.93665827,"[0.9792885780334473, 0.9817512035369873, 0.7408789396286011]","[0.9260155004672127, 0.9366582721997153, 0.053971947711068106]",0.020399,outputs/c6_sam1_vit_h_pilot/predictions/111_0_p1_visible_points.png
111:0:p2_visible_skeleton,111,B,Stage_3/Sigmoid/9/256500,0,50,p2_visible_skeleton,17,0,False,False,1,0.96679568,0.94123124,1,0.94123124,"[0.9577507376670837, 0.9667956829071045, 0.9048604965209961]","[0.9217123023524875, 0.9412312410997918, 0.12659183570745458]",0.005878,outputs/c6_sam1_vit_h_pilot/predictions/111_0_p2_visible_skeleton.png
111:0:p3_visible_box,111,B,Stage_3/Sigmoid/9/256500,0,50,p3_visible_box,0,0,True,False,1,0.98573971,0.93299621,2,0.94089938,"[0.9714919924736023, 0.9857397079467773, 0.9835202693939209]","[0.9221408512747096, 0.9329962073324906, 0.9408993810593197]",0.005065,outputs/c6_sam1_vit_h_pilot/predictions/111_0_p3_visible_box.png
111:0:p4_visible_points_box,111,B,Stage_3/Sigmoid/9/256500,0,50,p4_visible_points_box,3,0,True,False,1,0.98085070,0.93603026,2,0.94066174,"[0.9747021198272705, 0.9808506965637207, 0.9472845792770386]","[0.9260969976905312, 0.9360302581812202, 0.9406617445993984]",0.005758,outputs/c6_sam1_vit_h_pilot/predictions/111_0_p4_visible_points_box.png
111:0:p5_visible_points_negatives,111,B,Stage_3/Sigmoid/9/256500,0,50,p5_visible_points_negatives,3,0,False,False,1,0.98175120,0.93665827,1,0.93665827,"[0.9792885780334473, 0.9817512035369873, 0.7408789396286011]","[0.9260155004672127, 0.9366582721997153, 0.053971947711068106]",0.005454,outputs/c6_sam1_vit_h_pilot/predictions/111_0_p5_visible_points_negatives.png
111:0:p6_visible_points_box_negatives,111,B,Stage_3/Sigmoid/9/256500,0,50,p6_visible_points_box_negatives,3,0,True,False,1,0.98085070,0.93603026,2,0.94066174,"[0.9747021198272705, 0.9808506965637207, 0.9472845792770386]","[0.9260969976905312, 0.9360302581812202, 0.9406617445993984]",0.005872,outputs/c6_sam1_vit_h_pilot/predictions/111_0_p6_visible_points_box_negatives.png
111:0:p7_shifted_entry_ablation,111,B,Stage_3/Sigmoid/9/256500,0,50,p7_shifted_entry_ablation,3,0,False,False,1,0.98175120,0.93665827,1,0.93665827,"[0.9792885780334473, 0.9817512035369873, 0.7408789396286011]","[0.9260155004672127, 0.9366582721997153, 0.053971947711068106]",0.005770,outputs/c6_sam1_vit_h_pilot/predictions/111_0_p7_shifted_entry_ablation.png
65:0:p1_visible_points,65,B,Stage_3/Sigmoid/9/261000,0,50,p1_visible_points,3,0,False,False,1,0.97679567,0.80528178,1,0.80528178,"[0.753786563873291, 0.9767956733703613, 0.9116023778915405]","[0.055925491670906796, 0.8052817767352112, 0.12975229080957373]",0.020454,outputs/c6_sam1_vit_h_pilot/predictions/065_0_p1_visible_points.png
65:0:p2_visible_skeleton,65,B,Stage_3/Sigmoid/9/261000,0,50,p2_visible_skeleton,24,0,False,False,1,0.96950543,0.88682676,1,0.88682676,"[0.9673027992248535, 0.9695054292678833, 0.9464497566223145]","[0.8675207392628373, 0.8868267602984513, 0.5539201268558421]",0.006152,outputs/c6_sam1_vit_h_pilot/predictions/065_0_p2_visible_skeleton.png
65:0:p3_visible_box,65,B,Stage_3/Sigmoid/9/261000,0,50,p3_visible_box,0,0,True,False,2,0.99438822,0.87974936,2,0.87974936,"[0.9445680975914001, 0.9827964305877686, 0.994388222694397]","[0.8457465054455021, 0.8688975138990874, 0.879749355575581]",0.004870,outputs/c6_sam1_vit_h_pilot/predictions/065_0_p3_visible_box.png
65:0:p4_visible_points_box,65,B,Stage_3/Sigmoid/9/261000,0,50,p4_visible_points_box,3,0,True,False,1,0.98700953,0.88025985,2,0.88390838,"[0.9606918692588806, 0.9870095252990723, 0.9773786067962646]","[0.8714078496499821, 0.8802598491198659, 0.8839083828825056]",0.005665,outputs/c6_sam1_vit_h_pilot/predictions/065_0_p4_visible_points_box.png
65:0:p5_visible_points_negatives,65,B,Stage_3/Sigmoid/9/261000,0,50,p5_visible_points_negatives,3,2,False,False,1,0.97590172,0.88156270,1,0.88156270,"[0.7785632014274597, 0.97590172290802, 0.9499634504318237]","[0.053671616232171426, 0.8815627027140137, 0.6997015506390709]",0.005474,outputs/c6_sam1_vit_h_pilot/predictions/065_0_p5_visible_points_negatives.png
65:0:p6_visible_points_box_negatives,65,B,Stage_3/Sigmoid/9/261000,0,50,p6_visible_points_box_negatives,3,2,True,False,1,0.98296309,0.87351936,1,0.87351936,"[0.9543494582176208, 0.9829630851745605, 0.9693171977996826]","[0.8604289318755256, 0.873519360992893, 0.8682092140026421]",0.005673,outputs/c6_sam1_vit_h_pilot/predictions/065_0_p6_visible_points_box_negatives.png
65:0:p7_shifted_entry_ablation,65,B,Stage_3/Sigmoid/9/261000,0,50,p7_shifted_entry_ablation,3,0,False,False,1,0.97679567,0.80528178,1,0.80528178,"[0.753786563873291, 0.9767956733703613, 0.9116023778915405]","[0.055925491670906796, 0.8052817767352112, 0.12975229080957373]",0.005551,outputs/c6_sam1_vit_h_pilot/predictions/065_0_p7_shifted_entry_ablation.png
65:1:p1_visible_points,65,B,Stage_3/Sigmoid/9/261000,1,100,p1_visible_points,2,0,False,False,0,0.93798608,0.92909972,0,0.92909972,"[0.9379860758781433, 0.7190879583358765, 0.8978359699249268]","[0.9290997194593216, 0.22704815912703527, 0.05791807826311957]",0.005433,outputs/c6_sam1_vit_h_pilot/predictions/065_1_p1_visible_points.png
65:1:p2_visible_skeleton,65,B,Stage_3/Sigmoid/9/261000,1,100,p2_visible_skeleton,14,0,False,False,0,0.96493912,0.90922619,1,0.93128566,"[0.9649391174316406, 0.9222031831741333, 0.9042285680770874]","[0.9092261904761905, 0.9312856560717196, 0.12317565742223277]",0.005835,outputs/c6_sam1_vit_h_pilot/predictions/065_1_p2_visible_skeleton.png
65:1:p3_visible_box,65,B,Stage_3/Sigmoid/9/261000,1,100,p3_visible_box,0,0,True,False,1,0.98556507,0.91325277,1,0.91325277,"[0.9813634753227234, 0.9855650663375854, 0.9739553928375244]","[0.8984891165172856, 0.9132527652601393, 0.8387858035259821]",0.004843,outputs/c6_sam1_vit_h_pilot/predictions/065_1_p3_visible_box.png
65:1:p4_visible_points_box,65,B,Stage_3/Sigmoid/9/261000,1,100,p4_visible_points_box,2,0,True,False,1,0.97479570,0.93819018,1,0.93819018,"[0.9660969376564026, 0.9747956991195679, 0.9078128337860107]","[0.9124218509787845, 0.9381901840490797, 0.7993370070604443]",0.005689,outputs/c6_sam1_vit_h_pilot/predictions/065_1_p4_visible_points_box.png
65:1:p5_visible_points_negatives,65,B,Stage_3/Sigmoid/9/261000,1,100,p5_visible_points_negatives,2,3,False,False,1,0.89190924,0.91991640,1,0.91991640,"[0.7423946857452393, 0.8919092416763306, 0.7886190414428711]","[0.01639344262295082, 0.9199163990416476, 0.06715368485508717]",0.005558,outputs/c6_sam1_vit_h_pilot/predictions/065_1_p5_visible_points_negatives.png
65:1:p6_visible_points_box_negatives,65,B,Stage_3/Sigmoid/9/261000,1,100,p6_visible_points_box_negatives,2,3,True,False,1,0.96842670,0.92471853,1,0.92471853,"[0.9648792743682861, 0.9684267044067383, 0.9249011278152466]","[0.907199590058929, 0.924718526100307, 0.8636385143127514]",0.005884,outputs/c6_sam1_vit_h_pilot/predictions/065_1_p6_visible_points_box_negatives.png
65:1:p7_shifted_entry_ablation,65,B,Stage_3/Sigmoid/9/261000,1,100,p7_shifted_entry_ablation,2,0,False,False,0,0.93798608,0.92909972,0,0.92909972,"[0.9379860758781433, 0.7190879583358765, 0.8978359699249268]","[0.9290997194593216, 0.22704815912703527, 0.05791807826311957]",0.005642,outputs/c6_sam1_vit_h_pilot/predictions/065_1_p7_shifted_entry_ablation.png
57:0:p1_visible_points,57,C,Stage_3/Sigmoid/9/284330,0,50,p1_visible_points,2,0,False,False,2,0.82385349,0.00489029,0,0.19350789,"[0.7804927825927734, 0.7790402173995972, 0.8238534927368164]","[0.19350789096126256, 0.09399585921325052, 0.0048902915539525095]",0.020708,outputs/c6_sam1_vit_h_pilot/predictions/057_0_p1_visible_points.png
57:0:p2_visible_skeleton,57,C,Stage_3/Sigmoid/9/284330,0,50,p2_visible_skeleton,2,0,False,False,2,0.82385349,0.00489029,0,0.19350789,"[0.7804927825927734, 0.7790402173995972, 0.8238534927368164]","[0.19350789096126256, 0.09399585921325052, 0.0048902915539525095]",0.005714,outputs/c6_sam1_vit_h_pilot/predictions/057_0_p2_visible_skeleton.png
57:0:p3_visible_box,57,C,Stage_3/Sigmoid/9/284330,0,50,p3_visible_box,0,0,True,False,2,0.90537953,0.23218673,0,0.43171062,"[0.7916131615638733, 0.8664646148681641, 0.9053795337677002]","[0.431710615280595, 0.27601493233784413, 0.2321867321867322]",0.005437,outputs/c6_sam1_vit_h_pilot/predictions/057_0_p3_visible_box.png
57:0:p4_visible_points_box,57,C,Stage_3/Sigmoid/9/284330,0,50,p4_visible_points_box,2,0,True,False,2,0.93287015,0.24208283,0,0.41812401,"[0.8466083407402039, 0.8929686546325684, 0.9328701496124268]","[0.41812400635930047, 0.31704260651629074, 0.24208282582216809]",0.007533,outputs/c6_sam1_vit_h_pilot/predictions/057_0_p4_visible_points_box.png
57:0:p5_visible_points_negatives,57,C,Stage_3/Sigmoid/9/284330,0,50,p5_visible_points_negatives,2,0,False,False,2,0.82385349,0.00489029,0,0.19350789,"[0.7804927825927734, 0.7790402173995972, 0.8238534927368164]","[0.19350789096126256, 0.09399585921325052, 0.0048902915539525095]",0.005707,outputs/c6_sam1_vit_h_pilot/predictions/057_0_p5_visible_points_negatives.png
57:0:p6_visible_points_box_negatives,57,C,Stage_3/Sigmoid/9/284330,0,50,p6_visible_points_box_negatives,2,0,True,False,2,0.93287015,0.24208283,0,0.41812401,"[0.8466083407402039, 0.8929686546325684, 0.9328701496124268]","[0.41812400635930047, 0.31704260651629074, 0.24208282582216809]",0.005730,outputs/c6_sam1_vit_h_pilot/predictions/057_0_p6_visible_points_box_negatives.png
57:0:p7_shifted_entry_ablation,57,C,Stage_3/Sigmoid/9/284330,0,50,p7_shifted_entry_ablation,3,0,False,True,1,0.81480563,0.10208847,0,0.19090478,"[0.747532069683075, 0.8148056268692017, 0.8028546571731567]","[0.19090478446234013, 0.10208846802438708, 0.0049397144001710825]",0.005452,outputs/c6_sam1_vit_h_pilot/predictions/057_0_p7_shifted_entry_ablation.png
13:0:p1_visible_points,13,B,Stage_3/Sigmoid/9/295527,0,50,p1_visible_points,3,0,False,False,1,0.98666131,0.90794979,1,0.90794979,"[0.9059243202209473, 0.9866613149642944, 0.977318286895752]","[0.4950092685013546, 0.9079497907949791, 0.03973782963139063]",0.020385,outputs/c6_sam1_vit_h_pilot/predictions/013_0_p1_visible_points.png
13:0:p2_visible_skeleton,13,B,Stage_3/Sigmoid/9/295527,0,50,p2_visible_skeleton,15,0,False,False,1,0.97451103,0.91161867,1,0.91161867,"[0.9301213622093201, 0.9745110273361206, 0.9593542814254761]","[0.8660314299936003, 0.9116186693147964, 0.11922569697416838]",0.005856,outputs/c6_sam1_vit_h_pilot/predictions/013_0_p2_visible_skeleton.png
13:0:p3_visible_box,13,B,Stage_3/Sigmoid/9/295527,0,50,p3_visible_box,0,0,True,False,1,0.98893189,0.90605028,2,0.91359773,"[0.9744517207145691, 0.9889318943023682, 0.987757682800293]","[0.8976456362472438, 0.906050276949297, 0.9135977337110481]",0.004869,outputs/c6_sam1_vit_h_pilot/predictions/013_0_p3_visible_box.png
13:0:p4_visible_points_box,13,B,Stage_3/Sigmoid/9/295527,0,50,p4_visible_points_box,3,0,True,False,1,0.98821199,0.90872340,2,0.91586470,"[0.9780151844024658, 0.988211989402771, 0.9874929189682007]","[0.8987782355448217, 0.9087234042553192, 0.915864704217379]",0.005700,outputs/c6_sam1_vit_h_pilot/predictions/013_0_p4_visible_points_box.png
13:0:p5_visible_points_negatives,13,B,Stage_3/Sigmoid/9/295527,0,50,p5_visible_points_negatives,3,0,False,False,1,0.98666131,0.90794979,1,0.90794979,"[0.9059243202209473, 0.9866613149642944, 0.977318286895752]","[0.4950092685013546, 0.9079497907949791, 0.03973782963139063]",0.005530,outputs/c6_sam1_vit_h_pilot/predictions/013_0_p5_visible_points_negatives.png
13:0:p6_visible_points_box_negatives,13,B,Stage_3/Sigmoid/9/295527,0,50,p6_visible_points_box_negatives,3,0,True,False,1,0.98821199,0.90872340,2,0.91586470,"[0.9780151844024658, 0.988211989402771, 0.9874929189682007]","[0.8987782355448217, 0.9087234042553192, 0.915864704217379]",0.006361,outputs/c6_sam1_vit_h_pilot/predictions/013_0_p6_visible_points_box_negatives.png
13:0:p7_shifted_entry_ablation,13,B,Stage_3/Sigmoid/9/295527,0,50,p7_shifted_entry_ablation,3,0,False,False,1,0.98666131,0.90794979,1,0.90794979,"[0.9059243202209473, 0.9866613149642944, 0.977318286895752]","[0.4950092685013546, 0.9079497907949791, 0.03973782963139063]",0.006198,outputs/c6_sam1_vit_h_pilot/predictions/013_0_p7_shifted_entry_ablation.png
139:0:p1_visible_points,139,B,Stage_3/Sigmoid/9/304500,0,50,p1_visible_points,3,0,False,False,0,0.97007042,0.86799799,1,0.87133732,"[0.9700704216957092, 0.9571284055709839, 0.9658725261688232]","[0.8679979941594643, 0.8713373183309893, 0.0972004031855289]",0.020398,outputs/c6_sam1_vit_h_pilot/predictions/139_0_p1_visible_points.png
139:0:p2_visible_skeleton,139,B,Stage_3/Sigmoid/9/304500,0,50,p2_visible_skeleton,23,0,False,False,2,0.96166790,0.84615603,2,0.84615603,"[0.8853870034217834, 0.9517135620117188, 0.9616678953170776]","[0.811513690058301, 0.8178515054948328, 0.8461560251543822]",0.005916,outputs/c6_sam1_vit_h_pilot/predictions/139_0_p2_visible_skeleton.png
139:0:p3_visible_box,139,B,Stage_3/Sigmoid/9/304500,0,50,p3_visible_box,0,0,True,False,1,0.96637046,0.82833087,2,0.85730587,"[0.9467681646347046, 0.9663704633712769, 0.9661197662353516]","[0.7844925883694412, 0.8283308714918759, 0.8573058692726315]",0.005026,outputs/c6_sam1_vit_h_pilot/predictions/139_0_p3_visible_box.png
139:0:p4_visible_points_box,139,B,Stage_3/Sigmoid/9/304500,0,50,p4_visible_points_box,3,0,True,False,1,0.96964335,0.85215648,2,0.86585330,"[0.9484643340110779, 0.9696433544158936, 0.9657654762268066]","[0.8151698270473016, 0.8521564812358127, 0.8658533017349834]",0.005750,outputs/c6_sam1_vit_h_pilot/predictions/139_0_p4_visible_points_box.png
139:0:p5_visible_points_negatives,139,B,Stage_3/Sigmoid/9/304500,0,50,p5_visible_points_negatives,3,0,False,False,0,0.97007042,0.86799799,1,0.87133732,"[0.9700704216957092, 0.9571284055709839, 0.9658725261688232]","[0.8679979941594643, 0.8713373183309893, 0.0972004031855289]",0.005583,outputs/c6_sam1_vit_h_pilot/predictions/139_0_p5_visible_points_negatives.png
139:0:p6_visible_points_box_negatives,139,B,Stage_3/Sigmoid/9/304500,0,50,p6_visible_points_box_negatives,3,0,True,False,1,0.96964335,0.85215648,2,0.86585330,"[0.9484643340110779, 0.9696433544158936, 0.9657654762268066]","[0.8151698270473016, 0.8521564812358127, 0.8658533017349834]",0.005749,outputs/c6_sam1_vit_h_pilot/predictions/139_0_p6_visible_points_box_negatives.png
139:0:p7_shifted_entry_ablation,139,B,Stage_3/Sigmoid/9/304500,0,50,p7_shifted_entry_ablation,3,0,False,False,0,0.97007042,0.86799799,1,0.87133732,"[0.9700704216957092, 0.9571284055709839, 0.9658725261688232]","[0.8679979941594643, 0.8713373183309893, 0.0972004031855289]",0.005610,outputs/c6_sam1_vit_h_pilot/predictions/139_0_p7_shifted_entry_ablation.png
1:0:p1_visible_points,1,C,Stage_3/Sigmoid/9/385500,0,50,p1_visible_points,1,0,False,False,0,0.92739481,0.55346951,1,0.90869565,"[0.9273948073387146, 0.9099376201629639, 0.7879931926727295]","[0.5534695103634725, 0.908695652173913, 0.019346230820547032]",0.021647,outputs/c6_sam1_vit_h_pilot/predictions/001_0_p1_visible_points.png
1:0:p2_visible_skeleton,1,C,Stage_3/Sigmoid/9/385500,0,50,p2_visible_skeleton,1,0,False,False,0,0.92739481,0.55346951,1,0.90869565,"[0.9273948073387146, 0.9099376201629639, 0.7879931926727295]","[0.5534695103634725, 0.908695652173913, 0.019346230820547032]",0.006216,outputs/c6_sam1_vit_h_pilot/predictions/001_0_p2_visible_skeleton.png
1:0:p3_visible_box,1,C,Stage_3/Sigmoid/9/385500,0,50,p3_visible_box,0,0,True,False,1,0.68978977,0.04321818,1,0.04321818,"[0.6031972169876099, 0.6897897720336914, 0.6871739625930786]","[0.017035265989240884, 0.043218184537161655, 0.012128212532486284]",0.007452,outputs/c6_sam1_vit_h_pilot/predictions/001_0_p3_visible_box.png
1:0:p4_visible_points_box,1,C,Stage_3/Sigmoid/9/385500,0,50,p4_visible_points_box,1,0,True,False,1,0.79635787,0.06338028,1,0.06338028,"[0.7156237959861755, 0.7963578701019287, 0.779478907585144]","[0.03494101836643273, 0.06338028169014084, 0.03269794721407625]",0.006736,outputs/c6_sam1_vit_h_pilot/predictions/001_0_p4_visible_points_box.png
1:0:p5_visible_points_negatives,1,C,Stage_3/Sigmoid/9/385500,0,50,p5_visible_points_negatives,1,0,False,False,0,0.92739481,0.55346951,1,0.90869565,"[0.9273948073387146, 0.9099376201629639, 0.7879931926727295]","[0.5534695103634725, 0.908695652173913, 0.019346230820547032]",0.006436,outputs/c6_sam1_vit_h_pilot/predictions/001_0_p5_visible_points_negatives.png
1:0:p6_visible_points_box_negatives,1,C,Stage_3/Sigmoid/9/385500,0,50,p6_visible_points_box_negatives,1,0,True,False,1,0.79635787,0.06338028,1,0.06338028,"[0.7156237959861755, 0.7963578701019287, 0.779478907585144]","[0.03494101836643273, 0.06338028169014084, 0.03269794721407625]",0.006494,outputs/c6_sam1_vit_h_pilot/predictions/001_0_p6_visible_points_box_negatives.png
1:0:p7_shifted_entry_ablation,1,C,Stage_3/Sigmoid/9/385500,0,50,p7_shifted_entry_ablation,2,0,False,True,0,0.94471270,0.55617302,1,0.90244957,"[0.9447126984596252, 0.9376281499862671, 0.8447991609573364]","[0.5561730249324122, 0.902449567723343, 0.019398481779551505]",0.005568,outputs/c6_sam1_vit_h_pilot/predictions/001_0_p7_shifted_entry_ablation.png
147:0:p1_visible_points,147,B,Stage_3/Sigmoid/9/396718,0,50,p1_visible_points,2,0,False,False,0,0.99472684,0.95846578,0,0.95846578,"[0.994726836681366, 0.8619780540466309, 0.9056696891784668]","[0.9584657766475948, 0.7876361444745792, 0.054958492697539]",0.020515,outputs/c6_sam1_vit_h_pilot/predictions/147_0_p1_visible_points.png
147:0:p2_visible_skeleton,147,B,Stage_3/Sigmoid/9/396718,0,50,p2_visible_skeleton,21,0,False,False,1,0.97740090,0.95943937,1,0.95943937,"[0.8617112040519714, 0.9774008989334106, 0.9560778141021729]","[0.818946460343991, 0.9594393714164366, 0.9277455162135773]",0.005895,outputs/c6_sam1_vit_h_pilot/predictions/147_0_p2_visible_skeleton.png
147:0:p3_visible_box,147,B,Stage_3/Sigmoid/9/396718,0,50,p3_visible_box,0,0,True,False,1,0.99461758,0.95964054,0,0.96241366,"[0.9923921227455139, 0.9946175813674927, 0.9931513071060181]","[0.9624136638646463, 0.9596405402531107, 0.9562374775914795]",0.005294,outputs/c6_sam1_vit_h_pilot/predictions/147_0_p3_visible_box.png
147:0:p4_visible_points_box,147,B,Stage_3/Sigmoid/9/396718,0,50,p4_visible_points_box,2,0,True,False,1,0.99342477,0.95838628,0,0.96017935,"[0.9902513027191162, 0.9934247732162476, 0.9918956756591797]","[0.9601793530479342, 0.9583862770012707, 0.9558173784977909]",0.006106,outputs/c6_sam1_vit_h_pilot/predictions/147_0_p4_visible_points_box.png
147:0:p5_visible_points_negatives,147,B,Stage_3/Sigmoid/9/396718,0,50,p5_visible_points_negatives,2,0,False,False,0,0.99472684,0.95846578,0,0.95846578,"[0.994726836681366, 0.8619780540466309, 0.9056696891784668]","[0.9584657766475948, 0.7876361444745792, 0.054958492697539]",0.005420,outputs/c6_sam1_vit_h_pilot/predictions/147_0_p5_visible_points_negatives.png
147:0:p6_visible_points_box_negatives,147,B,Stage_3/Sigmoid/9/396718,0,50,p6_visible_points_box_negatives,2,0,True,False,1,0.99342477,0.95838628,0,0.96017935,"[0.9902513027191162, 0.9934247732162476, 0.9918956756591797]","[0.9601793530479342, 0.9583862770012707, 0.9558173784977909]",0.005680,outputs/c6_sam1_vit_h_pilot/predictions/147_0_p6_visible_points_box_negatives.png
147:0:p7_shifted_entry_ablation,147,B,Stage_3/Sigmoid/9/396718,0,50,p7_shifted_entry_ablation,2,0,False,False,0,0.99472684,0.95846578,0,0.95846578,"[0.994726836681366, 0.8619780540466309, 0.9056696891784668]","[0.9584657766475948, 0.7876361444745792, 0.054958492697539]",0.005494,outputs/c6_sam1_vit_h_pilot/predictions/147_0_p7_shifted_entry_ablation.png
119:0:p1_visible_points,119,B,Stage_3/Sigmoid/9/42619,0,50,p1_visible_points,1,0,False,False,1,0.97711134,0.93271955,1,0.93271955,"[0.5657151341438293, 0.9771113395690918, 0.7441235780715942]","[0.032297379646556976, 0.9327195467422096, 0.029974153913596747]",0.020329,outputs/c6_sam1_vit_h_pilot/predictions/119_0_p1_visible_points.png
119:0:p2_visible_skeleton,119,B,Stage_3/Sigmoid/9/42619,0,50,p2_visible_skeleton,1,0,False,False,1,0.97711134,0.93271955,1,0.93271955,"[0.5657151341438293, 0.9771113395690918, 0.7441235780715942]","[0.032297379646556976, 0.9327195467422096, 0.029974153913596747]",0.005542,outputs/c6_sam1_vit_h_pilot/predictions/119_0_p2_visible_skeleton.png
119:0:p3_visible_box,119,B,Stage_3/Sigmoid/9/42619,0,50,p3_visible_box,0,0,True,False,2,0.87723911,0.08410173,2,0.08410173,"[0.7528442740440369, 0.8634893894195557, 0.8772391080856323]","[0.048634984833164814, 0.07667342799188641, 0.08410173269834836]",0.005113,outputs/c6_sam1_vit_h_pilot/predictions/119_0_p3_visible_box.png
119:0:p4_visible_points_box,119,B,Stage_3/Sigmoid/9/42619,0,50,p4_visible_points_box,1,0,True,False,2,0.93006039,0.09834736,2,0.09834736,"[0.9169946908950806, 0.9284554719924927, 0.9300603866577148]","[0.06187240085201339, 0.0764938622298874, 0.09834735881577614]",0.006333,outputs/c6_sam1_vit_h_pilot/predictions/119_0_p4_visible_points_box.png
119:0:p5_visible_points_negatives,119,B,Stage_3/Sigmoid/9/42619,0,50,p5_visible_points_negatives,1,0,False,False,1,0.97711134,0.93271955,1,0.93271955,"[0.5657151341438293, 0.9771113395690918, 0.7441235780715942]","[0.032297379646556976, 0.9327195467422096, 0.029974153913596747]",0.007496,outputs/c6_sam1_vit_h_pilot/predictions/119_0_p5_visible_points_negatives.png
119:0:p6_visible_points_box_negatives,119,B,Stage_3/Sigmoid/9/42619,0,50,p6_visible_points_box_negatives,1,0,True,False,2,0.93006039,0.09834736,2,0.09834736,"[0.9169946908950806, 0.9284554719924927, 0.9300603866577148]","[0.06187240085201339, 0.0764938622298874, 0.09834735881577614]",0.005847,outputs/c6_sam1_vit_h_pilot/predictions/119_0_p6_visible_points_box_negatives.png
119:0:p7_shifted_entry_ablation,119,B,Stage_3/Sigmoid/9/42619,0,50,p7_shifted_entry_ablation,1,0,False,False,1,0.97711134,0.93271955,1,0.93271955,"[0.5657151341438293, 0.9771113395690918, 0.7441235780715942]","[0.032297379646556976, 0.9327195467422096, 0.029974153913596747]",0.005778,outputs/c6_sam1_vit_h_pilot/predictions/119_0_p7_shifted_entry_ablation.png
27:0:p1_visible_points,27,B,Stage_3/Sigmoid/9/42762,0,50,p1_visible_points,3,0,False,False,2,0.95919335,0.03560632,1,0.82333362,"[0.9213583469390869, 0.9526554346084595, 0.9591933488845825]","[0.6869282722065487, 0.8233336178202612, 0.03560632439811291]",0.020540,outputs/c6_sam1_vit_h_pilot/predictions/027_0_p1_visible_points.png
27:0:p2_visible_skeleton,27,B,Stage_3/Sigmoid/9/42762,0,50,p2_visible_skeleton,14,0,False,False,1,0.92226052,0.75617258,1,0.75617258,"[0.9112588167190552, 0.9222605228424072, 0.8944129943847656]","[0.5840602018128955, 0.7561725758222981, 0.42432183059605094]",0.006052,outputs/c6_sam1_vit_h_pilot/predictions/027_0_p2_visible_skeleton.png
27:0:p3_visible_box,27,B,Stage_3/Sigmoid/9/42762,0,50,p3_visible_box,0,0,True,False,2,0.95514119,0.90576450,2,0.90576450,"[0.9249801635742188, 0.9524742364883423, 0.9551411867141724]","[0.7286947602359176, 0.8131032715469377, 0.9057644961371933]",0.004926,outputs/c6_sam1_vit_h_pilot/predictions/027_0_p3_visible_box.png
27:0:p4_visible_points_box,27,B,Stage_3/Sigmoid/9/42762,0,50,p4_visible_points_box,3,0,True,False,1,0.96119702,0.82823971,2,0.90101781,"[0.9413462281227112, 0.961197018623352, 0.949067234992981]","[0.7551264524948735, 0.8282397131637357, 0.9010178117048346]",0.005692,outputs/c6_sam1_vit_h_pilot/predictions/027_0_p4_visible_points_box.png
27:0:p5_visible_points_negatives,27,B,Stage_3/Sigmoid/9/42762,0,50,p5_visible_points_negatives,3,1,False,False,1,0.94302046,0.81662258,1,0.81662258,"[0.9027071595191956, 0.9430204629898071, 0.9389173984527588]","[0.6405608755129959, 0.8166225787183207, 0.03595624504022282]",0.005484,outputs/c6_sam1_vit_h_pilot/predictions/027_0_p5_visible_points_negatives.png
27:0:p6_visible_points_box_negatives,27,B,Stage_3/Sigmoid/9/42762,0,50,p6_visible_points_box_negatives,3,1,True,False,1,0.96321046,0.83512545,2,0.90218681,"[0.9423526525497437, 0.9632104635238647, 0.9552755355834961]","[0.7588858509911142, 0.8351254480286738, 0.9021868113239532]",0.006216,outputs/c6_sam1_vit_h_pilot/predictions/027_0_p6_visible_points_box_negatives.png
27:0:p7_shifted_entry_ablation,27,B,Stage_3/Sigmoid/9/42762,0,50,p7_shifted_entry_ablation,3,0,False,False,2,0.95919335,0.03560632,1,0.82333362,"[0.9213583469390869, 0.9526554346084595, 0.9591933488845825]","[0.6869282722065487, 0.8233336178202612, 0.03560632439811291]",0.005550,outputs/c6_sam1_vit_h_pilot/predictions/027_0_p7_shifted_entry_ablation.png
27:1:p1_visible_points,27,C,Stage_3/Sigmoid/9/42762,1,100,p1_visible_points,1,0,False,False,1,0.97790670,0.88256088,1,0.88256088,"[0.8972107172012329, 0.9779067039489746, 0.7712215185165405]","[0.6439274447949527, 0.882560879811469, 0.006910268584879689]",0.005447,outputs/c6_sam1_vit_h_pilot/predictions/027_1_p1_visible_points.png
27:1:p2_visible_skeleton,27,C,Stage_3/Sigmoid/9/42762,1,100,p2_visible_skeleton,1,0,False,False,1,0.97790670,0.88256088,1,0.88256088,"[0.8972107172012329, 0.9779067039489746, 0.7712215185165405]","[0.6439274447949527, 0.882560879811469, 0.006910268584879689]",0.005650,outputs/c6_sam1_vit_h_pilot/predictions/027_1_p2_visible_skeleton.png
27:1:p3_visible_box,27,C,Stage_3/Sigmoid/9/42762,1,100,p3_visible_box,0,0,True,False,2,0.87055278,0.30732070,1,0.31184056,"[0.7541368007659912, 0.8635356426239014, 0.8705527782440186]","[0.06445739257101238, 0.3118405627198124, 0.30732069862504646]",0.004923,outputs/c6_sam1_vit_h_pilot/predictions/027_1_p3_visible_box.png
27:1:p4_visible_points_box,27,C,Stage_3/Sigmoid/9/42762,1,100,p4_visible_points_box,1,0,True,False,2,0.92080879,0.34723275,2,0.34723275,"[0.8768578171730042, 0.9148364067077637, 0.9208087921142578]","[0.21412213740458017, 0.33346394984326017, 0.34723275208491283]",0.005669,outputs/c6_sam1_vit_h_pilot/predictions/027_1_p4_visible_points_box.png
27:1:p5_visible_points_negatives,27,C,Stage_3/Sigmoid/9/42762,1,100,p5_visible_points_negatives,1,3,False,False,1,0.96177852,0.88500785,1,0.88500785,"[0.8796297907829285, 0.9617785215377808, 0.7449623346328735]","[0.6379446640316205, 0.8850078492935636, 0.007685426970393457]",0.005472,outputs/c6_sam1_vit_h_pilot/predictions/027_1_p5_visible_points_negatives.png
27:1:p6_visible_points_box_negatives,27,C,Stage_3/Sigmoid/9/42762,1,100,p6_visible_points_box_negatives,1,3,True,False,1,0.88860774,0.32827694,1,0.32827694,"[0.8452023863792419, 0.8886077404022217, 0.8863625526428223]","[0.22680788897005114, 0.32827693504472966, 0.2917723812975716]",0.005670,outputs/c6_sam1_vit_h_pilot/predictions/027_1_p6_visible_points_box_negatives.png
27:1:p7_shifted_entry_ablation,27,C,Stage_3/Sigmoid/9/42762,1,100,p7_shifted_entry_ablation,2,0,False,True,1,0.97255290,0.88339921,1,0.88339921,"[0.7705088257789612, 0.9725528955459595, 0.6632230281829834]","[0.6391875746714456, 0.883399209486166, 0.007003990283985059]",0.005430,outputs/c6_sam1_vit_h_pilot/predictions/027_1_p7_shifted_entry_ablation.png
78:0:p1_visible_points,78,B,Stage_3/Sigmoid/9/42887,0,50,p1_visible_points,3,0,False,False,1,0.98077691,0.92638278,1,0.92638278,"[0.9804479479789734, 0.9807769060134888, 0.9399477243423462]","[0.9024447949526814, 0.9263827781269641, 0.03832705837843775]",0.020379,outputs/c6_sam1_vit_h_pilot/predictions/078_0_p1_visible_points.png
78:0:p2_visible_skeleton,78,B,Stage_3/Sigmoid/9/42887,0,50,p2_visible_skeleton,17,0,False,False,1,0.96557748,0.92107328,1,0.92107328,"[0.9419257044792175, 0.9655774831771851, 0.9366451501846313]","[0.8901428458685187, 0.921073277891103, 0.06131438826513207]",0.006001,outputs/c6_sam1_vit_h_pilot/predictions/078_0_p2_visible_skeleton.png
78:0:p3_visible_box,78,B,Stage_3/Sigmoid/9/42887,0,50,p3_visible_box,0,0,True,False,1,0.98021090,0.91089577,2,0.93045733,"[0.9799861311912537, 0.9802109003067017, 0.9744104146957397]","[0.8930544593528019, 0.9108957693216734, 0.9304573314474305]",0.005037,outputs/c6_sam1_vit_h_pilot/predictions/078_0_p3_visible_box.png
78:0:p4_visible_points_box,78,B,Stage_3/Sigmoid/9/42887,0,50,p4_visible_points_box,3,0,True,False,1,0.97730589,0.92196964,2,0.94348201,"[0.9738689661026001, 0.9773058891296387, 0.9550997018814087]","[0.9036990298919473, 0.9219696373790608, 0.9434820098769303]",0.005702,outputs/c6_sam1_vit_h_pilot/predictions/078_0_p4_visible_points_box.png
78:0:p5_visible_points_negatives,78,B,Stage_3/Sigmoid/9/42887,0,50,p5_visible_points_negatives,3,2,False,False,0,0.97368503,0.91004250,1,0.93175097,"[0.9736850261688232, 0.8772264719009399, 0.8785542249679565]","[0.9100424996064851, 0.931750972762646, 0.03862214554444139]",0.005508,outputs/c6_sam1_vit_h_pilot/predictions/078_0_p5_visible_points_negatives.png
78:0:p6_visible_points_box_negatives,78,B,Stage_3/Sigmoid/9/42887,0,50,p6_visible_points_box_negatives,3,2,True,False,0,0.97177207,0.90925561,1,0.92601246,"[0.9717720746994019, 0.963910698890686, 0.9186265468597412]","[0.9092556124458449, 0.92601246105919, 0.8724137931034482]",0.005745,outputs/c6_sam1_vit_h_pilot/predictions/078_0_p6_visible_points_box_negatives.png
78:0:p7_shifted_entry_ablation,78,B,Stage_3/Sigmoid/9/42887,0,50,p7_shifted_entry_ablation,3,0,False,False,1,0.98077691,0.92638278,1,0.92638278,"[0.9804479479789734, 0.9807769060134888, 0.9399477243423462]","[0.9024447949526814, 0.9263827781269641, 0.03832705837843775]",0.005841,outputs/c6_sam1_vit_h_pilot/predictions/078_0_p7_shifted_entry_ablation.png
78:1:p1_visible_points,78,C,Stage_3/Sigmoid/9/42887,1,100,p1_visible_points,2,0,False,False,1,0.96588433,0.90400883,1,0.90400883,"[0.935023307800293, 0.9658843278884888, 0.6565333008766174]","[0.6908621960206337, 0.9040088267745494, 0.008706257352650192]",0.005986,outputs/c6_sam1_vit_h_pilot/predictions/078_1_p1_visible_points.png
78:1:p2_visible_skeleton,78,C,Stage_3/Sigmoid/9/42887,1,100,p2_visible_skeleton,2,0,False,False,1,0.96588433,0.90400883,1,0.90400883,"[0.935023307800293, 0.9658843278884888, 0.6565333008766174]","[0.6908621960206337, 0.9040088267745494, 0.008706257352650192]",0.006169,outputs/c6_sam1_vit_h_pilot/predictions/078_1_p2_visible_skeleton.png
78:1:p3_visible_box,78,C,Stage_3/Sigmoid/9/42887,1,100,p3_visible_box,0,0,True,False,2,0.97843885,0.91947291,2,0.91947291,"[0.9096332788467407, 0.9662678241729736, 0.9784388542175293]","[0.6864406779661016, 0.9010665685913939, 0.9194729136163983]",0.005007,outputs/c6_sam1_vit_h_pilot/predictions/078_1_p3_visible_box.png
78:1:p4_visible_points_box,78,C,Stage_3/Sigmoid/9/42887,1,100,p4_visible_points_box,2,0,True,False,1,0.97515762,0.90139296,2,0.92641166,"[0.9314228892326355, 0.975157618522644, 0.9709672927856445]","[0.7119705340699816, 0.9013929618768328, 0.9264116575591985]",0.005726,outputs/c6_sam1_vit_h_pilot/predictions/078_1_p4_visible_points_box.png
78:1:p5_visible_points_negatives,78,C,Stage_3/Sigmoid/9/42887,1,100,p5_visible_points_negatives,2,3,False,False,1,0.97707915,0.89367182,1,0.89367182,"[0.9198834896087646, 0.9770791530609131, 0.8437639474868774]","[0.6927044952100221, 0.8936718175128772, 0.019198350071736012]",0.005494,outputs/c6_sam1_vit_h_pilot/predictions/078_1_p5_visible_points_negatives.png
78:1:p6_visible_points_box_negatives,78,C,Stage_3/Sigmoid/9/42887,1,100,p6_visible_points_box_negatives,2,3,True,False,1,0.97114682,0.89750184,2,0.92083181,"[0.9352945685386658, 0.971146821975708, 0.968512773513794]","[0.7245949926362297, 0.8975018368846437, 0.9208318132068588]",0.005698,outputs/c6_sam1_vit_h_pilot/predictions/078_1_p6_visible_points_box_negatives.png
78:1:p7_shifted_entry_ablation,78,C,Stage_3/Sigmoid/9/42887,1,100,p7_shifted_entry_ablation,3,0,False,True,1,0.97003567,0.90795746,1,0.90795746,"[0.9363874793052673, 0.9700356721878052, 0.7241379022598267]","[0.6920810313075506, 0.907957462412908, 0.008607418016765091]",0.005420,outputs/c6_sam1_vit_h_pilot/predictions/078_1_p7_shifted_entry_ablation.png
172:0:p1_visible_points,172,B,Stage_3/Sigmoid/9/46500,0,100,p1_visible_points,3,0,False,False,1,0.98450351,0.93504152,1,0.93504152,"[0.894840657711029, 0.9845035076141357, 0.8665486574172974]","[0.9211976047904191, 0.9350415183867141, 0.06176244107354147]",0.020416,outputs/c6_sam1_vit_h_pilot/predictions/172_0_p1_visible_points.png
172:0:p2_visible_skeleton,172,B,Stage_3/Sigmoid/9/46500,0,100,p2_visible_skeleton,23,0,False,False,1,0.95947361,0.93551437,1,0.93551437,"[0.9548482894897461, 0.9594736099243164, 0.912502646446228]","[0.9229380463702015, 0.9355143721633888, 0.2571154419678168]",0.006029,outputs/c6_sam1_vit_h_pilot/predictions/172_0_p2_visible_skeleton.png
172:0:p3_visible_box,172,B,Stage_3/Sigmoid/9/46500,0,100,p3_visible_box,0,0,True,False,1,0.99403477,0.93413544,2,0.93829204,"[0.99001145362854, 0.9940347671508789, 0.9889520406723022]","[0.9270355504587156, 0.9341354384630017, 0.9382920370720635]",0.005114,outputs/c6_sam1_vit_h_pilot/predictions/172_0_p3_visible_box.png
172:0:p4_visible_points_box,172,B,Stage_3/Sigmoid/9/46500,0,100,p4_visible_points_box,3,0,True,False,1,0.98566353,0.93572546,2,0.93843972,"[0.9851245284080505, 0.9856635332107544, 0.9681825637817383]","[0.92924483382535, 0.9357254585960089, 0.9384397163120567]",0.006050,outputs/c6_sam1_vit_h_pilot/predictions/172_0_p4_visible_points_box.png
172:0:p5_visible_points_negatives,172,B,Stage_3/Sigmoid/9/46500,0,100,p5_visible_points_negatives,3,2,False,False,1,0.97547638,0.93331749,1,0.93331749,"[0.9701134562492371, 0.9754763841629028, 0.898967981338501]","[0.9285952937807265, 0.9333174904942966, 0.053203483717054204]",0.009721,outputs/c6_sam1_vit_h_pilot/predictions/172_0_p5_visible_points_negatives.png
172:0:p6_visible_points_box_negatives,172,B,Stage_3/Sigmoid/9/46500,0,100,p6_visible_points_box_negatives,3,2,True,False,1,0.98623693,0.93591810,2,0.93705665,"[0.984229326248169, 0.9862369298934937, 0.9785373210906982]","[0.9290482548159451, 0.935918096502038, 0.9370566537406602]",0.006961,outputs/c6_sam1_vit_h_pilot/predictions/172_0_p6_visible_points_box_negatives.png
172:0:p7_shifted_entry_ablation,172,B,Stage_3/Sigmoid/9/46500,0,100,p7_shifted_entry_ablation,3,0,False,False,1,0.98450351,0.93504152,1,0.93504152,"[0.894840657711029, 0.9845035076141357, 0.8665486574172974]","[0.9211976047904191, 0.9350415183867141, 0.06176244107354147]",0.006395,outputs/c6_sam1_vit_h_pilot/predictions/172_0_p7_shifted_entry_ablation.png
172:1:p1_visible_points,172,C,Stage_3/Sigmoid/9/46500,1,50,p1_visible_points,2,0,False,False,2,0.95149684,0.01049838,0,0.84342688,"[0.941443145275116, 0.8663297891616821, 0.9514968395233154]","[0.843426883308715, 0.06414797323888233, 0.010498375330140189]",0.007012,outputs/c6_sam1_vit_h_pilot/predictions/172_1_p1_visible_points.png
172:1:p2_visible_skeleton,172,C,Stage_3/Sigmoid/9/46500,1,50,p2_visible_skeleton,2,0,False,False,2,0.95149684,0.01049838,0,0.84342688,"[0.941443145275116, 0.8663297891616821, 0.9514968395233154]","[0.843426883308715, 0.06414797323888233, 0.010498375330140189]",0.005799,outputs/c6_sam1_vit_h_pilot/predictions/172_1_p2_visible_skeleton.png
172:1:p3_visible_box,172,C,Stage_3/Sigmoid/9/46500,1,50,p3_visible_box,0,0,True,False,2,0.97298539,0.10965057,2,0.10965057,"[0.8696591258049011, 0.9538463354110718, 0.9729853868484497]","[0.0023883348696890974, 0.0048880673649620045, 0.10965056865007416]",0.005477,outputs/c6_sam1_vit_h_pilot/predictions/172_1_p3_visible_box.png
172:1:p4_visible_points_box,172,C,Stage_3/Sigmoid/9/46500,1,50,p4_visible_points_box,2,0,True,False,2,0.89440751,0.12066328,0,0.84389671,"[0.848006010055542, 0.8723453283309937, 0.8944075107574463]","[0.8438967136150235, 0.02505742326164126, 0.12066327585493943]",0.006187,outputs/c6_sam1_vit_h_pilot/predictions/172_1_p4_visible_points_box.png
172:1:p5_visible_points_negatives,172,C,Stage_3/Sigmoid/9/46500,1,50,p5_visible_points_negatives,2,3,False,False,0,0.86393738,0.84743743,0,0.84743743,"[0.8639373779296875, 0.848120927810669, 0.8438766002655029]","[0.8474374255065554, 0.026831384044748885, 0.01683354253631861]",0.005578,outputs/c6_sam1_vit_h_pilot/predictions/172_1_p5_visible_points_negatives.png
172:1:p6_visible_points_box_negatives,172,C,Stage_3/Sigmoid/9/46500,1,50,p6_visible_points_box_negatives,2,3,True,False,2,0.86748230,0.08321144,0,0.85241581,"[0.7528495192527771, 0.8239938020706177, 0.8674823045730591]","[0.852415812591508, 0.05230572160546541, 0.08321144157321632]",0.005677,outputs/c6_sam1_vit_h_pilot/predictions/172_1_p6_visible_points_box_negatives.png
172:1:p7_shifted_entry_ablation,172,C,Stage_3/Sigmoid/9/46500,1,50,p7_shifted_entry_ablation,3,0,False,True,0,0.93866754,0.83684993,0,0.83684993,"[0.9386675357818604, 0.8322761058807373, 0.8780252933502197]","[0.836849925705795, 0.08764789398958826, 0.01062690828343709]",0.005874,outputs/c6_sam1_vit_h_pilot/predictions/172_1_p7_shifted_entry_ablation.png
86:0:p1_visible_points,86,B,Stage_3/Sigmoid/9/48000,0,100,p1_visible_points,3,0,False,False,1,0.97913742,0.92778747,1,0.92778747,"[0.887848436832428, 0.9791374206542969, 0.682309627532959]","[0.2262446010456922, 0.9277874711543873, 0.10955495703475696]",0.020363,outputs/c6_sam1_vit_h_pilot/predictions/086_0_p1_visible_points.png
86:0:p2_visible_skeleton,86,B,Stage_3/Sigmoid/9/48000,0,100,p2_visible_skeleton,18,0,False,False,1,0.95940161,0.92773998,1,0.92773998,"[0.9559159874916077, 0.9594016075134277, 0.8864041566848755]","[0.8419683257918552, 0.9277399763819378, 0.44807847352862135]",0.005873,outputs/c6_sam1_vit_h_pilot/predictions/086_0_p2_visible_skeleton.png
86:0:p3_visible_box,86,B,Stage_3/Sigmoid/9/48000,0,100,p3_visible_box,0,0,True,False,1,0.99471736,0.92940382,2,0.92996414,"[0.9905147552490234, 0.9947173595428467, 0.9869128465652466]","[0.9234028130825284, 0.929403816922817, 0.92996414164052]",0.004898,outputs/c6_sam1_vit_h_pilot/predictions/086_0_p3_visible_box.png
86:0:p4_visible_points_box,86,B,Stage_3/Sigmoid/9/48000,0,100,p4_visible_points_box,3,0,True,False,1,0.98381209,0.93073423,1,0.93073423,"[0.9770428538322449, 0.9838120937347412, 0.933936595916748]","[0.9239756180155774, 0.930734228414134, 0.8077538163314757]",0.005664,outputs/c6_sam1_vit_h_pilot/predictions/086_0_p4_visible_points_box.png
86:0:p5_visible_points_negatives,86,B,Stage_3/Sigmoid/9/48000,0,100,p5_visible_points_negatives,3,2,False,False,1,0.97198713,0.92460786,1,0.92460786,"[0.8806867599487305, 0.9719871282577515, 0.7663562297821045]","[0.25990563356261726, 0.9246078596727947, 0.26449956273375136]",0.005461,outputs/c6_sam1_vit_h_pilot/predictions/086_0_p5_visible_points_negatives.png
86:0:p6_visible_points_box_negatives,86,B,Stage_3/Sigmoid/9/48000,0,100,p6_visible_points_box_negatives,3,2,True,False,0,0.97637659,0.92357549,1,0.93003815,"[0.9763765931129456, 0.9464348554611206, 0.9013255834579468]","[0.9235754945612354, 0.9300381508078994, 0.745714798528224]",0.005713,outputs/c6_sam1_vit_h_pilot/predictions/086_0_p6_visible_points_box_negatives.png
86:0:p7_shifted_entry_ablation,86,B,Stage_3/Sigmoid/9/48000,0,100,p7_shifted_entry_ablation,3,0,False,False,1,0.97913742,0.92778747,1,0.92778747,"[0.887848436832428, 0.9791374206542969, 0.682309627532959]","[0.2262446010456922, 0.9277874711543873, 0.10955495703475696]",0.005694,outputs/c6_sam1_vit_h_pilot/predictions/086_0_p7_shifted_entry_ablation.png
86:1:p1_visible_points,86,B,Stage_3/Sigmoid/9/48000,1,50,p1_visible_points,2,0,False,False,0,0.99405831,0.96028788,0,0.96028788,"[0.9940583109855652, 0.8146482706069946, 0.6956957578659058]","[0.960287880735124, 0.5917147086319726, 0.09318787730211749]",0.006462,outputs/c6_sam1_vit_h_pilot/predictions/086_1_p1_visible_points.png
86:1:p2_visible_skeleton,86,B,Stage_3/Sigmoid/9/48000,1,50,p2_visible_skeleton,20,0,False,False,1,0.97673464,0.96484024,1,0.96484024,"[0.9629364609718323, 0.9767346382141113, 0.9177472591400146]","[0.9515061505181933, 0.9648402412421404, 0.8890498861519354]",0.006200,outputs/c6_sam1_vit_h_pilot/predictions/086_1_p2_visible_skeleton.png
86:1:p3_visible_box,86,B,Stage_3/Sigmoid/9/48000,1,50,p3_visible_box,0,0,True,False,2,1.00267470,0.96087823,2,0.96087823,"[0.9151511192321777, 0.9940732717514038, 1.0026746988296509]","[0.8638212694517983, 0.9557904234065864, 0.9608782306802108]",0.005967,outputs/c6_sam1_vit_h_pilot/predictions/086_1_p3_visible_box.png
86:1:p4_visible_points_box,86,B,Stage_3/Sigmoid/9/48000,1,50,p4_visible_points_box,2,0,True,False,2,1.00047064,0.96258350,2,0.96258350,"[0.9799855947494507, 0.9983241558074951, 1.0004706382751465]","[0.9560736828545665, 0.9601994851994852, 0.9625835046248715]",0.006271,outputs/c6_sam1_vit_h_pilot/predictions/086_1_p4_visible_points_box.png
86:1:p5_visible_points_negatives,86,B,Stage_3/Sigmoid/9/48000,1,50,p5_visible_points_negatives,2,3,False,False,0,0.96220940,0.95950597,0,0.95950597,"[0.9622094035148621, 0.9024754762649536, 0.7662012577056885]","[0.9595059663568235, 0.17146777589837411, 0.1366682063962177]",0.005891,outputs/c6_sam1_vit_h_pilot/predictions/086_1_p5_visible_points_negatives.png
86:1:p6_visible_points_box_negatives,86,B,Stage_3/Sigmoid/9/48000,1,50,p6_visible_points_box_negatives,2,3,True,False,1,0.98210096,0.96062156,1,0.96062156,"[0.9820626378059387, 0.9821009635925293, 0.9461386203765869]","[0.9558363689113826, 0.9606215616253257, 0.9313010410822268]",0.005746,outputs/c6_sam1_vit_h_pilot/predictions/086_1_p6_visible_points_box_negatives.png
86:1:p7_shifted_entry_ablation,86,B,Stage_3/Sigmoid/9/48000,1,50,p7_shifted_entry_ablation,2,0,False,False,0,0.99405831,0.96028788,0,0.96028788,"[0.9940583109855652, 0.8146482706069946, 0.6956957578659058]","[0.960287880735124, 0.5917147086319726, 0.09318787730211749]",0.005490,outputs/c6_sam1_vit_h_pilot/predictions/086_1_p7_shifted_entry_ablation.png
154:0:p1_visible_points,154,B,Stage_3/Sigmoid/9/49500,0,50,p1_visible_points,3,0,False,False,1,1.00048494,0.89602932,1,0.89602932,"[0.7647339701652527, 1.0004849433898926, 0.9394840002059937]","[0.42801929559456003, 0.8960293152483045, 0.5420585204690797]",0.020371,outputs/c6_sam1_vit_h_pilot/predictions/154_0_p1_visible_points.png
154:0:p2_visible_skeleton,154,B,Stage_3/Sigmoid/9/49500,0,50,p2_visible_skeleton,25,0,False,False,1,0.94570696,0.89248491,1,0.89248491,"[0.9356557130813599, 0.9457069635391235, 0.9206254482269287]","[0.8483653231854671, 0.8924849149753155, 0.6846279400686365]",0.006094,outputs/c6_sam1_vit_h_pilot/predictions/154_0_p2_visible_skeleton.png
154:0:p3_visible_box,154,B,Stage_3/Sigmoid/9/49500,0,50,p3_visible_box,0,0,True,False,1,0.99182951,0.88381304,0,0.90980982,"[0.9906250834465027, 0.991829514503479, 0.9879218339920044]","[0.9098098181716927, 0.8838130374630389, 0.6484658561256669]",0.004948,outputs/c6_sam1_vit_h_pilot/predictions/154_0_p3_visible_box.png
154:0:p4_visible_points_box,154,B,Stage_3/Sigmoid/9/49500,0,50,p4_visible_points_box,3,0,True,False,1,0.98571146,0.90195535,0,0.90268663,"[0.9345223307609558, 0.9857114553451538, 0.9719597101211548]","[0.9026866341353974, 0.9019553459991679, 0.7714359625605569]",0.006165,outputs/c6_sam1_vit_h_pilot/predictions/154_0_p4_visible_points_box.png
154:0:p5_visible_points_negatives,154,B,Stage_3/Sigmoid/9/49500,0,50,p5_visible_points_negatives,3,3,False,False,1,0.99496949,0.88146406,1,0.88146406,"[0.8237080574035645, 0.9949694871902466, 0.9767612218856812]","[0.18426561228049773, 0.8814640607682535, 0.7031044943095028]",0.006632,outputs/c6_sam1_vit_h_pilot/predictions/154_0_p5_visible_points_negatives.png
154:0:p6_visible_points_box_negatives,154,B,Stage_3/Sigmoid/9/49500,0,50,p6_visible_points_box_negatives,3,3,True,False,1,0.98800540,0.89910351,1,0.89910351,"[0.8449540138244629, 0.9880053997039795, 0.9600818157196045]","[0.35595174488906384, 0.8991035135586614, 0.781449663787121]",0.006892,outputs/c6_sam1_vit_h_pilot/predictions/154_0_p6_visible_points_box_negatives.png
154:0:p7_shifted_entry_ablation,154,B,Stage_3/Sigmoid/9/49500,0,50,p7_shifted_entry_ablation,3,0,False,False,1,1.00048494,0.89602932,1,0.89602932,"[0.7647339701652527, 1.0004849433898926, 0.9394840002059937]","[0.42801929559456003, 0.8960293152483045, 0.5420585204690797]",0.005933,outputs/c6_sam1_vit_h_pilot/predictions/154_0_p7_shifted_entry_ablation.png
154:1:p1_visible_points,154,B,Stage_3/Sigmoid/9/49500,1,100,p1_visible_points,3,0,False,False,1,0.97696936,0.96059465,1,0.96059465,"[0.8451014161109924, 0.9769693613052368, 0.8975950479507446]","[0.6168663152850983, 0.9605946538333254, 0.4302272678033668]",0.006154,outputs/c6_sam1_vit_h_pilot/predictions/154_1_p1_visible_points.png
154:1:p2_visible_skeleton,154,B,Stage_3/Sigmoid/9/49500,1,100,p2_visible_skeleton,20,0,False,False,2,0.96917129,0.95730080,2,0.95730080,"[0.9425464272499084, 0.9653078317642212, 0.9691712856292725]","[0.874701099952176, 0.9530899546647578, 0.9573008006099886]",0.005895,outputs/c6_sam1_vit_h_pilot/predictions/154_1_p2_visible_skeleton.png
154:1:p3_visible_box,154,B,Stage_3/Sigmoid/9/49500,1,100,p3_visible_box,0,0,True,False,2,0.99132133,0.96092523,2,0.96092523,"[0.9665399193763733, 0.9912793636322021, 0.991321325302124]","[0.9295282748062387, 0.9516806722689075, 0.9609252296416163]",0.004878,outputs/c6_sam1_vit_h_pilot/predictions/154_1_p3_visible_box.png
154:1:p4_visible_points_box,154,B,Stage_3/Sigmoid/9/49500,1,100,p4_visible_points_box,3,0,True,False,2,0.98680067,0.96184768,2,0.96184768,"[0.9668453931808472, 0.9851095676422119, 0.9868006706237793]","[0.930223666602944, 0.9533673810319316, 0.9618476761333904]",0.005718,outputs/c6_sam1_vit_h_pilot/predictions/154_1_p4_visible_points_box.png
154:1:p5_visible_points_negatives,154,B,Stage_3/Sigmoid/9/49500,1,100,p5_visible_points_negatives,3,3,False,False,1,0.96365547,0.95263334,1,0.95263334,"[0.8867211937904358, 0.9636554718017578, 0.8923709392547607]","[0.8434115955917585, 0.9526333381081984, 0.8864399092970522]",0.005432,outputs/c6_sam1_vit_h_pilot/predictions/154_1_p5_visible_points_negatives.png
154:1:p6_visible_points_box_negatives,154,B,Stage_3/Sigmoid/9/49500,1,100,p6_visible_points_box_negatives,3,3,True,False,1,0.98340273,0.94526959,2,0.96110635,"[0.9694430232048035, 0.9834027290344238, 0.979590892791748]","[0.9174917491749175, 0.9452695926261999, 0.9611063505665048]",0.005711,outputs/c6_sam1_vit_h_pilot/predictions/154_1_p6_visible_points_box_negatives.png
154:1:p7_shifted_entry_ablation,154,B,Stage_3/Sigmoid/9/49500,1,100,p7_shifted_entry_ablation,3,0,False,False,1,0.97696936,0.96059465,1,0.96059465,"[0.8451014161109924, 0.9769693613052368, 0.8975950479507446]","[0.6168663152850983, 0.9605946538333254, 0.4302272678033668]",0.005432,outputs/c6_sam1_vit_h_pilot/predictions/154_1_p7_shifted_entry_ablation.png
8:0:p1_visible_points,8,C,Stage_3/Sigmoid/9/6976,0,50,p1_visible_points,1,0,False,False,1,0.94955611,0.86655334,1,0.86655334,"[0.9463003277778625, 0.9495561122894287, 0.603839635848999]","[0.772049424797614, 0.8665533361665958, 0.031569930504704406]",0.020343,outputs/c6_sam1_vit_h_pilot/predictions/008_0_p1_visible_points.png
8:0:p2_visible_skeleton,8,C,Stage_3/Sigmoid/9/6976,0,50,p2_visible_skeleton,1,0,False,False,1,0.94955611,0.86655334,1,0.86655334,"[0.9463003277778625, 0.9495561122894287, 0.603839635848999]","[0.772049424797614, 0.8665533361665958, 0.031569930504704406]",0.005845,outputs/c6_sam1_vit_h_pilot/predictions/008_0_p2_visible_skeleton.png
8:0:p3_visible_box,8,C,Stage_3/Sigmoid/9/6976,0,50,p3_visible_box,0,0,True,False,2,0.85210288,0.22938351,1,0.25347954,"[0.7560749053955078, 0.8444223403930664, 0.8521028757095337]","[0.18791666666666668, 0.25347954449599325, 0.22938350680544436]",0.005169,outputs/c6_sam1_vit_h_pilot/predictions/008_0_p3_visible_box.png
8:0:p4_visible_points_box,8,C,Stage_3/Sigmoid/9/6976,0,50,p4_visible_points_box,1,0,True,False,2,0.92085731,0.32053422,2,0.32053422,"[0.8781504034996033, 0.912962794303894, 0.920857310295105]","[0.23942470389170897, 0.3069097075031793, 0.32053422370617696]",0.006060,outputs/c6_sam1_vit_h_pilot/predictions/008_0_p4_visible_points_box.png
8:0:p5_visible_points_negatives,8,C,Stage_3/Sigmoid/9/6976,0,50,p5_visible_points_negatives,1,0,False,False,1,0.94955611,0.86655334,1,0.86655334,"[0.9463003277778625, 0.9495561122894287, 0.603839635848999]","[0.772049424797614, 0.8665533361665958, 0.031569930504704406]",0.005513,outputs/c6_sam1_vit_h_pilot/predictions/008_0_p5_visible_points_negatives.png
8:0:p6_visible_points_box_negatives,8,C,Stage_3/Sigmoid/9/6976,0,50,p6_visible_points_box_negatives,1,0,True,False,2,0.92085731,0.32053422,2,0.32053422,"[0.8781504034996033, 0.912962794303894, 0.920857310295105]","[0.23942470389170897, 0.3069097075031793, 0.32053422370617696]",0.005916,outputs/c6_sam1_vit_h_pilot/predictions/008_0_p6_visible_points_box_negatives.png
8:0:p7_shifted_entry_ablation,8,C,Stage_3/Sigmoid/9/6976,0,50,p7_shifted_entry_ablation,2,0,False,True,1,0.95434034,0.86539278,1,0.86539278,"[0.9539007544517517, 0.9543403387069702, 0.6549253463745117]","[0.7682147422241159, 0.8653927813163482, 0.022518477585135043]",0.005531,outputs/c6_sam1_vit_h_pilot/predictions/008_0_p7_shifted_entry_ablation.png
49:0:p1_visible_points,49,B,Stage_3/Sigmoid/9/7026,0,50,p1_visible_points,3,0,False,False,0,0.96710640,0.84423136,0,0.84423136,"[0.9671064019203186, 0.96312415599823, 0.966957688331604]","[0.8442313640581504, 0.8426219694702185, 0.04576131586064466]",0.020422,outputs/c6_sam1_vit_h_pilot/predictions/049_0_p1_visible_points.png
49:0:p2_visible_skeleton,49,B,Stage_3/Sigmoid/9/7026,0,50,p2_visible_skeleton,21,0,False,False,0,0.95130420,0.85333831,0,0.85333831,"[0.9513041973114014, 0.9442721605300903, 0.8066644668579102]","[0.8533383112438554, 0.8481665966512633, 0.054054158817281824]",0.005949,outputs/c6_sam1_vit_h_pilot/predictions/049_0_p2_visible_skeleton.png
49:0:p3_visible_box,49,B,Stage_3/Sigmoid/9/7026,0,50,p3_visible_box,0,0,True,False,1,0.96562064,0.84702961,0,0.85305200,"[0.9646204113960266, 0.9656206369400024, 0.946724534034729]","[0.853051996985682, 0.8470296130321565, 0.8378006461648917]",0.004858,outputs/c6_sam1_vit_h_pilot/predictions/049_0_p3_visible_box.png
49:0:p4_visible_points_box,49,B,Stage_3/Sigmoid/9/7026,0,50,p4_visible_points_box,3,0,True,False,1,0.96805656,0.84394522,0,0.84959274,"[0.9673267006874084, 0.9680565595626831, 0.8504883050918579]","[0.8495927376733197, 0.8439452186448823, 0.831228608521185]",0.005722,outputs/c6_sam1_vit_h_pilot/predictions/049_0_p4_visible_points_box.png
49:0:p5_visible_points_negatives,49,B,Stage_3/Sigmoid/9/7026,0,50,p5_visible_points_negatives,3,2,False,False,0,0.96083277,0.85025094,0,0.85025094,"[0.9608327746391296, 0.9569369554519653, 0.9206762313842773]","[0.8502509410288582, 0.8421906937597692, 0.045097430805510735]",0.005770,outputs/c6_sam1_vit_h_pilot/predictions/049_0_p5_visible_points_negatives.png
49:0:p6_visible_points_box_negatives,49,B,Stage_3/Sigmoid/9/7026,0,50,p6_visible_points_box_negatives,3,2,True,False,0,0.97014129,0.84816787,0,0.84816787,"[0.9701412916183472, 0.9679526090621948, 0.8695838451385498]","[0.8481678672095209, 0.8443652615050127, 0.8252283240422251]",0.005726,outputs/c6_sam1_vit_h_pilot/predictions/049_0_p6_visible_points_box_negatives.png
49:0:p7_shifted_entry_ablation,49,B,Stage_3/Sigmoid/9/7026,0,50,p7_shifted_entry_ablation,3,0,False,False,0,0.96710640,0.84423136,0,0.84423136,"[0.9671064019203186, 0.96312415599823, 0.966957688331604]","[0.8442313640581504, 0.8426219694702185, 0.04576131586064466]",0.006092,outputs/c6_sam1_vit_h_pilot/predictions/049_0_p7_shifted_entry_ablation.png
49:1:p1_visible_points,49,C,Stage_3/Sigmoid/9/7026,1,100,p1_visible_points,2,0,False,False,1,0.95610416,0.87720052,1,0.87720052,"[0.9409013986587524, 0.9561041593551636, 0.7411723136901855]","[0.874834728955487, 0.8772005152425933, 0.006178949023670555]",0.005663,outputs/c6_sam1_vit_h_pilot/predictions/049_1_p1_visible_points.png
49:1:p2_visible_skeleton,49,C,Stage_3/Sigmoid/9/7026,1,100,p2_visible_skeleton,2,0,False,False,1,0.95610416,0.87720052,1,0.87720052,"[0.9409013986587524, 0.9561041593551636, 0.7411723136901855]","[0.874834728955487, 0.8772005152425933, 0.006178949023670555]",0.005405,outputs/c6_sam1_vit_h_pilot/predictions/049_1_p2_visible_skeleton.png
49:1:p3_visible_box,49,C,Stage_3/Sigmoid/9/7026,1,100,p3_visible_box,0,0,True,False,2,0.66392118,0.00000000,0,0.00038256,"[0.5722512006759644, 0.6588684320449829, 0.6639211773872375]","[0.00038255547054322876, 0.00034818941504178273, 0.0]",0.004872,outputs/c6_sam1_vit_h_pilot/predictions/049_1_p3_visible_box.png
49:1:p4_visible_points_box,49,C,Stage_3/Sigmoid/9/7026,1,100,p4_visible_points_box,2,0,True,False,2,0.70551038,0.00463468,0,0.06528662,"[0.6279715895652771, 0.6810985803604126, 0.7055103778839111]","[0.06528662420382166, 0.00980748274609517, 0.004634678298800436]",0.005722,outputs/c6_sam1_vit_h_pilot/predictions/049_1_p4_visible_points_box.png
49:1:p5_visible_points_negatives,49,C,Stage_3/Sigmoid/9/7026,1,100,p5_visible_points_negatives,2,3,False,False,0,0.91504395,0.86716352,1,0.87408366,"[0.9150439500808716, 0.6915454864501953, 0.5639981031417847]","[0.8671635247698378, 0.8740836567485986, 0.00015158305433263914]",0.005473,outputs/c6_sam1_vit_h_pilot/predictions/049_1_p5_visible_points_negatives.png
49:1:p6_visible_points_box_negatives,49,C,Stage_3/Sigmoid/9/7026,1,100,p6_visible_points_box_negatives,2,3,True,False,2,0.84132493,0.00059014,0,0.18342086,"[0.6509443521499634, 0.821136474609375, 0.8413249254226685]","[0.18342085521380344, 0.0025767158585148745, 0.0005901445854234287]",0.005683,outputs/c6_sam1_vit_h_pilot/predictions/049_1_p6_visible_points_box_negatives.png
49:1:p7_shifted_entry_ablation,49,C,Stage_3/Sigmoid/9/7026,1,100,p7_shifted_entry_ablation,3,0,False,True,0,0.95751554,0.87370690,0,0.87370690,"[0.9575155377388, 0.8799313306808472, 0.8142819404602051]","[0.8737068965517242, 0.745, 0.006253461682462769]",0.005435,outputs/c6_sam1_vit_h_pilot/predictions/049_1_p7_shifted_entry_ablation.png
83:0:p1_visible_points,83,C,Training/Proctocolectomy/1/97500,0,50,p1_visible_points,2,0,False,False,1,0.99846649,0.92986397,1,0.92986397,"[0.8526713252067566, 0.9984664916992188, 0.6514252424240112]","[0.5331344025860997, 0.9298639710470485, 0.02056136171048915]",0.020324,outputs/c6_sam1_vit_h_pilot/predictions/083_0_p1_visible_points.png
83:0:p2_visible_skeleton,83,C,Training/Proctocolectomy/1/97500,0,50,p2_visible_skeleton,2,0,False,False,1,0.99846649,0.92986397,1,0.92986397,"[0.8526713252067566, 0.9984664916992188, 0.6514252424240112]","[0.5331344025860997, 0.9298639710470485, 0.02056136171048915]",0.005833,outputs/c6_sam1_vit_h_pilot/predictions/083_0_p2_visible_skeleton.png
83:0:p3_visible_box,83,C,Training/Proctocolectomy/1/97500,0,50,p3_visible_box,0,0,True,False,2,0.98900497,0.93103018,2,0.93103018,"[0.915203869342804, 0.967453122138977, 0.9890049695968628]","[0.5243020937188435, 0.918588704650293, 0.9310301820902969]",0.004890,outputs/c6_sam1_vit_h_pilot/predictions/083_0_p3_visible_box.png
83:0:p4_visible_points_box,83,C,Training/Proctocolectomy/1/97500,0,50,p4_visible_points_box,2,0,True,False,2,0.98069930,0.93754675,2,0.93754675,"[0.866150438785553, 0.9409447908401489, 0.9806993007659912]","[0.4858047864852182, 0.9200847774591697, 0.93754674644727]",0.005888,outputs/c6_sam1_vit_h_pilot/predictions/083_0_p4_visible_points_box.png
83:0:p5_visible_points_negatives,83,C,Training/Proctocolectomy/1/97500,0,50,p5_visible_points_negatives,2,0,False,False,1,0.99846649,0.92986397,1,0.92986397,"[0.8526713252067566, 0.9984664916992188, 0.6514252424240112]","[0.5331344025860997, 0.9298639710470485, 0.02056136171048915]",0.005442,outputs/c6_sam1_vit_h_pilot/predictions/083_0_p5_visible_points_negatives.png
83:0:p6_visible_points_box_negatives,83,C,Training/Proctocolectomy/1/97500,0,50,p6_visible_points_box_negatives,2,0,True,False,2,0.98069930,0.93754675,2,0.93754675,"[0.866150438785553, 0.9409447908401489, 0.9806993007659912]","[0.4858047864852182, 0.9200847774591697, 0.93754674644727]",0.005677,outputs/c6_sam1_vit_h_pilot/predictions/083_0_p6_visible_points_box_negatives.png
83:0:p7_shifted_entry_ablation,83,C,Training/Proctocolectomy/1/97500,0,50,p7_shifted_entry_ablation,3,0,False,True,1,0.98935378,0.93043261,1,0.93043261,"[0.8362451791763306, 0.9893537759780884, 0.7274552583694458]","[0.5127468132966758, 0.9304326143872335, 0.022490655678990047]",0.005453,outputs/c6_sam1_vit_h_pilot/predictions/083_0_p7_shifted_entry_ablation.png
90:0:p1_visible_points,90,D,Training/Proctocolectomy/10/119762,0,100,p1_visible_points,4,0,False,False,2,0.97170699,0.08880025,0,0.63260452,"[0.8565073609352112, 0.9089211225509644, 0.9717069864273071]","[0.6326045218786716, 0.3345310114449049, 0.08880025191560827]",0.020429,outputs/c6_sam1_vit_h_pilot/predictions/090_0_p1_visible_points.png
90:0:p2_visible_skeleton,90,D,Training/Proctocolectomy/10/119762,0,100,p2_visible_skeleton,34,0,False,False,2,0.91202581,0.33137817,1,0.58989811,"[0.8514444828033447, 0.8839761018753052, 0.9120258092880249]","[0.5517332394861869, 0.5898981077147016, 0.33137816731277037]",0.006153,outputs/c6_sam1_vit_h_pilot/predictions/090_0_p2_visible_skeleton.png
90:0:p3_visible_box,90,D,Training/Proctocolectomy/10/119762,0,100,p3_visible_box,0,0,True,False,0,0.90731806,0.43598270,2,0.73099896,"[0.9073180556297302, 0.9071623086929321, 0.9021098613739014]","[0.43598269628099173, 0.5748806085389917, 0.7309989646659056]",0.005697,outputs/c6_sam1_vit_h_pilot/predictions/090_0_p3_visible_box.png
90:0:p4_visible_points_box,90,D,Training/Proctocolectomy/10/119762,0,100,p4_visible_points_box,4,0,True,False,2,0.90936553,0.37672110,0,0.65041950,"[0.8850473165512085, 0.8339368104934692, 0.9093655347824097]","[0.6504194966040752, 0.4286979627989371, 0.37672109732201176]",0.005735,outputs/c6_sam1_vit_h_pilot/predictions/090_0_p4_visible_points_box.png
90:0:p5_visible_points_negatives,90,D,Training/Proctocolectomy/10/119762,0,100,p5_visible_points_negatives,4,1,False,False,2,0.95975673,0.08803001,0,0.61661741,"[0.8321408629417419, 0.8977923393249512, 0.9597567319869995]","[0.6166174130484201, 0.18410807500510337, 0.08803000890341979]",0.005497,outputs/c6_sam1_vit_h_pilot/predictions/090_0_p5_visible_points_negatives.png
90:0:p6_visible_points_box_negatives,90,D,Training/Proctocolectomy/10/119762,0,100,p6_visible_points_box_negatives,4,1,True,False,2,0.92349088,0.36174768,0,0.65440325,"[0.8863109946250916, 0.8387160301208496, 0.9234908819198608]","[0.6544032526752689, 0.39891811843106606, 0.3617476827870098]",0.005693,outputs/c6_sam1_vit_h_pilot/predictions/090_0_p6_visible_points_box_negatives.png
90:0:p7_shifted_entry_ablation,90,D,Training/Proctocolectomy/10/119762,0,100,p7_shifted_entry_ablation,4,0,False,False,2,0.97170699,0.08880025,0,0.63260452,"[0.8565073609352112, 0.9089211225509644, 0.9717069864273071]","[0.6326045218786716, 0.3345310114449049, 0.08880025191560827]",0.005515,outputs/c6_sam1_vit_h_pilot/predictions/090_0_p7_shifted_entry_ablation.png
90:1:p1_visible_points,90,D,Training/Proctocolectomy/10/119762,1,50,p1_visible_points,1,0,False,False,1,0.89403772,0.82139060,1,0.82139060,"[0.6201363205909729, 0.8940377235412598, 0.8520379066467285]","[0.08151631751460738, 0.8213906017435679, 0.03915942520205001]",0.005495,outputs/c6_sam1_vit_h_pilot/predictions/090_1_p1_visible_points.png
90:1:p2_visible_skeleton,90,D,Training/Proctocolectomy/10/119762,1,50,p2_visible_skeleton,1,0,False,False,1,0.89403772,0.82139060,1,0.82139060,"[0.6201363205909729, 0.8940377235412598, 0.8520379066467285]","[0.08151631751460738, 0.8213906017435679, 0.03915942520205001]",0.005556,outputs/c6_sam1_vit_h_pilot/predictions/090_1_p2_visible_skeleton.png
90:1:p3_visible_box,90,D,Training/Proctocolectomy/10/119762,1,50,p3_visible_box,0,0,True,False,1,0.70476449,0.03356038,2,0.03603285,"[0.551923930644989, 0.7047644853591919, 0.6794780492782593]","[0.017282562877616973, 0.03356038030367532, 0.03603284723205437]",0.004879,outputs/c6_sam1_vit_h_pilot/predictions/090_1_p3_visible_box.png
90:1:p4_visible_points_box,90,D,Training/Proctocolectomy/10/119762,1,50,p4_visible_points_box,1,0,True,False,1,0.74878287,0.03512499,2,0.03746113,"[0.6360018253326416, 0.7487828731536865, 0.7328090667724609]","[0.023608768971332208, 0.0351249911479357, 0.03746112524738479]",0.005745,outputs/c6_sam1_vit_h_pilot/predictions/090_1_p4_visible_points_box.png
90:1:p5_visible_points_negatives,90,D,Training/Proctocolectomy/10/119762,1,50,p5_visible_points_negatives,1,4,False,False,1,0.89954865,0.53974842,1,0.53974842,"[0.5969202518463135, 0.8995486497879028, 0.7033061981201172]","[0.03226516418698829, 0.5397484223455169, 0.29272992151886834]",0.005649,outputs/c6_sam1_vit_h_pilot/predictions/090_1_p5_visible_points_negatives.png
90:1:p6_visible_points_box_negatives,90,D,Training/Proctocolectomy/10/119762,1,50,p6_visible_points_box_negatives,1,4,True,False,1,0.75406015,0.02199049,0,0.03160655,"[0.7179831862449646, 0.7540601491928101, 0.659092903137207]","[0.03160654808305577, 0.021990494431439314, 0.022208121827411168]",0.005723,outputs/c6_sam1_vit_h_pilot/predictions/090_1_p6_visible_points_box_negatives.png
90:1:p7_shifted_entry_ablation,90,D,Training/Proctocolectomy/10/119762,1,50,p7_shifted_entry_ablation,2,0,False,True,0,0.85907930,0.81916253,0,0.81916253,"[0.8590793013572693, 0.5285870432853699, 0.7168587446212769]","[0.8191625266146203, 0.004810471165140865, 0.03994750701890386]",0.005437,outputs/c6_sam1_vit_h_pilot/predictions/090_1_p7_shifted_entry_ablation.png
88:0:p1_visible_points,88,B,Training/Proctocolectomy/10/147425,0,50,p1_visible_points,2,0,False,False,1,0.92076075,0.49392097,1,0.49392097,"[0.9163965582847595, 0.9207607507705688, 0.8796629905700684]","[0.3952569169960474, 0.4939209726443769, 0.024409663031839883]",0.020676,outputs/c6_sam1_vit_h_pilot/predictions/088_0_p1_visible_points.png
88:0:p2_visible_skeleton,88,B,Training/Proctocolectomy/10/147425,0,50,p2_visible_skeleton,10,0,False,False,1,0.93259406,0.44882448,2,0.62192438,"[0.9166911244392395, 0.9325940608978271, 0.9009273052215576]","[0.3715154586923467, 0.44882448317794893, 0.6219243848769754]",0.005522,outputs/c6_sam1_vit_h_pilot/predictions/088_0_p2_visible_skeleton.png
88:0:p3_visible_box,88,B,Training/Proctocolectomy/10/147425,0,50,p3_visible_box,0,0,True,False,1,0.93367636,0.44877900,2,0.54224924,"[0.9228467345237732, 0.9336763620376587, 0.9314678907394409]","[0.3779264214046823, 0.448779004965042, 0.5422492401215806]",0.004929,outputs/c6_sam1_vit_h_pilot/predictions/088_0_p3_visible_box.png
88:0:p4_visible_points_box,88,B,Training/Proctocolectomy/10/147425,0,50,p4_visible_points_box,2,0,True,False,2,0.94100344,0.59082160,2,0.59082160,"[0.917510449886322, 0.9382033348083496, 0.9410034418106079]","[0.429874341305229, 0.500709219858156, 0.5908215986222267]",0.005690,outputs/c6_sam1_vit_h_pilot/predictions/088_0_p4_visible_points_box.png
88:0:p5_visible_points_negatives,88,B,Training/Proctocolectomy/10/147425,0,50,p5_visible_points_negatives,2,4,False,False,1,0.90016687,0.51651469,1,0.51651469,"[0.8906102776527405, 0.9001668691635132, 0.7459700107574463]","[0.39961487787574745, 0.5165146909827761, 0.042136107086477956]",0.005475,outputs/c6_sam1_vit_h_pilot/predictions/088_0_p5_visible_points_negatives.png
88:0:p6_visible_points_box_negatives,88,B,Training/Proctocolectomy/10/147425,0,50,p6_visible_points_box_negatives,2,4,True,False,1,0.91939783,0.53190843,2,0.63622541,"[0.8953643441200256, 0.9193978309631348, 0.9151824712753296]","[0.42693554925010135, 0.5319084278768234, 0.6362254110044664]",0.005670,outputs/c6_sam1_vit_h_pilot/predictions/088_0_p6_visible_points_box_negatives.png
88:0:p7_shifted_entry_ablation,88,B,Training/Proctocolectomy/10/147425,0,50,p7_shifted_entry_ablation,2,0,False,False,1,0.92076075,0.49392097,1,0.49392097,"[0.9163965582847595, 0.9207607507705688, 0.8796629905700684]","[0.3952569169960474, 0.4939209726443769, 0.024409663031839883]",0.005660,outputs/c6_sam1_vit_h_pilot/predictions/088_0_p7_shifted_entry_ablation.png
88:1:p1_visible_points,88,A,Training/Proctocolectomy/10/147425,1,100,p1_visible_points,4,0,False,False,0,0.91881299,0.60883570,1,0.71641979,"[0.9188129901885986, 0.8063607215881348, 0.8900923728942871]","[0.6088356964663529, 0.7164197919949574, 0.08467988977444786]",0.005489,outputs/c6_sam1_vit_h_pilot/predictions/088_1_p1_visible_points.png
88:1:p2_visible_skeleton,88,A,Training/Proctocolectomy/10/147425,1,100,p2_visible_skeleton,33,0,False,False,2,0.92350900,0.73350366,2,0.73350366,"[0.8620175719261169, 0.9201704263687134, 0.9235090017318726]","[0.49468724305863004, 0.6106754363774348, 0.7335036588443099]",0.005906,outputs/c6_sam1_vit_h_pilot/predictions/088_1_p2_visible_skeleton.png
88:1:p3_visible_box,88,A,Training/Proctocolectomy/10/147425,1,100,p3_visible_box,0,0,True,False,1,0.95674014,0.55137916,2,0.72878683,"[0.9392943978309631, 0.956740140914917, 0.9513818025588989]","[0.5151505576795475, 0.5513791579877548, 0.7287868273295061]",0.004920,outputs/c6_sam1_vit_h_pilot/predictions/088_1_p3_visible_box.png
88:1:p4_visible_points_box,88,A,Training/Proctocolectomy/10/147425,1,100,p4_visible_points_box,4,0,True,False,1,0.96175659,0.65693016,2,0.75058275,"[0.9367755651473999, 0.9617565870285034, 0.9444183111190796]","[0.5923351552873527, 0.6569301621348811, 0.7505827505827506]",0.005657,outputs/c6_sam1_vit_h_pilot/predictions/088_1_p4_visible_points_box.png
88:1:p5_visible_points_negatives,88,A,Training/Proctocolectomy/10/147425,1,100,p5_visible_points_negatives,4,2,False,False,0,0.90679497,0.60818030,0,0.60818030,"[0.9067949652671814, 0.7816241979598999, 0.9014766216278076]","[0.6081802952239467, 0.600718213444058, 0.0962686200587]",0.005434,outputs/c6_sam1_vit_h_pilot/predictions/088_1_p5_visible_points_negatives.png
88:1:p6_visible_points_box_negatives,88,A,Training/Proctocolectomy/10/147425,1,100,p6_visible_points_box_negatives,4,2,True,False,1,0.95621979,0.66563672,2,0.75192338,"[0.9343535304069519, 0.9562197923660278, 0.9269813299179077]","[0.6083796764408493, 0.6656367247848157, 0.751923378866384]",0.005755,outputs/c6_sam1_vit_h_pilot/predictions/088_1_p6_visible_points_box_negatives.png
88:1:p7_shifted_entry_ablation,88,A,Training/Proctocolectomy/10/147425,1,100,p7_shifted_entry_ablation,4,0,False,False,0,0.91881299,0.60883570,1,0.71641979,"[0.9188129901885986, 0.8063607215881348, 0.8900923728942871]","[0.6088356964663529, 0.7164197919949574, 0.08467988977444786]",0.005496,outputs/c6_sam1_vit_h_pilot/predictions/088_1_p7_shifted_entry_ablation.png
60:0:p1_visible_points,60,C,Training/Proctocolectomy/10/169384,0,50,p1_visible_points,2,0,False,False,2,0.99269116,0.05422303,0,0.61956730,"[0.8319283127784729, 0.891166090965271, 0.992691159248352]","[0.6195672984874593, 0.4605378445777448, 0.0542230318160706]",0.020358,outputs/c6_sam1_vit_h_pilot/predictions/060_0_p1_visible_points.png
60:0:p2_visible_skeleton,60,C,Training/Proctocolectomy/10/169384,0,50,p2_visible_skeleton,2,0,False,False,2,0.99269116,0.05422303,0,0.61956730,"[0.8319283127784729, 0.891166090965271, 0.992691159248352]","[0.6195672984874593, 0.4605378445777448, 0.0542230318160706]",0.005457,outputs/c6_sam1_vit_h_pilot/predictions/060_0_p2_visible_skeleton.png
60:0:p3_visible_box,60,C,Training/Proctocolectomy/10/169384,0,50,p3_visible_box,0,0,True,False,1,0.76367581,0.00000000,0,0.15340000,"[0.45888882875442505, 0.7636758089065552, 0.740066647529602]","[0.1534, 0.0, 0.008862216949862183]",0.004903,outputs/c6_sam1_vit_h_pilot/predictions/060_0_p3_visible_box.png
60:0:p4_visible_points_box,60,C,Training/Proctocolectomy/10/169384,0,50,p4_visible_points_box,2,0,True,False,2,0.81234229,0.04255319,0,0.29255559,"[0.6750119924545288, 0.7634797096252441, 0.8123422861099243]","[0.2925555913631969, 0.004208194905869324, 0.0425531914893617]",0.005686,outputs/c6_sam1_vit_h_pilot/predictions/060_0_p4_visible_points_box.png
60:0:p5_visible_points_negatives,60,C,Training/Proctocolectomy/10/169384,0,50,p5_visible_points_negatives,2,0,False,False,2,0.99269116,0.05422303,0,0.61956730,"[0.8319283127784729, 0.891166090965271, 0.992691159248352]","[0.6195672984874593, 0.4605378445777448, 0.0542230318160706]",0.005682,outputs/c6_sam1_vit_h_pilot/predictions/060_0_p5_visible_points_negatives.png
60:0:p6_visible_points_box_negatives,60,C,Training/Proctocolectomy/10/169384,0,50,p6_visible_points_box_negatives,2,0,True,False,2,0.81234229,0.04255319,0,0.29255559,"[0.6750119924545288, 0.7634797096252441, 0.8123422861099243]","[0.2925555913631969, 0.004208194905869324, 0.0425531914893617]",0.006455,outputs/c6_sam1_vit_h_pilot/predictions/060_0_p6_visible_points_box_negatives.png
60:0:p7_shifted_entry_ablation,60,C,Training/Proctocolectomy/10/169384,0,50,p7_shifted_entry_ablation,3,0,False,True,2,1.00268698,0.05424885,0,0.66024409,"[0.6564969420433044, 0.9872386455535889, 1.0026869773864746]","[0.6602440924435211, 0.054677412173293555, 0.05424884538298429]",0.006002,outputs/c6_sam1_vit_h_pilot/predictions/060_0_p7_shifted_entry_ablation.png
105:0:p1_visible_points,105,A,Training/Proctocolectomy/10/253963,0,50,p1_visible_points,4,0,False,False,2,0.94950294,0.01587792,1,0.84011938,"[0.9133769273757935, 0.9453294277191162, 0.9495029449462891]","[0.8058510638297872, 0.8401193775314432, 0.015877922018453648]",0.020405,outputs/c6_sam1_vit_h_pilot/predictions/105_0_p1_visible_points.png
105:0:p2_visible_skeleton,105,A,Training/Proctocolectomy/10/253963,0,50,p2_visible_skeleton,12,0,False,False,1,0.95038521,0.84060803,1,0.84060803,"[0.8718328475952148, 0.9503852128982544, 0.9064230918884277]","[0.7688797627195985, 0.8406080347448426, 0.018963578405405156]",0.005878,outputs/c6_sam1_vit_h_pilot/predictions/105_0_p2_visible_skeleton.png
105:0:p3_visible_box,105,A,Training/Proctocolectomy/10/253963,0,50,p3_visible_box,0,0,True,False,2,0.94543827,0.84695174,2,0.84695174,"[0.9202907681465149, 0.9439289569854736, 0.9454382658004761]","[0.7822182308037718, 0.8247557003257329, 0.8469517358171041]",0.004888,outputs/c6_sam1_vit_h_pilot/predictions/105_0_p3_visible_box.png
105:0:p4_visible_points_box,105,A,Training/Proctocolectomy/10/253963,0,50,p4_visible_points_box,4,0,True,False,1,0.95473015,0.83882628,2,0.84461411,"[0.9299336075782776, 0.9547301530838013, 0.9315263032913208]","[0.8200519705500217, 0.838826281097172, 0.8446141147338011]",0.005908,outputs/c6_sam1_vit_h_pilot/predictions/105_0_p4_visible_points_box.png
105:0:p5_visible_points_negatives,105,A,Training/Proctocolectomy/10/253963,0,50,p5_visible_points_negatives,4,1,False,False,2,0.93831694,0.01584970,1,0.83755050,"[0.9061220288276672, 0.9370150566101074, 0.9383169412612915]","[0.8104892022917585, 0.8375504996810547, 0.015849698469151074]",0.005459,outputs/c6_sam1_vit_h_pilot/predictions/105_0_p5_visible_points_negatives.png
105:0:p6_visible_points_box_negatives,105,A,Training/Proctocolectomy/10/253963,0,50,p6_visible_points_box_negatives,4,1,True,False,1,0.95463789,0.83802668,2,0.84282787,"[0.9290065169334412, 0.954637885093689, 0.9339467287063599]","[0.8176712032836466, 0.8380266779589244, 0.842827868852459]",0.006051,outputs/c6_sam1_vit_h_pilot/predictions/105_0_p6_visible_points_box_negatives.png
105:0:p7_shifted_entry_ablation,105,A,Training/Proctocolectomy/10/253963,0,50,p7_shifted_entry_ablation,4,0,False,False,2,0.94950294,0.01587792,1,0.84011938,"[0.9133769273757935, 0.9453294277191162, 0.9495029449462891]","[0.8058510638297872, 0.8401193775314432, 0.015877922018453648]",0.005581,outputs/c6_sam1_vit_h_pilot/predictions/105_0_p7_shifted_entry_ablation.png
105:1:p1_visible_points,105,C,Training/Proctocolectomy/10/253963,1,100,p1_visible_points,1,0,False,False,0,0.96903145,0.92095536,0,0.92095536,"[0.9690314531326294, 0.7459797859191895, 0.9388071298599243]","[0.9209553596815467, 0.28958169592175353, 0.01284104864114475]",0.005517,outputs/c6_sam1_vit_h_pilot/predictions/105_1_p1_visible_points.png
105:1:p2_visible_skeleton,105,C,Training/Proctocolectomy/10/253963,1,100,p2_visible_skeleton,1,0,False,False,0,0.96903145,0.92095536,0,0.92095536,"[0.9690314531326294, 0.7459797859191895, 0.9388071298599243]","[0.9209553596815467, 0.28958169592175353, 0.01284104864114475]",0.005414,outputs/c6_sam1_vit_h_pilot/predictions/105_1_p2_visible_skeleton.png
105:1:p3_visible_box,105,C,Training/Proctocolectomy/10/253963,1,100,p3_visible_box,0,0,True,False,1,0.73690355,0.15879340,1,0.15879340,"[0.6050971746444702, 0.7369035482406616, 0.6956777572631836]","[0.0796812749003984, 0.15879339783722254, 0.08851368636479919]",0.004877,outputs/c6_sam1_vit_h_pilot/predictions/105_1_p3_visible_box.png
105:1:p4_visible_points_box,105,C,Training/Proctocolectomy/10/253963,1,100,p4_visible_points_box,1,0,True,False,1,0.85561967,0.17920228,1,0.17920228,"[0.7773529887199402, 0.8556196689605713, 0.8232628107070923]","[0.13863636363636364, 0.1792022792022792, 0.15413333333333334]",0.005690,outputs/c6_sam1_vit_h_pilot/predictions/105_1_p4_visible_points_box.png
105:1:p5_visible_points_negatives,105,C,Training/Proctocolectomy/10/253963,1,100,p5_visible_points_negatives,1,4,False,False,0,0.95926839,0.91571309,0,0.91571309,"[0.9592683911323547, 0.8620908260345459, 0.9402076005935669]","[0.9157130895897293, 0.380237792912386, 0.0062255106708833064]",0.005441,outputs/c6_sam1_vit_h_pilot/predictions/105_1_p5_visible_points_negatives.png
105:1:p6_visible_points_box_negatives,105,C,Training/Proctocolectomy/10/253963,1,100,p6_visible_points_box_negatives,1,4,True,False,1,0.75784266,0.10076227,0,0.31242938,"[0.6403191685676575, 0.7578426599502563, 0.7466737031936646]","[0.31242937853107344, 0.10076226774654598, 0.08389691098519467]",0.005690,outputs/c6_sam1_vit_h_pilot/predictions/105_1_p6_visible_points_box_negatives.png
105:1:p7_shifted_entry_ablation,105,C,Training/Proctocolectomy/10/253963,1,100,p7_shifted_entry_ablation,2,0,False,True,0,0.97708201,0.92517781,0,0.92517781,"[0.9770820140838623, 0.7702434062957764, 0.9567209482192993]","[0.9251778093883357, 0.2749264465511605, 0.012818169355207238]",0.005424,outputs/c6_sam1_vit_h_pilot/predictions/105_1_p7_shifted_entry_ablation.png
16:0:p1_visible_points,16,A,Training/Proctocolectomy/10/25915,0,50,p1_visible_points,4,0,False,False,1,0.97358763,0.90155221,1,0.90155221,"[0.8109253644943237, 0.9735876321792603, 0.9051313400268555]","[0.450247482505547, 0.9015522067347111, 0.12257086950686268]",0.020371,outputs/c6_sam1_vit_h_pilot/predictions/016_0_p1_visible_points.png
16:0:p2_visible_skeleton,16,A,Training/Proctocolectomy/10/25915,0,50,p2_visible_skeleton,28,0,False,False,1,0.95188785,0.88832861,1,0.88832861,"[0.8848971128463745, 0.951887845993042, 0.9313448667526245]","[0.7233346606746687, 0.888328611898017, 0.8719915645182549]",0.005944,outputs/c6_sam1_vit_h_pilot/predictions/016_0_p2_visible_skeleton.png
16:0:p3_visible_box,16,A,Training/Proctocolectomy/10/25915,0,50,p3_visible_box,0,0,True,False,2,0.98158586,0.90881733,2,0.90881733,"[0.914665937423706, 0.9740111827850342, 0.9815858602523804]","[0.85816671880777, 0.8861908544196074, 0.9088173252707074]",0.004874,outputs/c6_sam1_vit_h_pilot/predictions/016_0_p3_visible_box.png
16:0:p4_visible_points_box,16,A,Training/Proctocolectomy/10/25915,0,50,p4_visible_points_box,4,0,True,False,1,0.97825408,0.89285512,2,0.91343553,"[0.8727524876594543, 0.9782540798187256, 0.9678287506103516]","[0.8426049631882657, 0.8928551192702137, 0.9134355275022543]",0.005687,outputs/c6_sam1_vit_h_pilot/predictions/016_0_p4_visible_points_box.png
16:0:p5_visible_points_negatives,16,A,Training/Proctocolectomy/10/25915,0,50,p5_visible_points_negatives,4,0,False,False,1,0.97358763,0.90155221,1,0.90155221,"[0.8109253644943237, 0.9735876321792603, 0.9051313400268555]","[0.450247482505547, 0.9015522067347111, 0.12257086950686268]",0.005445,outputs/c6_sam1_vit_h_pilot/predictions/016_0_p5_visible_points_negatives.png
16:0:p6_visible_points_box_negatives,16,A,Training/Proctocolectomy/10/25915,0,50,p6_visible_points_box_negatives,4,0,True,False,1,0.97825408,0.89285512,2,0.91343553,"[0.8727524876594543, 0.9782540798187256, 0.9678287506103516]","[0.8426049631882657, 0.8928551192702137, 0.9134355275022543]",0.005688,outputs/c6_sam1_vit_h_pilot/predictions/016_0_p6_visible_points_box_negatives.png
16:0:p7_shifted_entry_ablation,16,A,Training/Proctocolectomy/10/25915,0,50,p7_shifted_entry_ablation,4,0,False,False,1,0.97358763,0.90155221,1,0.90155221,"[0.8109253644943237, 0.9735876321792603, 0.9051313400268555]","[0.450247482505547, 0.9015522067347111, 0.12257086950686268]",0.005823,outputs/c6_sam1_vit_h_pilot/predictions/016_0_p7_shifted_entry_ablation.png
188:0:p1_visible_points,188,A,Training/Proctocolectomy/10/34279,0,50,p1_visible_points,4,0,False,False,0,0.88611919,0.82685628,0,0.82685628,"[0.8861191868782043, 0.8234645128250122, 0.8385294675827026]","[0.8268562776474779, 0.4367892679459844, 0.11137876298421008]",0.020411,outputs/c6_sam1_vit_h_pilot/predictions/188_0_p1_visible_points.png
188:0:p2_visible_skeleton,188,A,Training/Proctocolectomy/10/34279,0,50,p2_visible_skeleton,33,0,False,False,2,0.90488911,0.24283993,0,0.87334252,"[0.8760290741920471, 0.8883157968521118, 0.9048891067504883]","[0.8733425202878579, 0.6177372582563161, 0.2428399310176472]",0.005953,outputs/c6_sam1_vit_h_pilot/predictions/188_0_p2_visible_skeleton.png
188:0:p3_visible_box,188,A,Training/Proctocolectomy/10/34279,0,50,p3_visible_box,0,0,True,False,1,0.94288218,0.52822830,0,0.83942239,"[0.9256095290184021, 0.9428821802139282, 0.8444974422454834]","[0.83942239162096, 0.5282282978066111, 0.7419167217448778]",0.004933,outputs/c6_sam1_vit_h_pilot/predictions/188_0_p3_visible_box.png
188:0:p4_visible_points_box,188,A,Training/Proctocolectomy/10/34279,0,50,p4_visible_points_box,4,0,True,False,2,0.92058229,0.53838922,0,0.87027507,"[0.895277202129364, 0.8964060544967651, 0.9205822944641113]","[0.8702750719843166, 0.470962737937498, 0.538389219680351]",0.005749,outputs/c6_sam1_vit_h_pilot/predictions/188_0_p4_visible_points_box.png
188:0:p5_visible_points_negatives,188,A,Training/Proctocolectomy/10/34279,0,50,p5_visible_points_negatives,4,4,False,False,2,0.91056585,0.07029145,1,0.84047037,"[0.6837971210479736, 0.8229337930679321, 0.9105658531188965]","[0.5964619286200284, 0.840470372632865, 0.07029144694249083]",0.005525,outputs/c6_sam1_vit_h_pilot/predictions/188_0_p5_visible_points_negatives.png
188:0:p6_visible_points_box_negatives,188,A,Training/Proctocolectomy/10/34279,0,50,p6_visible_points_box_negatives,4,4,True,False,2,0.84177959,0.04716466,0,0.85128062,"[0.8060254454612732, 0.7666466236114502, 0.8417795896530151]","[0.8512806218836136, 0.7097812258338114, 0.04716465863453815]",0.005877,outputs/c6_sam1_vit_h_pilot/predictions/188_0_p6_visible_points_box_negatives.png
188:0:p7_shifted_entry_ablation,188,A,Training/Proctocolectomy/10/34279,0,50,p7_shifted_entry_ablation,4,0,False,False,0,0.88611919,0.82685628,0,0.82685628,"[0.8861191868782043, 0.8234645128250122, 0.8385294675827026]","[0.8268562776474779, 0.4367892679459844, 0.11137876298421008]",0.005508,outputs/c6_sam1_vit_h_pilot/predictions/188_0_p7_shifted_entry_ablation.png
188:1:p1_visible_points,188,A,Training/Proctocolectomy/10/34279,1,100,p1_visible_points,4,0,False,False,0,0.94902515,0.80000000,0,0.80000000,"[0.9490251541137695, 0.855157732963562, 0.7785924673080444]","[0.8, 0.07169020249257066, 0.023200846736751882]",0.005485,outputs/c6_sam1_vit_h_pilot/predictions/188_1_p1_visible_points.png
188:1:p2_visible_skeleton,188,A,Training/Proctocolectomy/10/34279,1,100,p2_visible_skeleton,10,0,False,False,0,0.94355595,0.79917184,1,0.81094909,"[0.9435559511184692, 0.8976624011993408, 0.9024032354354858]","[0.7991718426501035, 0.810949091839345, 0.7632093933463796]",0.005488,outputs/c6_sam1_vit_h_pilot/predictions/188_1_p2_visible_skeleton.png
188:1:p3_visible_box,188,A,Training/Proctocolectomy/10/34279,1,100,p3_visible_box,0,0,True,False,1,0.95867777,0.79523931,2,0.79626828,"[0.951117753982544, 0.9586777687072754, 0.9466173648834229]","[0.7711974954343856, 0.7952393140517021, 0.7962682803832577]",0.004899,outputs/c6_sam1_vit_h_pilot/predictions/188_1_p3_visible_box.png
188:1:p4_visible_points_box,188,A,Training/Proctocolectomy/10/34279,1,100,p4_visible_points_box,4,0,True,False,1,0.95952308,0.81057935,1,0.81057935,"[0.9510834813117981, 0.95952308177948, 0.947627067565918]","[0.7911213754169875, 0.8105793450881612, 0.8074641621354424]",0.006083,outputs/c6_sam1_vit_h_pilot/predictions/188_1_p4_visible_points_box.png
188:1:p5_visible_points_negatives,188,A,Training/Proctocolectomy/10/34279,1,100,p5_visible_points_negatives,4,4,False,False,0,0.92196000,0.78330327,0,0.78330327,"[0.9219599962234497, 0.8329968452453613, 0.830540657043457]","[0.7833032723524864, 0.08314259555962462, 0.06371406371406371]",0.005439,outputs/c6_sam1_vit_h_pilot/predictions/188_1_p5_visible_points_negatives.png
188:1:p6_visible_points_box_negatives,188,A,Training/Proctocolectomy/10/34279,1,100,p6_visible_points_box_negatives,4,4,True,False,0,0.94680506,0.79321068,1,0.81783439,"[0.9468050599098206, 0.8817484378814697, 0.8883086442947388]","[0.7932106763410209, 0.8178343949044586, 0.8091872791519434]",0.005714,outputs/c6_sam1_vit_h_pilot/predictions/188_1_p6_visible_points_box_negatives.png
188:1:p7_shifted_entry_ablation,188,A,Training/Proctocolectomy/10/34279,1,100,p7_shifted_entry_ablation,4,0,False,False,0,0.94902515,0.80000000,0,0.80000000,"[0.9490251541137695, 0.855157732963562, 0.7785924673080444]","[0.8, 0.07169020249257066, 0.023200846736751882]",0.005429,outputs/c6_sam1_vit_h_pilot/predictions/188_1_p7_shifted_entry_ablation.png
11:0:p1_visible_points,11,A,Training/Proctocolectomy/10/34304,0,50,p1_visible_points,4,0,False,False,1,0.93695998,0.86367133,1,0.86367133,"[0.7192077040672302, 0.936959981918335, 0.7759381532669067]","[0.3213541194598024, 0.863671327089272, 0.12080573500149917]",0.021029,outputs/c6_sam1_vit_h_pilot/predictions/011_0_p1_visible_points.png
11:0:p2_visible_skeleton,11,A,Training/Proctocolectomy/10/34304,0,50,p2_visible_skeleton,24,0,False,False,1,0.87576056,0.85386910,1,0.85386910,"[0.867875337600708, 0.875760555267334, 0.871211051940918]","[0.7899582728592163, 0.8538691014283132, 0.24894069144536768]",0.006556,outputs/c6_sam1_vit_h_pilot/predictions/011_0_p2_visible_skeleton.png
11:0:p3_visible_box,11,A,Training/Proctocolectomy/10/34304,0,50,p3_visible_box,0,0,True,False,1,0.96722317,0.85974697,2,0.87937497,"[0.9479512572288513, 0.9672231674194336, 0.9633762836456299]","[0.7975855496051557, 0.8597469732009251, 0.8793749717743756]",0.004934,outputs/c6_sam1_vit_h_pilot/predictions/011_0_p3_visible_box.png
11:0:p4_visible_points_box,11,A,Training/Proctocolectomy/10/34304,0,50,p4_visible_points_box,4,0,True,False,1,0.95526874,0.87411765,2,0.88589370,"[0.9380972981452942, 0.9552687406539917, 0.8939582109451294]","[0.8632985953783416, 0.8741176470588236, 0.8858936981385961]",0.005774,outputs/c6_sam1_vit_h_pilot/predictions/011_0_p4_visible_points_box.png
11:0:p5_visible_points_negatives,11,A,Training/Proctocolectomy/10/34304,0,50,p5_visible_points_negatives,4,4,False,False,1,0.86512983,0.83763353,1,0.83763353,"[0.5709652900695801, 0.865129828453064, 0.8190196752548218]","[0.27936781088669504, 0.8376335325004527, 0.11590289241369411]",0.005532,outputs/c6_sam1_vit_h_pilot/predictions/011_0_p5_visible_points_negatives.png
11:0:p6_visible_points_box_negatives,11,A,Training/Proctocolectomy/10/34304,0,50,p6_visible_points_box_negatives,4,4,True,False,1,0.93364954,0.83284232,1,0.83284232,"[0.9103384017944336, 0.9336495399475098, 0.8908828496932983]","[0.7939176939811458, 0.8328423151883243, 0.6685182091546943]",0.005767,outputs/c6_sam1_vit_h_pilot/predictions/011_0_p6_visible_points_box_negatives.png
11:0:p7_shifted_entry_ablation,11,A,Training/Proctocolectomy/10/34304,0,50,p7_shifted_entry_ablation,4,0,False,False,1,0.93695998,0.86367133,1,0.86367133,"[0.7192077040672302, 0.936959981918335, 0.7759381532669067]","[0.3213541194598024, 0.863671327089272, 0.12080573500149917]",0.005893,outputs/c6_sam1_vit_h_pilot/predictions/011_0_p7_shifted_entry_ablation.png
11:1:p1_visible_points,11,A,Training/Proctocolectomy/10/34304,1,100,p1_visible_points,4,0,False,False,0,0.93699497,0.85146504,0,0.85146504,"[0.9369949698448181, 0.7911975383758545, 0.7464652061462402]","[0.8514650420655643, 0.36136336832173604, 0.05984251968503937]",0.005472,outputs/c6_sam1_vit_h_pilot/predictions/011_1_p1_visible_points.png
11:1:p2_visible_skeleton,11,A,Training/Proctocolectomy/10/34304,1,100,p2_visible_skeleton,11,0,False,False,1,0.94144225,0.86764275,1,0.86764275,"[0.9215809106826782, 0.9414422512054443, 0.8685663938522339]","[0.8126120741183502, 0.8676427525622254, 0.8477422907488987]",0.005888,outputs/c6_sam1_vit_h_pilot/predictions/011_1_p2_visible_skeleton.png
11:1:p3_visible_box,11,A,Training/Proctocolectomy/10/34304,1,100,p3_visible_box,0,0,True,False,1,0.94456017,0.87320223,1,0.87320223,"[0.9346319437026978, 0.944560170173645, 0.9326905012130737]","[0.8337841899609257, 0.8732022307014969, 0.8694050991501416]",0.004898,outputs/c6_sam1_vit_h_pilot/predictions/011_1_p3_visible_box.png
11:1:p4_visible_points_box,11,A,Training/Proctocolectomy/10/34304,1,100,p4_visible_points_box,4,0,True,False,1,0.95348012,0.82983937,1,0.82983937,"[0.9370406270027161, 0.9534801244735718, 0.9311811923980713]","[0.8155201819215463, 0.8298393683637354, 0.8164426059979317]",0.005920,outputs/c6_sam1_vit_h_pilot/predictions/011_1_p4_visible_points_box.png
11:1:p5_visible_points_negatives,11,A,Training/Proctocolectomy/10/34304,1,100,p5_visible_points_negatives,4,4,False,False,0,0.92048228,0.84295816,0,0.84295816,"[0.9204822778701782, 0.8215864896774292, 0.7474719285964966]","[0.8429581614614025, 0.10073375262054507, 0.08310899822441148]",0.005507,outputs/c6_sam1_vit_h_pilot/predictions/011_1_p5_visible_points_negatives.png
11:1:p6_visible_points_box_negatives,11,A,Training/Proctocolectomy/10/34304,1,100,p6_visible_points_box_negatives,4,4,True,False,1,0.93870831,0.87235260,1,0.87235260,"[0.9358813166618347, 0.9387083053588867, 0.913286566734314]","[0.8425569695176087, 0.8723526044647968, 0.8491171749598716]",0.005716,outputs/c6_sam1_vit_h_pilot/predictions/011_1_p6_visible_points_box_negatives.png
11:1:p7_shifted_entry_ablation,11,A,Training/Proctocolectomy/10/34304,1,100,p7_shifted_entry_ablation,4,0,False,False,0,0.93699497,0.85146504,0,0.85146504,"[0.9369949698448181, 0.7911975383758545, 0.7464652061462402]","[0.8514650420655643, 0.36136336832173604, 0.05984251968503937]",0.005516,outputs/c6_sam1_vit_h_pilot/predictions/011_1_p7_shifted_entry_ablation.png
3:0:p1_visible_points,3,A,Training/Proctocolectomy/10/36160,0,50,p1_visible_points,4,0,False,False,1,0.97223830,0.64662249,0,0.80689897,"[0.9173604846000671, 0.972238302230835, 0.8320749998092651]","[0.806898968659257, 0.6466224903570369, 0.5958110516934046]",0.020483,outputs/c6_sam1_vit_h_pilot/predictions/003_0_p1_visible_points.png
3:0:p2_visible_skeleton,3,A,Training/Proctocolectomy/10/36160,0,50,p2_visible_skeleton,32,0,False,False,2,0.93162918,0.77197335,1,0.79388265,"[0.8914282321929932, 0.9259370565414429, 0.9316291809082031]","[0.6947349013617089, 0.7938826466916354, 0.7719733484547774]",0.006472,outputs/c6_sam1_vit_h_pilot/predictions/003_0_p2_visible_skeleton.png
3:0:p3_visible_box,3,A,Training/Proctocolectomy/10/36160,0,50,p3_visible_box,0,0,True,False,1,0.97746086,0.81118516,0,0.81690541,"[0.9555742740631104, 0.9774608612060547, 0.9728492498397827]","[0.8169054071493096, 0.8111851593972248, 0.7646594732567583]",0.004981,outputs/c6_sam1_vit_h_pilot/predictions/003_0_p3_visible_box.png
3:0:p4_visible_points_box,3,A,Training/Proctocolectomy/10/36160,0,50,p4_visible_points_box,4,0,True,False,1,0.96679330,0.80156142,0,0.81184901,"[0.9311029314994812, 0.9667932987213135, 0.9576759338378906]","[0.8118490083173384, 0.8015614191125605, 0.7881833665171396]",0.005787,outputs/c6_sam1_vit_h_pilot/predictions/003_0_p4_visible_points_box.png
3:0:p5_visible_points_negatives,3,A,Training/Proctocolectomy/10/36160,0,50,p5_visible_points_negatives,4,0,False,False,1,0.97223830,0.64662249,0,0.80689897,"[0.9173604846000671, 0.972238302230835, 0.8320749998092651]","[0.806898968659257, 0.6466224903570369, 0.5958110516934046]",0.005562,outputs/c6_sam1_vit_h_pilot/predictions/003_0_p5_visible_points_negatives.png
3:0:p6_visible_points_box_negatives,3,A,Training/Proctocolectomy/10/36160,0,50,p6_visible_points_box_negatives,4,0,True,False,1,0.96679330,0.80156142,0,0.81184901,"[0.9311029314994812, 0.9667932987213135, 0.9576759338378906]","[0.8118490083173384, 0.8015614191125605, 0.7881833665171396]",0.005787,outputs/c6_sam1_vit_h_pilot/predictions/003_0_p6_visible_points_box_negatives.png
3:0:p7_shifted_entry_ablation,3,A,Training/Proctocolectomy/10/36160,0,50,p7_shifted_entry_ablation,4,0,False,False,1,0.97223830,0.64662249,0,0.80689897,"[0.9173604846000671, 0.972238302230835, 0.8320749998092651]","[0.806898968659257, 0.6466224903570369, 0.5958110516934046]",0.005550,outputs/c6_sam1_vit_h_pilot/predictions/003_0_p7_shifted_entry_ablation.png
80:0:p1_visible_points,80,B,Training/Proctocolectomy/10/62857,0,50,p1_visible_points,3,0,False,False,0,0.95949954,0.49098559,1,0.55945730,"[0.9594995379447937, 0.9549497365951538, 0.9282999038696289]","[0.49098559292695265, 0.5594573024740622, 0.11391101451324821]",0.020439,outputs/c6_sam1_vit_h_pilot/predictions/080_0_p1_visible_points.png
80:0:p2_visible_skeleton,80,B,Training/Proctocolectomy/10/62857,0,50,p2_visible_skeleton,26,0,False,False,2,0.91980016,0.73426777,2,0.73426777,"[0.8612937331199646, 0.9103084802627563, 0.9198001623153687]","[0.46306469678382844, 0.6615351835082299, 0.7342677730432833]",0.006640,outputs/c6_sam1_vit_h_pilot/predictions/080_0_p2_visible_skeleton.png
80:0:p3_visible_box,80,B,Training/Proctocolectomy/10/62857,0,50,p3_visible_box,0,0,True,False,2,0.95801902,0.60597428,2,0.60597428,"[0.8983688950538635, 0.9530339241027832, 0.9580190181732178]","[0.47762467016711535, 0.5287974852149822, 0.6059742818348819]",0.005116,outputs/c6_sam1_vit_h_pilot/predictions/080_0_p3_visible_box.png
80:0:p4_visible_points_box,80,B,Training/Proctocolectomy/10/62857,0,50,p4_visible_points_box,3,0,True,False,1,0.96145678,0.53761952,2,0.59068282,"[0.9315308928489685, 0.9614567756652832, 0.938703179359436]","[0.5066751938604205, 0.5376195168721869, 0.5906828164514841]",0.005806,outputs/c6_sam1_vit_h_pilot/predictions/080_0_p4_visible_points_box.png
80:0:p5_visible_points_negatives,80,B,Training/Proctocolectomy/10/62857,0,50,p5_visible_points_negatives,3,2,False,False,1,0.93348825,0.54336843,1,0.54336843,"[0.9209313988685608, 0.9334882497787476, 0.8690673112869263]","[0.46432947946081304, 0.5433684322484578, 0.24750527244917897]",0.005585,outputs/c6_sam1_vit_h_pilot/predictions/080_0_p5_visible_points_negatives.png
80:0:p6_visible_points_box_negatives,80,B,Training/Proctocolectomy/10/62857,0,50,p6_visible_points_box_negatives,3,2,True,False,1,0.96105075,0.53982489,2,0.68588448,"[0.9324569702148438, 0.9610507488250732, 0.9375393390655518]","[0.5002664393051263, 0.5398248928866062, 0.6858844803744283]",0.005803,outputs/c6_sam1_vit_h_pilot/predictions/080_0_p6_visible_points_box_negatives.png
80:0:p7_shifted_entry_ablation,80,B,Training/Proctocolectomy/10/62857,0,50,p7_shifted_entry_ablation,3,0,False,False,0,0.95949954,0.49098559,1,0.55945730,"[0.9594995379447937, 0.9549497365951538, 0.9282999038696289]","[0.49098559292695265, 0.5594573024740622, 0.11391101451324821]",0.005604,outputs/c6_sam1_vit_h_pilot/predictions/080_0_p7_shifted_entry_ablation.png
80:1:p1_visible_points,80,C,Training/Proctocolectomy/10/62857,1,100,p1_visible_points,2,0,False,False,2,0.97819722,0.04981109,0,0.42939518,"[0.6188457608222961, 0.9382460117340088, 0.9781972169876099]","[0.4293951755048597, 0.08560571754838456, 0.04981109004663086]",0.005600,outputs/c6_sam1_vit_h_pilot/predictions/080_1_p1_visible_points.png
80:1:p2_visible_skeleton,80,C,Training/Proctocolectomy/10/62857,1,100,p2_visible_skeleton,2,0,False,False,2,0.97819722,0.04981109,0,0.42939518,"[0.6188457608222961, 0.9382460117340088, 0.9781972169876099]","[0.4293951755048597, 0.08560571754838456, 0.04981109004663086]",0.005543,outputs/c6_sam1_vit_h_pilot/predictions/080_1_p2_visible_skeleton.png
80:1:p3_visible_box,80,C,Training/Proctocolectomy/10/62857,1,100,p3_visible_box,0,0,True,False,2,0.77681875,0.22550871,1,0.46113551,"[0.7550970911979675, 0.7368811368942261, 0.7768187522888184]","[0.4422078610022248, 0.46113550981533413, 0.22550870568491713]",0.005005,outputs/c6_sam1_vit_h_pilot/predictions/080_1_p3_visible_box.png
80:1:p4_visible_points_box,80,C,Training/Proctocolectomy/10/62857,1,100,p4_visible_points_box,2,0,True,False,2,0.89686871,0.17787852,0,0.46400778,"[0.7893559336662292, 0.8320552110671997, 0.8968687057495117]","[0.46400778210116733, 0.4486749268628463, 0.17787851652861728]",0.005858,outputs/c6_sam1_vit_h_pilot/predictions/080_1_p4_visible_points_box.png
80:1:p5_visible_points_negatives,80,C,Training/Proctocolectomy/10/62857,1,100,p5_visible_points_negatives,2,3,False,False,2,0.94229317,0.05248457,0,0.46589491,"[0.8245158791542053, 0.9297188520431519, 0.9422931671142578]","[0.4658949139756869, 0.1303178956313492, 0.05248457088301149]",0.005780,outputs/c6_sam1_vit_h_pilot/predictions/080_1_p5_visible_points_negatives.png
80:1:p6_visible_points_box_negatives,80,C,Training/Proctocolectomy/10/62857,1,100,p6_visible_points_box_negatives,2,3,True,False,2,0.90290308,0.15186175,0,0.47048619,"[0.845745325088501, 0.87088942527771, 0.9029030799865723]","[0.47048618640759854, 0.340171623658229, 0.15186175263303972]",0.005809,outputs/c6_sam1_vit_h_pilot/predictions/080_1_p6_visible_points_box_negatives.png
80:1:p7_shifted_entry_ablation,80,C,Training/Proctocolectomy/10/62857,1,100,p7_shifted_entry_ablation,3,0,False,True,2,0.97499132,0.04985325,0,0.09259766,"[0.7079812288284302, 0.9456955194473267, 0.9749913215637207]","[0.0925976611097288, 0.08093596188771617, 0.04985324655115981]",0.005568,outputs/c6_sam1_vit_h_pilot/predictions/080_1_p7_shifted_entry_ablation.png
100:0:p1_visible_points,100,B,Training/Proctocolectomy/10/63209,0,50,p1_visible_points,3,0,False,False,0,0.97466391,0.86266367,1,0.88604850,"[0.9746639132499695, 0.916229248046875, 0.9550329446792603]","[0.8626636673011479, 0.8860485021398002, 0.0442120731618372]",0.020555,outputs/c6_sam1_vit_h_pilot/predictions/100_0_p1_visible_points.png
100:0:p2_visible_skeleton,100,B,Training/Proctocolectomy/10/63209,0,50,p2_visible_skeleton,14,0,False,False,1,0.96778619,0.87902344,1,0.87902344,"[0.9085461497306824, 0.9677861928939819, 0.9230737686157227]","[0.7828376345330401, 0.879023435250763, 0.048781959423787616]",0.005921,outputs/c6_sam1_vit_h_pilot/predictions/100_0_p2_visible_skeleton.png
100:0:p3_visible_box,100,B,Training/Proctocolectomy/10/63209,0,50,p3_visible_box,0,0,True,False,2,0.97200978,0.88240014,2,0.88240014,"[0.9520851969718933, 0.9715571403503418, 0.9720097780227661]","[0.8168900184842883, 0.8670280244493138, 0.8824001375436987]",0.005083,outputs/c6_sam1_vit_h_pilot/predictions/100_0_p3_visible_box.png
100:0:p4_visible_points_box,100,B,Training/Proctocolectomy/10/63209,0,50,p4_visible_points_box,3,0,True,False,1,0.97113919,0.87762137,1,0.87762137,"[0.9580748677253723, 0.9711391925811768, 0.9511052370071411]","[0.854931854931855, 0.8776213731686298, 0.8389987802937902]",0.005808,outputs/c6_sam1_vit_h_pilot/predictions/100_0_p4_visible_points_box.png
100:0:p5_visible_points_negatives,100,B,Training/Proctocolectomy/10/63209,0,50,p5_visible_points_negatives,3,1,False,False,1,0.96306002,0.88554874,1,0.88554874,"[0.9429237246513367, 0.9630600214004517, 0.9271879196166992]","[0.8414845646895595, 0.8855487350123343, 0.04657674000074509]",0.005610,outputs/c6_sam1_vit_h_pilot/predictions/100_0_p5_visible_points_negatives.png
100:0:p6_visible_points_box_negatives,100,B,Training/Proctocolectomy/10/63209,0,50,p6_visible_points_box_negatives,3,1,True,False,1,0.96923411,0.87924789,1,0.87924789,"[0.9590588808059692, 0.9692341089248657, 0.9487042427062988]","[0.8589084608720763, 0.8792478868380197, 0.8507590794485275]",0.005851,outputs/c6_sam1_vit_h_pilot/predictions/100_0_p6_visible_points_box_negatives.png
100:0:p7_shifted_entry_ablation,100,B,Training/Proctocolectomy/10/63209,0,50,p7_shifted_entry_ablation,3,0,False,False,0,0.97466391,0.86266367,1,0.88604850,"[0.9746639132499695, 0.916229248046875, 0.9550329446792603]","[0.8626636673011479, 0.8860485021398002, 0.0442120731618372]",0.005563,outputs/c6_sam1_vit_h_pilot/predictions/100_0_p7_shifted_entry_ablation.png
100:1:p1_visible_points,100,C,Training/Proctocolectomy/10/63209,1,100,p1_visible_points,1,0,False,False,2,1.00547516,0.01002833,0,0.81567052,"[0.6287489533424377, 0.9506161212921143, 1.0054751634597778]","[0.8156705173279759, 0.011287241467984276, 0.010028333937611624]",0.005526,outputs/c6_sam1_vit_h_pilot/predictions/100_1_p1_visible_points.png
100:1:p2_visible_skeleton,100,C,Training/Proctocolectomy/10/63209,1,100,p2_visible_skeleton,1,0,False,False,2,1.00547516,0.01002833,0,0.81567052,"[0.6287489533424377, 0.9506161212921143, 1.0054751634597778]","[0.8156705173279759, 0.011287241467984276, 0.010028333937611624]",0.005785,outputs/c6_sam1_vit_h_pilot/predictions/100_1_p2_visible_skeleton.png
100:1:p3_visible_box,100,C,Training/Proctocolectomy/10/63209,1,100,p3_visible_box,0,0,True,False,2,0.81060898,0.14811992,2,0.14811992,"[0.6975178122520447, 0.7855697870254517, 0.810608983039856]","[0.11603919546157813, 0.1299638989169675, 0.148119918699187]",0.005007,outputs/c6_sam1_vit_h_pilot/predictions/100_1_p3_visible_box.png
100:1:p4_visible_points_box,100,C,Training/Proctocolectomy/10/63209,1,100,p4_visible_points_box,1,0,True,False,2,0.84362328,0.17378049,2,0.17378049,"[0.7696173787117004, 0.8260554075241089, 0.8436232805252075]","[0.13250837844805363, 0.16039195461578132, 0.17378048780487804]",0.005842,outputs/c6_sam1_vit_h_pilot/predictions/100_1_p4_visible_points_box.png
100:1:p5_visible_points_negatives,100,C,Training/Proctocolectomy/10/63209,1,100,p5_visible_points_negatives,1,3,False,False,2,0.95035815,0.01066414,0,0.65349544,"[0.7391511797904968, 0.8396475315093994, 0.9503581523895264]","[0.6534954407294833, 0.012985047307952241, 0.010664142973380038]",0.005649,outputs/c6_sam1_vit_h_pilot/predictions/100_1_p5_visible_points_negatives.png
100:1:p6_visible_points_box_negatives,100,C,Training/Proctocolectomy/10/63209,1,100,p6_visible_points_box_negatives,1,3,True,False,2,0.77896070,0.17500629,2,0.17500629,"[0.7196842432022095, 0.7652286291122437, 0.7789607048034668]","[0.15077319587628865, 0.17197943444730077, 0.17500628614533567]",0.005856,outputs/c6_sam1_vit_h_pilot/predictions/100_1_p6_visible_points_box_negatives.png
100:1:p7_shifted_entry_ablation,100,C,Training/Proctocolectomy/10/63209,1,100,p7_shifted_entry_ablation,2,0,False,True,2,1.00387585,0.01003383,0,0.74598759,"[0.7192949056625366, 0.8728781938552856, 1.0038758516311646]","[0.745987588273058, 0.011889083154953512, 0.010033830642889529]",0.005965,outputs/c6_sam1_vit_h_pilot/predictions/100_1_p7_shifted_entry_ablation.png
64:0:p1_visible_points,64,B,Training/Proctocolectomy/10/63932,0,100,p1_visible_points,2,0,False,False,2,1.01574707,0.10371999,1,0.93564025,"[0.9359103441238403, 0.9772602319717407, 1.0157470703125]","[0.5019237409362206, 0.9356402540956202, 0.10371998827510859]",0.020813,outputs/c6_sam1_vit_h_pilot/predictions/064_0_p1_visible_points.png
64:0:p2_visible_skeleton,64,B,Training/Proctocolectomy/10/63932,0,100,p2_visible_skeleton,2,0,False,False,2,1.01574707,0.10371999,1,0.93564025,"[0.9359103441238403, 0.9772602319717407, 1.0157470703125]","[0.5019237409362206, 0.9356402540956202, 0.10371998827510859]",0.006145,outputs/c6_sam1_vit_h_pilot/predictions/064_0_p2_visible_skeleton.png
64:0:p3_visible_box,64,B,Training/Proctocolectomy/10/63932,0,100,p3_visible_box,0,0,True,False,1,0.91429591,0.34089117,1,0.34089117,"[0.8880442380905151, 0.9142959117889404, 0.897435188293457]","[0.23469838155958803, 0.340891167192429, 0.2915140785293333]",0.005076,outputs/c6_sam1_vit_h_pilot/predictions/064_0_p3_visible_box.png
64:0:p4_visible_points_box,64,B,Training/Proctocolectomy/10/63932,0,100,p4_visible_points_box,2,0,True,False,2,0.91557562,0.30409218,1,0.35153516,"[0.8295501470565796, 0.904678225517273, 0.9155756235122681]","[0.22448684242263442, 0.35153516337292395, 0.30409217511367154]",0.006094,outputs/c6_sam1_vit_h_pilot/predictions/064_0_p4_visible_points_box.png
64:0:p5_visible_points_negatives,64,B,Training/Proctocolectomy/10/63932,0,100,p5_visible_points_negatives,2,3,False,False,2,0.96824098,0.08092888,1,0.93439797,"[0.8672091364860535, 0.9600188732147217, 0.9682409763336182]","[0.4158655031307006, 0.9343979696889889, 0.08092887586502509]",0.005763,outputs/c6_sam1_vit_h_pilot/predictions/064_0_p5_visible_points_negatives.png
64:0:p6_visible_points_box_negatives,64,B,Training/Proctocolectomy/10/63932,0,100,p6_visible_points_box_negatives,2,3,True,False,1,0.95582402,0.40927126,1,0.40927126,"[0.8883001208305359, 0.9558240175247192, 0.928694486618042]","[0.2786251291043163, 0.40927126204500086, 0.3047168465598402]",0.006236,outputs/c6_sam1_vit_h_pilot/predictions/064_0_p6_visible_points_box_negatives.png
64:0:p7_shifted_entry_ablation,64,B,Training/Proctocolectomy/10/63932,0,100,p7_shifted_entry_ablation,2,0,False,False,2,1.01574707,0.10371999,1,0.93564025,"[0.9359103441238403, 0.9772602319717407, 1.0157470703125]","[0.5019237409362206, 0.9356402540956202, 0.10371998827510859]",0.005553,outputs/c6_sam1_vit_h_pilot/predictions/064_0_p7_shifted_entry_ablation.png
64:1:p1_visible_points,64,B,Training/Proctocolectomy/10/63932,1,50,p1_visible_points,3,0,False,False,2,0.98373210,0.04739408,0,0.16007916,"[0.9251289963722229, 0.9053831100463867, 0.9837321043014526]","[0.16007916313259823, 0.06771664577607885, 0.047394078563496395]",0.005578,outputs/c6_sam1_vit_h_pilot/predictions/064_1_p1_visible_points.png
64:1:p2_visible_skeleton,64,B,Training/Proctocolectomy/10/63932,1,50,p2_visible_skeleton,23,0,False,False,2,0.90991020,0.06065232,1,0.46530193,"[0.816111147403717, 0.8717736005783081, 0.9099102020263672]","[0.25549240354137065, 0.46530192854884606, 0.06065231558441106]",0.005911,outputs/c6_sam1_vit_h_pilot/predictions/064_1_p2_visible_skeleton.png
64:1:p3_visible_box,64,B,Training/Proctocolectomy/10/63932,1,50,p3_visible_box,0,0,True,False,1,0.89758575,0.27071388,2,0.27733385,"[0.8967616558074951, 0.8975857496261597, 0.8763477802276611]","[0.1521063047780605, 0.27071388420460935, 0.2773338530500877]",0.004976,outputs/c6_sam1_vit_h_pilot/predictions/064_1_p3_visible_box.png
64:1:p4_visible_points_box,64,B,Training/Proctocolectomy/10/63932,1,50,p4_visible_points_box,3,0,True,False,2,0.93511856,0.23711492,1,0.42828173,"[0.9065884947776794, 0.9001152515411377, 0.935118556022644]","[0.22991939574995773, 0.42828172915224055, 0.23711491802073376]",0.005916,outputs/c6_sam1_vit_h_pilot/predictions/064_1_p4_visible_points_box.png
64:1:p5_visible_points_negatives,64,B,Training/Proctocolectomy/10/63932,1,50,p5_visible_points_negatives,3,2,False,False,2,0.94211936,0.05034804,0,0.13072487,"[0.8874526619911194, 0.8582168817520142, 0.9421193599700928]","[0.13072486712654077, 0.05915741717590829, 0.05034803579796779]",0.005623,outputs/c6_sam1_vit_h_pilot/predictions/064_1_p5_visible_points_negatives.png
64:1:p6_visible_points_box_negatives,64,B,Training/Proctocolectomy/10/63932,1,50,p6_visible_points_box_negatives,3,2,True,False,2,0.91044915,0.23891629,1,0.30937851,"[0.8563938736915588, 0.8727047443389893, 0.9104491472244263]","[0.17813011341195056, 0.3093785090074696, 0.23891629448654705]",0.008952,outputs/c6_sam1_vit_h_pilot/predictions/064_1_p6_visible_points_box_negatives.png
64:1:p7_shifted_entry_ablation,64,B,Training/Proctocolectomy/10/63932,1,50,p7_shifted_entry_ablation,3,0,False,False,2,0.98373210,0.04739408,0,0.16007916,"[0.9251289963722229, 0.9053831100463867, 0.9837321043014526]","[0.16007916313259823, 0.06771664577607885, 0.047394078563496395]",0.005631,outputs/c6_sam1_vit_h_pilot/predictions/064_1_p7_shifted_entry_ablation.png
174:0:p1_visible_points,174,C,Training/Proctocolectomy/10/67719,0,50,p1_visible_points,1,0,False,False,2,0.90051603,0.00571757,1,0.12148226,"[0.6867004632949829, 0.6743608713150024, 0.9005160331726074]","[0.08092485549132948, 0.12148225834644293, 0.005717571321865949]",0.020589,outputs/c6_sam1_vit_h_pilot/predictions/174_0_p1_visible_points.png
174:0:p2_visible_skeleton,174,C,Training/Proctocolectomy/10/67719,0,50,p2_visible_skeleton,1,0,False,False,2,0.90051603,0.00571757,1,0.12148226,"[0.6867004632949829, 0.6743608713150024, 0.9005160331726074]","[0.08092485549132948, 0.12148225834644293, 0.005717571321865949]",0.005676,outputs/c6_sam1_vit_h_pilot/predictions/174_0_p2_visible_skeleton.png
174:0:p3_visible_box,174,C,Training/Proctocolectomy/10/67719,0,50,p3_visible_box,0,0,True,False,2,0.64818728,0.24871287,2,0.24871287,"[0.5127692818641663, 0.6244646310806274, 0.6481872797012329]","[0.09969257795344752, 0.21825226000860956, 0.2487128712871287]",0.005006,outputs/c6_sam1_vit_h_pilot/predictions/174_0_p3_visible_box.png
174:0:p4_visible_points_box,174,C,Training/Proctocolectomy/10/67719,0,50,p4_visible_points_box,1,0,True,False,2,0.71053767,0.25560362,2,0.25560362,"[0.5990035533905029, 0.6812437772750854, 0.7105376720428467]","[0.12996545768566495, 0.22692633361558, 0.25560361777428237]",0.005896,outputs/c6_sam1_vit_h_pilot/predictions/174_0_p4_visible_points_box.png
174:0:p5_visible_points_negatives,174,C,Training/Proctocolectomy/10/67719,0,50,p5_visible_points_negatives,1,0,False,False,2,0.90051603,0.00571757,1,0.12148226,"[0.6867004632949829, 0.6743608713150024, 0.9005160331726074]","[0.08092485549132948, 0.12148225834644293, 0.005717571321865949]",0.005620,outputs/c6_sam1_vit_h_pilot/predictions/174_0_p5_visible_points_negatives.png
174:0:p6_visible_points_box_negatives,174,C,Training/Proctocolectomy/10/67719,0,50,p6_visible_points_box_negatives,1,0,True,False,2,0.71053767,0.25560362,2,0.25560362,"[0.5990035533905029, 0.6812437772750854, 0.7105376720428467]","[0.12996545768566495, 0.22692633361558, 0.25560361777428237]",0.005838,outputs/c6_sam1_vit_h_pilot/predictions/174_0_p6_visible_points_box_negatives.png
174:0:p7_shifted_entry_ablation,174,C,Training/Proctocolectomy/10/67719,0,50,p7_shifted_entry_ablation,2,0,False,True,1,0.97750378,0.00052451,2,0.00621567,"[0.6809822916984558, 0.977503776550293, 0.8352329730987549]","[0.0024613220815752463, 0.0005245060900984906, 0.006215665540453408]",0.005555,outputs/c6_sam1_vit_h_pilot/predictions/174_0_p7_shifted_entry_ablation.png
137:0:p1_visible_points,137,A,Training/Proctocolectomy/10/68269,0,50,p1_visible_points,4,0,False,False,0,0.93200475,0.78326339,0,0.78326339,"[0.9320047497749329, 0.7572897672653198, 0.8671369552612305]","[0.7832633917551222, 0.1263786899583825, 0.061284984220486644]",0.020554,outputs/c6_sam1_vit_h_pilot/predictions/137_0_p1_visible_points.png
137:0:p2_visible_skeleton,137,A,Training/Proctocolectomy/10/68269,0,50,p2_visible_skeleton,29,0,False,False,1,0.90820789,0.82017910,1,0.82017910,"[0.8839924335479736, 0.908207893371582, 0.8959057331085205]","[0.7272114006239987, 0.8201791044776119, 0.5798439566966335]",0.005993,outputs/c6_sam1_vit_h_pilot/predictions/137_0_p2_visible_skeleton.png
137:0:p3_visible_box,137,A,Training/Proctocolectomy/10/68269,0,50,p3_visible_box,0,0,True,False,1,0.95765710,0.75974457,2,0.81535968,"[0.9260669350624084, 0.9576570987701416, 0.950661301612854]","[0.7154712507409603, 0.7597445679217117, 0.8153596757852077]",0.005023,outputs/c6_sam1_vit_h_pilot/predictions/137_0_p3_visible_box.png
137:0:p4_visible_points_box,137,A,Training/Proctocolectomy/10/68269,0,50,p4_visible_points_box,4,0,True,False,1,0.94938934,0.80082921,2,0.82272977,"[0.9435407519340515, 0.9493893384933472, 0.8571014404296875]","[0.7635557764798475, 0.800829207422614, 0.8227297657290605]",0.005855,outputs/c6_sam1_vit_h_pilot/predictions/137_0_p4_visible_points_box.png
137:0:p5_visible_points_negatives,137,A,Training/Proctocolectomy/10/68269,0,50,p5_visible_points_negatives,4,2,False,False,0,0.92586941,0.77649420,0,0.77649420,"[0.9258694052696228, 0.885857343673706, 0.8390235900878906]","[0.7764942034328787, 0.14446095539317264, 0.06951395602109617]",0.005628,outputs/c6_sam1_vit_h_pilot/predictions/137_0_p5_visible_points_negatives.png
137:0:p6_visible_points_box_negatives,137,A,Training/Proctocolectomy/10/68269,0,50,p6_visible_points_box_negatives,4,2,True,False,0,0.92154670,0.76386523,1,0.80050303,"[0.9215466976165771, 0.9127935171127319, 0.8943332433700562]","[0.7638652320219351, 0.8005030341743852, 0.6245958463196528]",0.005823,outputs/c6_sam1_vit_h_pilot/predictions/137_0_p6_visible_points_box_negatives.png
137:0:p7_shifted_entry_ablation,137,A,Training/Proctocolectomy/10/68269,0,50,p7_shifted_entry_ablation,4,0,False,False,0,0.93200475,0.78326339,0,0.78326339,"[0.9320047497749329, 0.7572897672653198, 0.8671369552612305]","[0.7832633917551222, 0.1263786899583825, 0.061284984220486644]",0.005558,outputs/c6_sam1_vit_h_pilot/predictions/137_0_p7_shifted_entry_ablation.png
137:1:p1_visible_points,137,C,Training/Proctocolectomy/10/68269,1,100,p1_visible_points,2,0,False,False,1,0.97906148,0.74151533,1,0.74151533,"[0.7989502549171448, 0.979061484336853, 0.913973331451416]","[0.11570383762018244, 0.7415153258279235, 0.06723609597596333]",0.005680,outputs/c6_sam1_vit_h_pilot/predictions/137_1_p1_visible_points.png
137:1:p2_visible_skeleton,137,C,Training/Proctocolectomy/10/68269,1,100,p2_visible_skeleton,2,0,False,False,1,0.97906148,0.74151533,1,0.74151533,"[0.7989502549171448, 0.979061484336853, 0.913973331451416]","[0.11570383762018244, 0.7415153258279235, 0.06723609597596333]",0.005636,outputs/c6_sam1_vit_h_pilot/predictions/137_1_p2_visible_skeleton.png
137:1:p3_visible_box,137,C,Training/Proctocolectomy/10/68269,1,100,p3_visible_box,0,0,True,False,0,0.83626550,0.12544155,1,0.12951869,"[0.836265504360199, 0.74833083152771, 0.6982873678207397]","[0.12544155097346588, 0.12951868606594122, 0.044542886044159194]",0.004971,outputs/c6_sam1_vit_h_pilot/predictions/137_1_p3_visible_box.png
137:1:p4_visible_points_box,137,C,Training/Proctocolectomy/10/68269,1,100,p4_visible_points_box,2,0,True,False,1,0.92804360,0.13809680,1,0.13809680,"[0.9177565574645996, 0.9280436038970947, 0.8711727857589722]","[0.12166159914536938, 0.13809680335278166, 0.1363382380331533]",0.005774,outputs/c6_sam1_vit_h_pilot/predictions/137_1_p4_visible_points_box.png
137:1:p5_visible_points_negatives,137,C,Training/Proctocolectomy/10/68269,1,100,p5_visible_points_negatives,2,4,False,False,2,0.90429711,0.13626703,1,0.75619983,"[0.9025169014930725, 0.8234574794769287, 0.9042971134185791]","[0.3759552962445558, 0.7561998322750689, 0.1362670333791724]",0.005601,outputs/c6_sam1_vit_h_pilot/predictions/137_1_p5_visible_points_negatives.png
137:1:p6_visible_points_box_negatives,137,C,Training/Proctocolectomy/10/68269,1,100,p6_visible_points_box_negatives,2,4,True,False,0,0.90402013,0.12896467,1,0.14171870,"[0.9040201306343079, 0.8275940418243408, 0.7766003608703613]","[0.1289646672144618, 0.14171869865264541, 0.060165544248969055]",0.005909,outputs/c6_sam1_vit_h_pilot/predictions/137_1_p6_visible_points_box_negatives.png
137:1:p7_shifted_entry_ablation,137,C,Training/Proctocolectomy/10/68269,1,100,p7_shifted_entry_ablation,3,0,False,True,0,0.98008996,0.74373408,0,0.74373408,"[0.9800899624824524, 0.8632090091705322, 0.9633059501647949]","[0.7437340783959241, 0.4556521315706182, 0.06417849567629304]",0.005570,outputs/c6_sam1_vit_h_pilot/predictions/137_1_p7_shifted_entry_ablation.png
118:0:p1_visible_points,118,C,Training/Proctocolectomy/10/81497,0,50,p1_visible_points,2,0,False,False,2,0.97771835,0.04065305,1,0.86825812,"[0.9234815239906311, 0.8135091066360474, 0.9777183532714844]","[0.6235059760956175, 0.8682581221676134, 0.040653048508645186]",0.020460,outputs/c6_sam1_vit_h_pilot/predictions/118_0_p1_visible_points.png
118:0:p2_visible_skeleton,118,C,Training/Proctocolectomy/10/81497,0,50,p2_visible_skeleton,2,0,False,False,2,0.97771835,0.04065305,1,0.86825812,"[0.9234815239906311, 0.8135091066360474, 0.9777183532714844]","[0.6235059760956175, 0.8682581221676134, 0.040653048508645186]",0.005545,outputs/c6_sam1_vit_h_pilot/predictions/118_0_p2_visible_skeleton.png
118:0:p3_visible_box,118,C,Training/Proctocolectomy/10/81497,0,50,p3_visible_box,0,0,True,False,1,0.73696983,0.03476406,2,0.04724743,"[0.6187589168548584, 0.7369698286056519, 0.7182794809341431]","[0.03599197391522448, 0.0347640562248996, 0.04724742891712039]",0.004979,outputs/c6_sam1_vit_h_pilot/predictions/118_0_p3_visible_box.png
118:0:p4_visible_points_box,118,C,Training/Proctocolectomy/10/81497,0,50,p4_visible_points_box,2,0,True,False,1,0.81202352,0.08790590,1,0.08790590,"[0.6687344312667847, 0.8120235204696655, 0.7890146970748901]","[0.07518284368414528, 0.08790590001876994, 0.07411907654921021]",0.005789,outputs/c6_sam1_vit_h_pilot/predictions/118_0_p4_visible_points_box.png
118:0:p5_visible_points_negatives,118,C,Training/Proctocolectomy/10/81497,0,50,p5_visible_points_negatives,2,0,False,False,2,0.97771835,0.04065305,1,0.86825812,"[0.9234815239906311, 0.8135091066360474, 0.9777183532714844]","[0.6235059760956175, 0.8682581221676134, 0.040653048508645186]",0.005534,outputs/c6_sam1_vit_h_pilot/predictions/118_0_p5_visible_points_negatives.png
118:0:p6_visible_points_box_negatives,118,C,Training/Proctocolectomy/10/81497,0,50,p6_visible_points_box_negatives,2,0,True,False,1,0.81202352,0.08790590,1,0.08790590,"[0.6687344312667847, 0.8120235204696655, 0.7890146970748901]","[0.07518284368414528, 0.08790590001876994, 0.07411907654921021]",0.006247,outputs/c6_sam1_vit_h_pilot/predictions/118_0_p6_visible_points_box_negatives.png
118:0:p7_shifted_entry_ablation,118,C,Training/Proctocolectomy/10/81497,0,50,p7_shifted_entry_ablation,3,0,False,True,2,0.99267781,0.04044952,1,0.88972897,"[0.8846508860588074, 0.892143726348877, 0.9926778078079224]","[0.8139699267446344, 0.8897289677708721, 0.040449516536438086]",0.005640,outputs/c6_sam1_vit_h_pilot/predictions/118_0_p7_shifted_entry_ablation.png
54:0:p1_visible_points,54,C,Training/Proctocolectomy/10/81947,0,50,p1_visible_points,2,0,False,False,1,0.98054039,0.88879235,1,0.88879235,"[0.8994585275650024, 0.98054039478302, 0.8427209854125977]","[0.25146484375, 0.8887923544743701, 0.03556739028246656]",0.020537,outputs/c6_sam1_vit_h_pilot/predictions/054_0_p1_visible_points.png
54:0:p2_visible_skeleton,54,C,Training/Proctocolectomy/10/81947,0,50,p2_visible_skeleton,2,0,False,False,1,0.98054039,0.88879235,1,0.88879235,"[0.8994585275650024, 0.98054039478302, 0.8427209854125977]","[0.25146484375, 0.8887923544743701, 0.03556739028246656]",0.005654,outputs/c6_sam1_vit_h_pilot/predictions/054_0_p2_visible_skeleton.png
54:0:p3_visible_box,54,C,Training/Proctocolectomy/10/81947,0,50,p3_visible_box,0,0,True,False,2,0.85678566,0.19246514,1,0.21163504,"[0.7890780568122864, 0.8559699058532715, 0.8567856550216675]","[0.15972658157215597, 0.21163504464285715, 0.1924651356414348]",0.005004,outputs/c6_sam1_vit_h_pilot/predictions/054_0_p3_visible_box.png
54:0:p4_visible_points_box,54,C,Training/Proctocolectomy/10/81947,0,50,p4_visible_points_box,2,0,True,False,2,0.91615105,0.44635882,2,0.44635882,"[0.9041648507118225, 0.9042420387268066, 0.9161510467529297]","[0.22040873264978728, 0.28383091517857145, 0.4463588169642857]",0.005812,outputs/c6_sam1_vit_h_pilot/predictions/054_0_p4_visible_points_box.png
54:0:p5_visible_points_negatives,54,C,Training/Proctocolectomy/10/81947,0,50,p5_visible_points_negatives,2,0,False,False,1,0.98054039,0.88879235,1,0.88879235,"[0.8994585275650024, 0.98054039478302, 0.8427209854125977]","[0.25146484375, 0.8887923544743701, 0.03556739028246656]",0.005600,outputs/c6_sam1_vit_h_pilot/predictions/054_0_p5_visible_points_negatives.png
54:0:p6_visible_points_box_negatives,54,C,Training/Proctocolectomy/10/81947,0,50,p6_visible_points_box_negatives,2,0,True,False,2,0.91615105,0.44635882,2,0.44635882,"[0.9041648507118225, 0.9042420387268066, 0.9161510467529297]","[0.22040873264978728, 0.28383091517857145, 0.4463588169642857]",0.005810,outputs/c6_sam1_vit_h_pilot/predictions/054_0_p6_visible_points_box_negatives.png
54:0:p7_shifted_entry_ablation,54,C,Training/Proctocolectomy/10/81947,0,50,p7_shifted_entry_ablation,3,0,False,True,1,0.99552226,0.88513965,1,0.88513965,"[0.8923273682594299, 0.9955222606658936, 0.8556821346282959]","[0.3876470183643992, 0.8851396498730456, 0.03492532836236635]",0.005685,outputs/c6_sam1_vit_h_pilot/predictions/054_0_p7_shifted_entry_ablation.png
73:0:p1_visible_points,73,D,Training/Proctocolectomy/10/82147,0,50,p1_visible_points,3,0,False,False,1,0.98628426,0.84617421,0,0.90022289,"[0.9467769861221313, 0.9862842559814453, 0.9143707752227783]","[0.9002228923561033, 0.8461742123378343, 0.07970312658857776]",0.020512,outputs/c6_sam1_vit_h_pilot/predictions/073_0_p1_visible_points.png
73:0:p2_visible_skeleton,73,D,Training/Proctocolectomy/10/82147,0,50,p2_visible_skeleton,22,0,False,False,2,0.96870804,0.88868607,2,0.88868607,"[0.8852728009223938, 0.9400529861450195, 0.9687080383300781]","[0.64189522900135, 0.8337102959976399, 0.8886860719058639]",0.005919,outputs/c6_sam1_vit_h_pilot/predictions/073_0_p2_visible_skeleton.png
73:0:p3_visible_box,73,D,Training/Proctocolectomy/10/82147,0,50,p3_visible_box,0,0,True,False,2,0.96820748,0.84568811,1,0.85543341,"[0.9405332803726196, 0.9670499563217163, 0.9682074785232544]","[0.8365390927591413, 0.8554334079190583, 0.8456881136869844]",0.004991,outputs/c6_sam1_vit_h_pilot/predictions/073_0_p3_visible_box.png
73:0:p4_visible_points_box,73,D,Training/Proctocolectomy/10/82147,0,50,p4_visible_points_box,3,0,True,False,2,0.97479129,0.90157178,2,0.90157178,"[0.9545477628707886, 0.9722362756729126, 0.9747912883758545]","[0.8391011973101525, 0.8732431025507548, 0.9015717845505079]",0.005893,outputs/c6_sam1_vit_h_pilot/predictions/073_0_p4_visible_points_box.png
73:0:p5_visible_points_negatives,73,D,Training/Proctocolectomy/10/82147,0,50,p5_visible_points_negatives,3,1,False,False,1,0.95615733,0.90170646,1,0.90170646,"[0.917438268661499, 0.9561573266983032, 0.8873910903930664]","[0.8526436781609196, 0.9017064622842357, 0.08068062014236795]",0.005591,outputs/c6_sam1_vit_h_pilot/predictions/073_0_p5_visible_points_negatives.png
73:0:p6_visible_points_box_negatives,73,D,Training/Proctocolectomy/10/82147,0,50,p6_visible_points_box_negatives,3,1,True,False,2,0.97929049,0.89612636,2,0.89612636,"[0.9558589458465576, 0.9745795726776123, 0.9792904853820801]","[0.8066305596586246, 0.8506127531293007, 0.8961263583852755]",0.005856,outputs/c6_sam1_vit_h_pilot/predictions/073_0_p6_visible_points_box_negatives.png
73:0:p7_shifted_entry_ablation,73,D,Training/Proctocolectomy/10/82147,0,50,p7_shifted_entry_ablation,3,0,False,False,1,0.98628426,0.84617421,0,0.90022289,"[0.9467769861221313, 0.9862842559814453, 0.9143707752227783]","[0.9002228923561033, 0.8461742123378343, 0.07970312658857776]",0.005605,outputs/c6_sam1_vit_h_pilot/predictions/073_0_p7_shifted_entry_ablation.png
73:1:p1_visible_points,73,D,Training/Proctocolectomy/10/82147,1,100,p1_visible_points,1,0,False,False,1,0.96440876,0.07576808,1,0.07576808,"[0.9504925012588501, 0.9644087553024292, 0.8649646043777466]","[0.037966294262450295, 0.07576808273283686, 0.007056753569529937]",0.005571,outputs/c6_sam1_vit_h_pilot/predictions/073_1_p1_visible_points.png
73:1:p2_visible_skeleton,73,D,Training/Proctocolectomy/10/82147,1,100,p2_visible_skeleton,1,0,False,False,1,0.96440876,0.07576808,1,0.07576808,"[0.9504925012588501, 0.9644087553024292, 0.8649646043777466]","[0.037966294262450295, 0.07576808273283686, 0.007056753569529937]",0.005563,outputs/c6_sam1_vit_h_pilot/predictions/073_1_p2_visible_skeleton.png
73:1:p3_visible_box,73,D,Training/Proctocolectomy/10/82147,1,100,p3_visible_box,0,0,True,False,2,0.74540758,0.08542849,0,0.10871518,"[0.5579468607902527, 0.7122364044189453, 0.7454075813293457]","[0.1087151841868823, 0.0919442072302875, 0.08542849418761828]",0.004990,outputs/c6_sam1_vit_h_pilot/predictions/073_1_p3_visible_box.png
73:1:p4_visible_points_box,73,D,Training/Proctocolectomy/10/82147,1,100,p4_visible_points_box,1,0,True,False,2,0.79814506,0.09043857,0,0.10225885,"[0.6498926877975464, 0.762252688407898, 0.798145055770874]","[0.10225885225885226, 0.08815977175463624, 0.09043857259602288]",0.009681,outputs/c6_sam1_vit_h_pilot/predictions/073_1_p4_visible_points_box.png
73:1:p5_visible_points_negatives,73,D,Training/Proctocolectomy/10/82147,1,100,p5_visible_points_negatives,1,3,False,False,2,0.82563400,0.01612372,0,0.23093183,"[0.5007952451705933, 0.792547345161438, 0.8256340026855469]","[0.2309318301920028, 0.048890676733607696, 0.016123724909509706]",0.005869,outputs/c6_sam1_vit_h_pilot/predictions/073_1_p5_visible_points_negatives.png
73:1:p6_visible_points_box_negatives,73,D,Training/Proctocolectomy/10/82147,1,100,p6_visible_points_box_negatives,1,3,True,False,2,0.82057524,0.16973834,0,0.20506667,"[0.7430504560470581, 0.8115410804748535, 0.8205752372741699]","[0.20506666666666667, 0.1519364448857994, 0.16973833902161548]",0.005975,outputs/c6_sam1_vit_h_pilot/predictions/073_1_p6_visible_points_box_negatives.png
73:1:p7_shifted_entry_ablation,73,D,Training/Proctocolectomy/10/82147,1,100,p7_shifted_entry_ablation,1,0,False,False,1,0.96440876,0.07576808,1,0.07576808,"[0.9504925012588501, 0.9644087553024292, 0.8649646043777466]","[0.037966294262450295, 0.07576808273283686, 0.007056753569529937]",0.006630,outputs/c6_sam1_vit_h_pilot/predictions/073_1_p7_shifted_entry_ablation.png
35:0:p1_visible_points,35,B,Training/Proctocolectomy/2/164684,0,50,p1_visible_points,3,0,False,False,1,0.97993720,0.90968860,1,0.90968860,"[0.9745161533355713, 0.9799371957778931, 0.695181667804718]","[0.8939603781537906, 0.9096886019962943, 0.038719308526929876]",0.020550,outputs/c6_sam1_vit_h_pilot/predictions/035_0_p1_visible_points.png
35:0:p2_visible_skeleton,35,B,Training/Proctocolectomy/2/164684,0,50,p2_visible_skeleton,18,0,False,False,1,0.96476161,0.89702792,1,0.89702792,"[0.9556040167808533, 0.9647616147994995, 0.9395201206207275]","[0.8596501809408926, 0.8970279195436806, 0.8956638773480017]",0.005895,outputs/c6_sam1_vit_h_pilot/predictions/035_0_p2_visible_skeleton.png
35:0:p3_visible_box,35,B,Training/Proctocolectomy/2/164684,0,50,p3_visible_box,0,0,True,False,1,0.97695386,0.89391933,2,0.90868784,"[0.9476682543754578, 0.9769538640975952, 0.9764847755432129]","[0.8826549100132867, 0.8939193257074052, 0.9086878370281606]",0.005092,outputs/c6_sam1_vit_h_pilot/predictions/035_0_p3_visible_box.png
35:0:p4_visible_points_box,35,B,Training/Proctocolectomy/2/164684,0,50,p4_visible_points_box,3,0,True,False,1,0.98046207,0.90239355,2,0.91170665,"[0.9696374535560608, 0.9804620742797852, 0.9788440465927124]","[0.8915023219347445, 0.9023935530430599, 0.9117066459292935]",0.006236,outputs/c6_sam1_vit_h_pilot/predictions/035_0_p4_visible_points_box.png
35:0:p5_visible_points_negatives,35,B,Training/Proctocolectomy/2/164684,0,50,p5_visible_points_negatives,3,4,False,False,1,0.96980762,0.90468759,1,0.90468759,"[0.9587597250938416, 0.9698076248168945, 0.8280375003814697]","[0.8894520878590394, 0.9046875937818858, 0.35162311027774523]",0.005921,outputs/c6_sam1_vit_h_pilot/predictions/035_0_p5_visible_points_negatives.png
35:0:p6_visible_points_box_negatives,35,B,Training/Proctocolectomy/2/164684,0,50,p6_visible_points_box_negatives,3,4,True,False,2,0.98129785,0.90808516,2,0.90808516,"[0.9643658995628357, 0.9784517288208008, 0.9812978506088257]","[0.8825199323508094, 0.8976937436020955, 0.9080851572778376]",0.005877,outputs/c6_sam1_vit_h_pilot/predictions/035_0_p6_visible_points_box_negatives.png
35:0:p7_shifted_entry_ablation,35,B,Training/Proctocolectomy/2/164684,0,50,p7_shifted_entry_ablation,3,0,False,False,1,0.97993720,0.90968860,1,0.90968860,"[0.9745161533355713, 0.9799371957778931, 0.695181667804718]","[0.8939603781537906, 0.9096886019962943, 0.038719308526929876]",0.005560,outputs/c6_sam1_vit_h_pilot/predictions/035_0_p7_shifted_entry_ablation.png
35:1:p1_visible_points,35,A,Training/Proctocolectomy/2/164684,1,100,p1_visible_points,4,0,False,False,1,0.87400115,0.61228383,0,0.81359392,"[0.8456891775131226, 0.874001145362854, 0.856662392616272]","[0.8135939225594859, 0.6122838343565785, 0.08452642663168979]",0.005543,outputs/c6_sam1_vit_h_pilot/predictions/035_1_p1_visible_points.png
35:1:p2_visible_skeleton,35,A,Training/Proctocolectomy/2/164684,1,100,p2_visible_skeleton,27,0,False,False,2,0.92222619,0.58721502,1,0.81218919,"[0.8670382499694824, 0.9195417165756226, 0.9222261905670166]","[0.44196555650441216, 0.8121891863294889, 0.5872150157232704]",0.005946,outputs/c6_sam1_vit_h_pilot/predictions/035_1_p2_visible_skeleton.png
35:1:p3_visible_box,35,A,Training/Proctocolectomy/2/164684,1,100,p3_visible_box,0,0,True,False,2,0.96694422,0.86696129,2,0.86696129,"[0.9206323027610779, 0.9634742736816406, 0.9669442176818848]","[0.62655764630271, 0.8113881546045582, 0.8669612869011843]",0.005287,outputs/c6_sam1_vit_h_pilot/predictions/035_1_p3_visible_box.png
35:1:p4_visible_points_box,35,A,Training/Proctocolectomy/2/164684,1,100,p4_visible_points_box,4,0,True,False,2,0.95919871,0.65910056,1,0.85325022,"[0.7794114351272583, 0.9389013051986694, 0.9591987133026123]","[0.8530278813709821, 0.8532502226179876, 0.6591005628119359]",0.005964,outputs/c6_sam1_vit_h_pilot/predictions/035_1_p4_visible_points_box.png
35:1:p5_visible_points_negatives,35,A,Training/Proctocolectomy/2/164684,1,100,p5_visible_points_negatives,4,3,False,False,2,0.90965903,0.28445393,1,0.55178840,"[0.631579577922821, 0.8596696853637695, 0.9096590280532837]","[0.4223453475752556, 0.5517884022650706, 0.2844539343242958]",0.005667,outputs/c6_sam1_vit_h_pilot/predictions/035_1_p5_visible_points_negatives.png
35:1:p6_visible_points_box_negatives,35,A,Training/Proctocolectomy/2/164684,1,100,p6_visible_points_box_negatives,4,3,True,False,2,0.94011879,0.60714103,0,0.84208839,"[0.7638322710990906, 0.8596897125244141, 0.9401187896728516]","[0.8420883934613056, 0.8364138220187974, 0.6071410341483334]",0.005853,outputs/c6_sam1_vit_h_pilot/predictions/035_1_p6_visible_points_box_negatives.png
35:1:p7_shifted_entry_ablation,35,A,Training/Proctocolectomy/2/164684,1,100,p7_shifted_entry_ablation,4,0,False,False,1,0.87400115,0.61228383,0,0.81359392,"[0.8456891775131226, 0.874001145362854, 0.856662392616272]","[0.8135939225594859, 0.6122838343565785, 0.08452642663168979]",0.005808,outputs/c6_sam1_vit_h_pilot/predictions/035_1_p7_shifted_entry_ablation.png
82:0:p1_visible_points,82,B,Training/Proctocolectomy/2/196184,0,100,p1_visible_points,3,0,False,False,0,0.97012907,0.89491896,1,0.91071859,"[0.9701290726661682, 0.966907262802124, 0.6010076999664307]","[0.8949189582953925, 0.9107185917530745, 0.03879088802040401]",0.020568,outputs/c6_sam1_vit_h_pilot/predictions/082_0_p1_visible_points.png
82:0:p2_visible_skeleton,82,B,Training/Proctocolectomy/2/196184,0,100,p2_visible_skeleton,19,0,False,False,1,0.95885289,0.90602976,1,0.90602976,"[0.9492282271385193, 0.9588528871536255, 0.9200458526611328]","[0.8509230021860578, 0.9060297572435395, 0.8869016611680268]",0.005993,outputs/c6_sam1_vit_h_pilot/predictions/082_0_p2_visible_skeleton.png
82:0:p3_visible_box,82,B,Training/Proctocolectomy/2/196184,0,100,p3_visible_box,0,0,True,False,2,0.97471499,0.89693964,2,0.89693964,"[0.9439213871955872, 0.9733885526657104, 0.974714994430542]","[0.7842515845928815, 0.8757055289190994, 0.8969396395306641]",0.005219,outputs/c6_sam1_vit_h_pilot/predictions/082_0_p3_visible_box.png
82:0:p4_visible_points_box,82,B,Training/Proctocolectomy/2/196184,0,100,p4_visible_points_box,3,0,True,False,1,0.97789776,0.89596564,2,0.90737502,"[0.9612026214599609, 0.9778977632522583, 0.9537132978439331]","[0.8773114355231143, 0.8959656444686385, 0.9073750226135199]",0.006739,outputs/c6_sam1_vit_h_pilot/predictions/082_0_p4_visible_points_box.png
82:0:p5_visible_points_negatives,82,B,Training/Proctocolectomy/2/196184,0,100,p5_visible_points_negatives,3,3,False,False,1,0.94399512,0.88224008,1,0.88224008,"[0.9053460359573364, 0.9439951181411743, 0.8563828468322754]","[0.03929245612808502, 0.8822400767478115, 0.00737672703086737]",0.005699,outputs/c6_sam1_vit_h_pilot/predictions/082_0_p5_visible_points_negatives.png
82:0:p6_visible_points_box_negatives,82,B,Training/Proctocolectomy/2/196184,0,100,p6_visible_points_box_negatives,3,3,True,False,1,0.96900988,0.88285178,2,0.88775388,"[0.9223982095718384, 0.9690098762512207, 0.962767481803894]","[0.15018384085980957, 0.8828517778181598, 0.8877538757360894]",0.005853,outputs/c6_sam1_vit_h_pilot/predictions/082_0_p6_visible_points_box_negatives.png
82:0:p7_shifted_entry_ablation,82,B,Training/Proctocolectomy/2/196184,0,100,p7_shifted_entry_ablation,3,0,False,False,0,0.97012907,0.89491896,1,0.91071859,"[0.9701290726661682, 0.966907262802124, 0.6010076999664307]","[0.8949189582953925, 0.9107185917530745, 0.03879088802040401]",0.005562,outputs/c6_sam1_vit_h_pilot/predictions/082_0_p7_shifted_entry_ablation.png
82:1:p1_visible_points,82,B,Training/Proctocolectomy/2/196184,1,50,p1_visible_points,3,0,False,False,1,0.93431139,0.87967605,1,0.87967605,"[0.8834280371665955, 0.9343113899230957, 0.8924269676208496]","[0.7596824337379025, 0.8796760509062862, 0.14887106067029754]",0.005540,outputs/c6_sam1_vit_h_pilot/predictions/082_1_p1_visible_points.png
82:1:p2_visible_skeleton,82,B,Training/Proctocolectomy/2/196184,1,50,p2_visible_skeleton,30,0,False,False,2,0.94703972,0.78114301,2,0.78114301,"[0.9146949648857117, 0.9368147850036621, 0.9470397233963013]","[0.44058805964906117, 0.7104745512662897, 0.7811430076376087]",0.005943,outputs/c6_sam1_vit_h_pilot/predictions/082_1_p2_visible_skeleton.png
82:1:p3_visible_box,82,B,Training/Proctocolectomy/2/196184,1,50,p3_visible_box,0,0,True,False,2,0.96537817,0.81231893,2,0.81231893,"[0.6993256211280823, 0.9120798110961914, 0.9653781652450562]","[0.15863788834056303, 0.6939033600899303, 0.8123189296437413]",0.005070,outputs/c6_sam1_vit_h_pilot/predictions/082_1_p3_visible_box.png
82:1:p4_visible_points_box,82,B,Training/Proctocolectomy/2/196184,1,50,p4_visible_points_box,3,0,True,False,2,0.96106672,0.76962385,2,0.76962385,"[0.8295236229896545, 0.9477319717407227, 0.961066722869873]","[0.17337009976113532, 0.7133473832103969, 0.769623854177642]",0.006025,outputs/c6_sam1_vit_h_pilot/predictions/082_1_p4_visible_points_box.png
82:1:p5_visible_points_negatives,82,B,Training/Proctocolectomy/2/196184,1,50,p5_visible_points_negatives,3,3,False,False,1,0.92523909,0.77119373,1,0.77119373,"[0.7213417291641235, 0.925239086151123, 0.8541853427886963]","[0.5922400014051604, 0.7711937336447777, 0.14966367713004483]",0.005626,outputs/c6_sam1_vit_h_pilot/predictions/082_1_p5_visible_points_negatives.png
82:1:p6_visible_points_box_negatives,82,B,Training/Proctocolectomy/2/196184,1,50,p6_visible_points_box_negatives,3,3,True,False,2,0.95684600,0.77166239,2,0.77166239,"[0.8596454858779907, 0.9195009469985962, 0.9568459987640381]","[0.6363269105791017, 0.701759932553483, 0.7716623933124934]",0.005818,outputs/c6_sam1_vit_h_pilot/predictions/082_1_p6_visible_points_box_negatives.png
82:1:p7_shifted_entry_ablation,82,B,Training/Proctocolectomy/2/196184,1,50,p7_shifted_entry_ablation,3,0,False,False,1,0.93431139,0.87967605,1,0.87967605,"[0.8834280371665955, 0.9343113899230957, 0.8924269676208496]","[0.7596824337379025, 0.8796760509062862, 0.14887106067029754]",0.005546,outputs/c6_sam1_vit_h_pilot/predictions/082_1_p7_shifted_entry_ablation.png
148:0:p1_visible_points,148,B,Training/Proctocolectomy/2/60000,0,50,p1_visible_points,2,0,False,False,0,0.97326028,0.91731550,1,0.92280088,"[0.9732602834701538, 0.9240083694458008, 0.9106850624084473]","[0.9173154965696837, 0.922800882126499, 0.16724275635621422]",0.020473,outputs/c6_sam1_vit_h_pilot/predictions/148_0_p1_visible_points.png
148:0:p2_visible_skeleton,148,B,Training/Proctocolectomy/2/60000,0,50,p2_visible_skeleton,35,0,False,False,1,0.94958699,0.90503162,1,0.90503162,"[0.855100691318512, 0.9495869874954224, 0.9447122812271118]","[0.68604589678511, 0.905031620918657, 0.9022454510259388]",0.006131,outputs/c6_sam1_vit_h_pilot/predictions/148_0_p2_visible_skeleton.png
148:0:p3_visible_box,148,B,Training/Proctocolectomy/2/60000,0,50,p3_visible_box,0,0,True,False,2,0.99023890,0.92358304,2,0.92358304,"[0.8267930746078491, 0.9371398687362671, 0.9902389049530029]","[0.8236569373942471, 0.9109762867792847, 0.9235830360681728]",0.005002,outputs/c6_sam1_vit_h_pilot/predictions/148_0_p3_visible_box.png
148:0:p4_visible_points_box,148,B,Training/Proctocolectomy/2/60000,0,50,p4_visible_points_box,2,0,True,False,2,0.98213732,0.92260528,2,0.92260528,"[0.8788240551948547, 0.9423631429672241, 0.9821373224258423]","[0.8350782571912013, 0.9107744775349962, 0.9226052829789765]",0.005968,outputs/c6_sam1_vit_h_pilot/predictions/148_0_p4_visible_points_box.png
148:0:p5_visible_points_negatives,148,B,Training/Proctocolectomy/2/60000,0,50,p5_visible_points_negatives,2,3,False,False,2,0.92640126,0.16807195,1,0.93123847,"[0.8523690104484558, 0.9149065017700195, 0.9264012575149536]","[0.8672119666477265, 0.9312384666727741, 0.16807195053400786]",0.006026,outputs/c6_sam1_vit_h_pilot/predictions/148_0_p5_visible_points_negatives.png
148:0:p6_visible_points_box_negatives,148,B,Training/Proctocolectomy/2/60000,0,50,p6_visible_points_box_negatives,2,3,True,False,1,0.96697223,0.91881632,2,0.92380265,"[0.9166179299354553, 0.9669722318649292, 0.9599967002868652]","[0.8019114847715736, 0.9188163184604231, 0.9238026505707913]",0.005811,outputs/c6_sam1_vit_h_pilot/predictions/148_0_p6_visible_points_box_negatives.png
148:0:p7_shifted_entry_ablation,148,B,Training/Proctocolectomy/2/60000,0,50,p7_shifted_entry_ablation,2,0,False,False,0,0.97326028,0.91731550,1,0.92280088,"[0.9732602834701538, 0.9240083694458008, 0.9106850624084473]","[0.9173154965696837, 0.922800882126499, 0.16724275635621422]",0.005685,outputs/c6_sam1_vit_h_pilot/predictions/148_0_p7_shifted_entry_ablation.png
148:1:p1_visible_points,148,B,Training/Proctocolectomy/2/60000,1,100,p1_visible_points,3,0,False,False,1,0.97154593,0.87582117,1,0.87582117,"[0.9565907716751099, 0.971545934677124, 0.7608979940414429]","[0.7983369883040936, 0.8758211678832116, 0.02355770076137223]",0.006124,outputs/c6_sam1_vit_h_pilot/predictions/148_1_p1_visible_points.png
148:1:p2_visible_skeleton,148,B,Training/Proctocolectomy/2/60000,1,100,p2_visible_skeleton,14,0,False,False,1,0.96205318,0.85992147,1,0.85992147,"[0.9077273011207581, 0.9620531797409058, 0.9404122829437256]","[0.5644984469212497, 0.8599214683590539, 0.8585989461864041]",0.005929,outputs/c6_sam1_vit_h_pilot/predictions/148_1_p2_visible_skeleton.png
148:1:p3_visible_box,148,B,Training/Proctocolectomy/2/60000,1,100,p3_visible_box,0,0,True,False,1,0.97248626,0.86542500,2,0.88725848,"[0.9561883807182312, 0.9724862575531006, 0.9722814559936523]","[0.8201754385964912, 0.8654249977175204, 0.8872584761210354]",0.005212,outputs/c6_sam1_vit_h_pilot/predictions/148_1_p3_visible_box.png
148:1:p4_visible_points_box,148,B,Training/Proctocolectomy/2/60000,1,100,p4_visible_points_box,3,0,True,False,1,0.97302294,0.87477181,2,0.89023612,"[0.9632527828216553, 0.9730229377746582, 0.9591997861862183]","[0.8277310924369747, 0.8747718145308506, 0.8902361199744735]",0.005842,outputs/c6_sam1_vit_h_pilot/predictions/148_1_p4_visible_points_box.png
148:1:p5_visible_points_negatives,148,B,Training/Proctocolectomy/2/60000,1,100,p5_visible_points_negatives,3,2,False,False,1,0.95501065,0.86991053,1,0.86991053,"[0.9393866062164307, 0.9550106525421143, 0.8621565103530884]","[0.766264619883041, 0.8699105349643965, 0.031960062158160704]",0.005630,outputs/c6_sam1_vit_h_pilot/predictions/148_1_p5_visible_points_negatives.png
148:1:p6_visible_points_box_negatives,148,B,Training/Proctocolectomy/2/60000,1,100,p6_visible_points_box_negatives,3,2,True,False,1,0.96560717,0.87494295,2,0.88855449,"[0.9561046957969666, 0.9656071662902832, 0.9475439786911011]","[0.820573725561849, 0.8749429484253766, 0.8885544915640675]",0.005834,outputs/c6_sam1_vit_h_pilot/predictions/148_1_p6_visible_points_box_negatives.png
148:1:p7_shifted_entry_ablation,148,B,Training/Proctocolectomy/2/60000,1,100,p7_shifted_entry_ablation,3,0,False,False,1,0.97154593,0.87582117,1,0.87582117,"[0.9565907716751099, 0.971545934677124, 0.7608979940414429]","[0.7983369883040936, 0.8758211678832116, 0.02355770076137223]",0.005578,outputs/c6_sam1_vit_h_pilot/predictions/148_1_p7_shifted_entry_ablation.png
24:0:p1_visible_points,24,A,Training/Proctocolectomy/3/110165,0,50,p1_visible_points,4,0,False,False,0,0.95767885,0.81470527,1,0.86921488,"[0.9576788544654846, 0.9575917720794678, 0.7746860980987549]","[0.8147052718970528, 0.8692148760330578, 0.06225137808781233]",0.020826,outputs/c6_sam1_vit_h_pilot/predictions/024_0_p1_visible_points.png
24:0:p2_visible_skeleton,24,A,Training/Proctocolectomy/3/110165,0,50,p2_visible_skeleton,22,0,False,False,2,0.92159081,0.41991701,1,0.83756740,"[0.8636825680732727, 0.9143885374069214, 0.9215908050537109]","[0.7239142842318269, 0.8375673994193281, 0.4199170124481328]",0.006220,outputs/c6_sam1_vit_h_pilot/predictions/024_0_p2_visible_skeleton.png
24:0:p3_visible_box,24,A,Training/Proctocolectomy/3/110165,0,50,p3_visible_box,0,0,True,False,1,0.96735394,0.82668950,2,0.84709908,"[0.960077702999115, 0.9673539400100708, 0.9596433639526367]","[0.7823511069535392, 0.8266895048271566, 0.8470990822834034]",0.005497,outputs/c6_sam1_vit_h_pilot/predictions/024_0_p3_visible_box.png
24:0:p4_visible_points_box,24,A,Training/Proctocolectomy/3/110165,0,50,p4_visible_points_box,4,0,True,False,1,0.96438491,0.84697158,2,0.85288023,"[0.9606871008872986, 0.964384913444519, 0.9017043113708496]","[0.8067863442980181, 0.8469715826591994, 0.8528802320762536]",0.006490,outputs/c6_sam1_vit_h_pilot/predictions/024_0_p4_visible_points_box.png
24:0:p5_visible_points_negatives,24,A,Training/Proctocolectomy/3/110165,0,50,p5_visible_points_negatives,4,0,False,False,0,0.95767885,0.81470527,1,0.86921488,"[0.9576788544654846, 0.9575917720794678, 0.7746860980987549]","[0.8147052718970528, 0.8692148760330578, 0.06225137808781233]",0.005983,outputs/c6_sam1_vit_h_pilot/predictions/024_0_p5_visible_points_negatives.png
24:0:p6_visible_points_box_negatives,24,A,Training/Proctocolectomy/3/110165,0,50,p6_visible_points_box_negatives,4,0,True,False,1,0.96438491,0.84697158,2,0.85288023,"[0.9606871008872986, 0.964384913444519, 0.9017043113708496]","[0.8067863442980181, 0.8469715826591994, 0.8528802320762536]",0.006246,outputs/c6_sam1_vit_h_pilot/predictions/024_0_p6_visible_points_box_negatives.png
24:0:p7_shifted_entry_ablation,24,A,Training/Proctocolectomy/3/110165,0,50,p7_shifted_entry_ablation,4,0,False,False,0,0.95767885,0.81470527,1,0.86921488,"[0.9576788544654846, 0.9575917720794678, 0.7746860980987549]","[0.8147052718970528, 0.8692148760330578, 0.06225137808781233]",0.005873,outputs/c6_sam1_vit_h_pilot/predictions/024_0_p7_shifted_entry_ablation.png
117:0:p1_visible_points,117,C,Training/Proctocolectomy/3/120665,0,100,p1_visible_points,2,0,False,False,2,1.00879622,0.07129615,1,0.09931759,"[0.3182992935180664, 0.9658170938491821, 1.008796215057373]","[0.08711950817213975, 0.09931758850739661, 0.07129614649695454]",0.021310,outputs/c6_sam1_vit_h_pilot/predictions/117_0_p1_visible_points.png
117:0:p2_visible_skeleton,117,C,Training/Proctocolectomy/3/120665,0,100,p2_visible_skeleton,2,0,False,False,2,1.00879622,0.07129615,1,0.09931759,"[0.3182992935180664, 0.9658170938491821, 1.008796215057373]","[0.08711950817213975, 0.09931758850739661, 0.07129614649695454]",0.005551,outputs/c6_sam1_vit_h_pilot/predictions/117_0_p2_visible_skeleton.png
117:0:p3_visible_box,117,C,Training/Proctocolectomy/3/120665,0,100,p3_visible_box,0,0,True,False,1,0.77290964,0.01115452,2,0.02362560,"[0.5863343477249146, 0.7729096412658691, 0.77086341381073]","[0.005139237480578463, 0.011154519735955814, 0.02362560059462186]",0.005018,outputs/c6_sam1_vit_h_pilot/predictions/117_0_p3_visible_box.png
117:0:p4_visible_points_box,117,C,Training/Proctocolectomy/3/120665,0,100,p4_visible_points_box,2,0,True,False,2,0.80963290,0.04913469,2,0.04913469,"[0.6348682045936584, 0.7880566120147705, 0.8096328973770142]","[0.024095311664388854, 0.04023774458236903, 0.0491346877351392]",0.005822,outputs/c6_sam1_vit_h_pilot/predictions/117_0_p4_visible_points_box.png
117:0:p5_visible_points_negatives,117,C,Training/Proctocolectomy/3/120665,0,100,p5_visible_points_negatives,2,3,False,False,2,0.95273972,0.07157602,0,0.42406252,"[0.49185848236083984, 0.8512682914733887, 0.9527397155761719]","[0.4240625158573096, 0.12484237560687801, 0.07157602388573109]",0.005598,outputs/c6_sam1_vit_h_pilot/predictions/117_0_p5_visible_points_negatives.png
117:0:p6_visible_points_box_negatives,117,C,Training/Proctocolectomy/3/120665,0,100,p6_visible_points_box_negatives,2,3,True,False,2,0.79936552,0.06553607,2,0.06553607,"[0.6416863799095154, 0.7885828018188477, 0.7993655204772949]","[0.020227131476354597, 0.04198513800424628, 0.06553606631956731]",0.006729,outputs/c6_sam1_vit_h_pilot/predictions/117_0_p6_visible_points_box_negatives.png
117:0:p7_shifted_entry_ablation,117,C,Training/Proctocolectomy/3/120665,0,100,p7_shifted_entry_ablation,3,0,False,True,2,0.99705112,0.07133294,1,0.08072736,"[0.9507801532745361, 0.9027795791625977, 0.9970511198043823]","[0.00012840633471251247, 0.08072736400909776, 0.07133293873797922]",0.005651,outputs/c6_sam1_vit_h_pilot/predictions/117_0_p7_shifted_entry_ablation.png
117:1:p1_visible_points,117,B,Training/Proctocolectomy/3/120665,1,50,p1_visible_points,3,0,False,False,2,1.00197959,0.04193099,0,0.71893659,"[0.562009871006012, 0.9814119338989258, 1.0019795894622803]","[0.718936593687802, 0.05027876880502462, 0.04193098739794612]",0.005563,outputs/c6_sam1_vit_h_pilot/predictions/117_1_p1_visible_points.png
117:1:p2_visible_skeleton,117,B,Training/Proctocolectomy/3/120665,1,50,p2_visible_skeleton,21,0,False,False,1,0.93894494,0.80088607,1,0.80088607,"[0.8350287079811096, 0.938944935798645, 0.9156297445297241]","[0.736321622024549, 0.8008860695765997, 0.24750975018446295]",0.005891,outputs/c6_sam1_vit_h_pilot/predictions/117_1_p2_visible_skeleton.png
117:1:p3_visible_box,117,B,Training/Proctocolectomy/3/120665,1,50,p3_visible_box,0,0,True,False,2,0.92329764,0.82985834,2,0.82985834,"[0.5954524874687195, 0.8699005842208862, 0.923297643661499]","[0.010280042538107055, 0.7452095501588277, 0.8298583399840384]",0.004985,outputs/c6_sam1_vit_h_pilot/predictions/117_1_p3_visible_box.png
117:1:p4_visible_points_box,117,B,Training/Proctocolectomy/3/120665,1,50,p4_visible_points_box,3,0,True,False,2,0.95127666,0.70076540,1,0.81550298,"[0.8479050993919373, 0.9396132230758667, 0.9512766599655151]","[0.6404656532614971, 0.8155029757584555, 0.7007654037504784]",0.005784,outputs/c6_sam1_vit_h_pilot/predictions/117_1_p4_visible_points_box.png
117:1:p5_visible_points_negatives,117,B,Training/Proctocolectomy/3/120665,1,50,p5_visible_points_negatives,3,2,False,False,2,0.89570189,0.04955937,1,0.62736500,"[0.48975247144699097, 0.8306599855422974, 0.8957018852233887]","[0.13512942865588445, 0.6273650020300446, 0.049559371661661585]",0.005547,outputs/c6_sam1_vit_h_pilot/predictions/117_1_p5_visible_points_negatives.png
117:1:p6_visible_points_box_negatives,117,B,Training/Proctocolectomy/3/120665,1,50,p6_visible_points_box_negatives,3,2,True,False,2,0.93027020,0.85314185,2,0.85314185,"[0.8299586772918701, 0.9118181467056274, 0.9302701950073242]","[0.49813297124290773, 0.7896515205002774, 0.8531418483706283]",0.005842,outputs/c6_sam1_vit_h_pilot/predictions/117_1_p6_visible_points_box_negatives.png
117:1:p7_shifted_entry_ablation,117,B,Training/Proctocolectomy/3/120665,1,50,p7_shifted_entry_ablation,3,0,False,False,2,1.00197959,0.04193099,0,0.71893659,"[0.562009871006012, 0.9814119338989258, 1.0019795894622803]","[0.718936593687802, 0.05027876880502462, 0.04193098739794612]",0.005562,outputs/c6_sam1_vit_h_pilot/predictions/117_1_p7_shifted_entry_ablation.png
125:0:p1_visible_points,125,B,Training/Proctocolectomy/3/140165,0,50,p1_visible_points,2,0,False,False,2,0.99836230,0.04305842,0,0.84501122,"[0.7618168592453003, 0.9083540439605713, 0.9983623027801514]","[0.8450112241486364, 0.14617967224753003, 0.04305842381526639]",0.020600,outputs/c6_sam1_vit_h_pilot/predictions/125_0_p1_visible_points.png
125:0:p2_visible_skeleton,125,B,Training/Proctocolectomy/3/140165,0,50,p2_visible_skeleton,16,0,False,False,2,0.92891073,0.09278508,1,0.83393616,"[0.857585608959198, 0.8596915006637573, 0.9289107322692871]","[0.7844894026974952, 0.833936160593182, 0.09278507592025635]",0.005937,outputs/c6_sam1_vit_h_pilot/predictions/125_0_p2_visible_skeleton.png
125:0:p3_visible_box,125,B,Training/Proctocolectomy/3/140165,0,50,p3_visible_box,0,0,True,False,2,0.91561794,0.73539560,1,0.76138892,"[0.8271249532699585, 0.9083949327468872, 0.9156179428100586]","[0.4902169701666021, 0.7613889157558759, 0.7353956026320013]",0.005253,outputs/c6_sam1_vit_h_pilot/predictions/125_0_p3_visible_box.png
125:0:p4_visible_points_box,125,B,Training/Proctocolectomy/3/140165,0,50,p4_visible_points_box,2,0,True,False,1,0.92763793,0.81278097,1,0.81278097,"[0.8880470991134644, 0.9276379346847534, 0.9274262189865112]","[0.751199186007074, 0.8127809735582733, 0.5980347279440935]",0.006075,outputs/c6_sam1_vit_h_pilot/predictions/125_0_p4_visible_points_box.png
125:0:p5_visible_points_negatives,125,B,Training/Proctocolectomy/3/140165,0,50,p5_visible_points_negatives,2,3,False,False,2,0.93862605,0.04568241,0,0.54577743,"[0.8314412236213684, 0.9352695941925049, 0.9386260509490967]","[0.5457774269928966, 0.15636155685717257, 0.045682412083855775]",0.005590,outputs/c6_sam1_vit_h_pilot/predictions/125_0_p5_visible_points_negatives.png
125:0:p6_visible_points_box_negatives,125,B,Training/Proctocolectomy/3/140165,0,50,p6_visible_points_box_negatives,2,3,True,False,1,0.94885778,0.80111667,1,0.80111667,"[0.9124494194984436, 0.9488577842712402, 0.943610429763794]","[0.5514767539364577, 0.8011166730843281, 0.4435117752766481]",0.005846,outputs/c6_sam1_vit_h_pilot/predictions/125_0_p6_visible_points_box_negatives.png
125:0:p7_shifted_entry_ablation,125,B,Training/Proctocolectomy/3/140165,0,50,p7_shifted_entry_ablation,2,0,False,False,2,0.99836230,0.04305842,0,0.84501122,"[0.7618168592453003, 0.9083540439605713, 0.9983623027801514]","[0.8450112241486364, 0.14617967224753003, 0.04305842381526639]",0.005912,outputs/c6_sam1_vit_h_pilot/predictions/125_0_p7_shifted_entry_ablation.png
125:1:p1_visible_points,125,B,Training/Proctocolectomy/3/140165,1,100,p1_visible_points,3,0,False,False,2,0.99049342,0.06743828,0,0.16042198,"[0.7090195417404175, 0.9801121950149536, 0.9904934167861938]","[0.16042197544069378, 0.09679085603419223, 0.06743828105186753]",0.005946,outputs/c6_sam1_vit_h_pilot/predictions/125_1_p1_visible_points.png
125:1:p2_visible_skeleton,125,B,Training/Proctocolectomy/3/140165,1,100,p2_visible_skeleton,23,0,False,False,2,0.95277584,0.19280995,0,0.39329238,"[0.7807751297950745, 0.9243086576461792, 0.9527758359909058]","[0.3932923792130168, 0.3505145156654211, 0.192809946802858]",0.005931,outputs/c6_sam1_vit_h_pilot/predictions/125_1_p2_visible_skeleton.png
125:1:p3_visible_box,125,B,Training/Proctocolectomy/3/140165,1,100,p3_visible_box,0,0,True,False,2,0.93324447,0.29499522,2,0.29499522,"[0.7142773866653442, 0.873885989189148, 0.9332444667816162]","[0.22905075172075562, 0.29356963644905587, 0.2949952202083796]",0.005089,outputs/c6_sam1_vit_h_pilot/predictions/125_1_p3_visible_box.png
125:1:p4_visible_points_box,125,B,Training/Proctocolectomy/3/140165,1,100,p4_visible_points_box,3,0,True,False,2,0.96996891,0.29820176,0,0.40698672,"[0.8066696524620056, 0.9372431039810181, 0.9699689149856567]","[0.4069867187268909, 0.32446622331116554, 0.2982017594853312]",0.005866,outputs/c6_sam1_vit_h_pilot/predictions/125_1_p4_visible_points_box.png
125:1:p5_visible_points_negatives,125,B,Training/Proctocolectomy/3/140165,1,100,p5_visible_points_negatives,3,2,False,False,2,0.97983778,0.06757127,0,0.30779410,"[0.6059978008270264, 0.9624682664871216, 0.9798377752304077]","[0.3077941009232169, 0.10269663674125687, 0.06757127102832425]",0.005612,outputs/c6_sam1_vit_h_pilot/predictions/125_1_p5_visible_points_negatives.png
125:1:p6_visible_points_box_negatives,125,B,Training/Proctocolectomy/3/140165,1,100,p6_visible_points_box_negatives,3,2,True,False,2,0.97554660,0.28974955,0,0.34987209,"[0.816105306148529, 0.9654456377029419, 0.9755465984344482]","[0.34987208832637673, 0.32484636575545667, 0.2897495549632197]",0.005816,outputs/c6_sam1_vit_h_pilot/predictions/125_1_p6_visible_points_box_negatives.png
125:1:p7_shifted_entry_ablation,125,B,Training/Proctocolectomy/3/140165,1,100,p7_shifted_entry_ablation,3,0,False,False,2,0.99049342,0.06743828,0,0.16042198,"[0.7090195417404175, 0.9801121950149536, 0.9904934167861938]","[0.16042197544069378, 0.09679085603419223, 0.06743828105186753]",0.005595,outputs/c6_sam1_vit_h_pilot/predictions/125_1_p7_shifted_entry_ablation.png
14:0:p1_visible_points,14,B,Training/Proctocolectomy/3/146165,0,100,p1_visible_points,3,0,False,False,2,0.94839919,0.03930291,0,0.50785390,"[0.5454221367835999, 0.8954746723175049, 0.9483991861343384]","[0.5078538985616957, 0.1181062807179515, 0.0393029080558252]",0.020453,outputs/c6_sam1_vit_h_pilot/predictions/014_0_p1_visible_points.png
14:0:p2_visible_skeleton,14,B,Training/Proctocolectomy/3/146165,0,100,p2_visible_skeleton,24,0,False,False,2,0.89510274,0.22649270,0,0.55826558,"[0.7528828978538513, 0.8078817129135132, 0.8951027393341064]","[0.5582655826558266, 0.24989645394590118, 0.22649270350284262]",0.006121,outputs/c6_sam1_vit_h_pilot/predictions/014_0_p2_visible_skeleton.png
14:0:p3_visible_box,14,B,Training/Proctocolectomy/3/146165,0,100,p3_visible_box,0,0,True,False,2,0.84811342,0.25323558,0,0.55486344,"[0.7484964728355408, 0.8411015272140503, 0.8481134176254272]","[0.5548634403449928, 0.27509891734423236, 0.2532355790782757]",0.005325,outputs/c6_sam1_vit_h_pilot/predictions/014_0_p3_visible_box.png
14:0:p4_visible_points_box,14,B,Training/Proctocolectomy/3/146165,0,100,p4_visible_points_box,3,0,True,False,2,0.91731787,0.24939614,0,0.77155538,"[0.7935413718223572, 0.8599873781204224, 0.9173178672790527]","[0.7715553782476438, 0.3079929374888408, 0.2493961437954658]",0.006231,outputs/c6_sam1_vit_h_pilot/predictions/014_0_p4_visible_points_box.png
14:0:p5_visible_points_negatives,14,B,Training/Proctocolectomy/3/146165,0,100,p5_visible_points_negatives,3,2,False,False,2,0.90530431,0.09795284,0,0.77308573,"[0.5750760436058044, 0.7212587594985962, 0.9053043127059937]","[0.7730857288221826, 0.1649772146270979, 0.09795284327323163]",0.005803,outputs/c6_sam1_vit_h_pilot/predictions/014_0_p5_visible_points_negatives.png
14:0:p6_visible_points_box_negatives,14,B,Training/Proctocolectomy/3/146165,0,100,p6_visible_points_box_negatives,3,2,True,False,2,0.86396348,0.27463425,0,0.77636318,"[0.7736847400665283, 0.7836265563964844, 0.8639634847640991]","[0.7763631752472736, 0.36531789141202653, 0.2746342547047063]",0.006002,outputs/c6_sam1_vit_h_pilot/predictions/014_0_p6_visible_points_box_negatives.png
14:0:p7_shifted_entry_ablation,14,B,Training/Proctocolectomy/3/146165,0,100,p7_shifted_entry_ablation,3,0,False,False,2,0.94839919,0.03930291,0,0.50785390,"[0.5454221367835999, 0.8954746723175049, 0.9483991861343384]","[0.5078538985616957, 0.1181062807179515, 0.0393029080558252]",0.005896,outputs/c6_sam1_vit_h_pilot/predictions/014_0_p7_shifted_entry_ablation.png
14:1:p1_visible_points,14,C,Training/Proctocolectomy/3/146165,1,50,p1_visible_points,2,0,False,False,2,0.92416108,0.02785534,0,0.42578375,"[0.7799614071846008, 0.7420357465744019, 0.9241610765457153]","[0.4257837492002559, 0.3575871452637035, 0.02785533634606365]",0.005784,outputs/c6_sam1_vit_h_pilot/predictions/014_1_p1_visible_points.png
14:1:p2_visible_skeleton,14,C,Training/Proctocolectomy/3/146165,1,50,p2_visible_skeleton,2,0,False,False,2,0.92416108,0.02785534,0,0.42578375,"[0.7799614071846008, 0.7420357465744019, 0.9241610765457153]","[0.4257837492002559, 0.3575871452637035, 0.02785533634606365]",0.007856,outputs/c6_sam1_vit_h_pilot/predictions/014_1_p2_visible_skeleton.png
14:1:p3_visible_box,14,C,Training/Proctocolectomy/3/146165,1,50,p3_visible_box,0,0,True,False,1,0.95037103,0.00499602,2,0.03144763,"[0.9213703274726868, 0.9503710269927979, 0.947586178779602]","[0.004793090356871678, 0.004996020868334955, 0.031447630598631204]",0.004991,outputs/c6_sam1_vit_h_pilot/predictions/014_1_p3_visible_box.png
14:1:p4_visible_points_box,14,C,Training/Proctocolectomy/3/146165,1,50,p4_visible_points_box,2,0,True,False,2,0.92232871,0.17124088,0,0.51399022,"[0.8460410833358765, 0.8404629230499268, 0.9223287105560303]","[0.5139902245519586, 0.13317448836318768, 0.17124088179583283]",0.005804,outputs/c6_sam1_vit_h_pilot/predictions/014_1_p4_visible_points_box.png
14:1:p5_visible_points_negatives,14,C,Training/Proctocolectomy/3/146165,1,50,p5_visible_points_negatives,2,3,False,False,1,0.81004775,0.41333748,1,0.41333748,"[0.7455837726593018, 0.8100477457046509, 0.6200133562088013]","[0.40153816008621535, 0.41333747862583553, 0.04059544823536661]",0.008337,outputs/c6_sam1_vit_h_pilot/predictions/014_1_p5_visible_points_negatives.png
14:1:p6_visible_points_box_negatives,14,C,Training/Proctocolectomy/3/146165,1,50,p6_visible_points_box_negatives,2,3,True,False,0,0.86059541,0.58551628,0,0.58551628,"[0.8605954051017761, 0.7797595262527466, 0.8389766216278076]","[0.5855162809204855, 0.4227334738930919, 0.13615914522704906]",0.005906,outputs/c6_sam1_vit_h_pilot/predictions/014_1_p6_visible_points_box_negatives.png
14:1:p7_shifted_entry_ablation,14,C,Training/Proctocolectomy/3/146165,1,50,p7_shifted_entry_ablation,2,0,False,False,2,0.92416108,0.02785534,0,0.42578375,"[0.7799614071846008, 0.7420357465744019, 0.9241610765457153]","[0.4257837492002559, 0.3575871452637035, 0.02785533634606365]",0.005555,outputs/c6_sam1_vit_h_pilot/predictions/014_1_p7_shifted_entry_ablation.png
155:0:p1_visible_points,155,C,Training/Proctocolectomy/3/25500,0,50,p1_visible_points,2,0,False,False,1,0.90311801,0.89362251,1,0.89362251,"[0.902545154094696, 0.9031180143356323, 0.820156455039978]","[0.1011427820832786, 0.8936225148463723, 0.016843408503472854]",0.020813,outputs/c6_sam1_vit_h_pilot/predictions/155_0_p1_visible_points.png
155:0:p2_visible_skeleton,155,C,Training/Proctocolectomy/3/25500,0,50,p2_visible_skeleton,2,0,False,False,1,0.90311801,0.89362251,1,0.89362251,"[0.902545154094696, 0.9031180143356323, 0.820156455039978]","[0.1011427820832786, 0.8936225148463723, 0.016843408503472854]",0.005630,outputs/c6_sam1_vit_h_pilot/predictions/155_0_p2_visible_skeleton.png
155:0:p3_visible_box,155,C,Training/Proctocolectomy/3/25500,0,50,p3_visible_box,0,0,True,False,0,0.65120250,0.05495833,0,0.05495833,"[0.6512024998664856, 0.6156958341598511, 0.5443024635314941]","[0.05495832830051939, 0.05446960667461263, 0.00891929338413578]",0.004982,outputs/c6_sam1_vit_h_pilot/predictions/155_0_p3_visible_box.png
155:0:p4_visible_points_box,155,C,Training/Proctocolectomy/3/25500,0,50,p4_visible_points_box,2,0,True,False,0,0.79719931,0.05944901,1,0.28082027,"[0.7971993088722229, 0.7929102182388306, 0.7517269849777222]","[0.05944900918318028, 0.2808202653799759, 0.19838882921589687]",0.005823,outputs/c6_sam1_vit_h_pilot/predictions/155_0_p4_visible_points_box.png
155:0:p5_visible_points_negatives,155,C,Training/Proctocolectomy/3/25500,0,50,p5_visible_points_negatives,2,0,False,False,1,0.90311801,0.89362251,1,0.89362251,"[0.902545154094696, 0.9031180143356323, 0.820156455039978]","[0.1011427820832786, 0.8936225148463723, 0.016843408503472854]",0.005542,outputs/c6_sam1_vit_h_pilot/predictions/155_0_p5_visible_points_negatives.png
155:0:p6_visible_points_box_negatives,155,C,Training/Proctocolectomy/3/25500,0,50,p6_visible_points_box_negatives,2,0,True,False,0,0.79719931,0.05944901,1,0.28082027,"[0.7971993088722229, 0.7929102182388306, 0.7517269849777222]","[0.05944900918318028, 0.2808202653799759, 0.19838882921589687]",0.005795,outputs/c6_sam1_vit_h_pilot/predictions/155_0_p6_visible_points_box_negatives.png
155:0:p7_shifted_entry_ablation,155,C,Training/Proctocolectomy/3/25500,0,50,p7_shifted_entry_ablation,3,0,False,True,2,0.94028986,0.01622944,0,0.89524413,"[0.8866745829582214, 0.852379322052002, 0.9402898550033569]","[0.8952441344324668, 0.11410551381268805, 0.016229443704811712]",0.005609,outputs/c6_sam1_vit_h_pilot/predictions/155_0_p7_shifted_entry_ablation.png
70:0:p1_visible_points,70,B,Training/Proctocolectomy/3/66665,0,50,p1_visible_points,3,0,False,False,0,0.96235639,0.88694413,0,0.88694413,"[0.9623563885688782, 0.8649786710739136, 0.8108943700790405]","[0.8869441263758091, 0.7835939543963453, 0.09017618259933169]",0.020528,outputs/c6_sam1_vit_h_pilot/predictions/070_0_p1_visible_points.png
70:0:p2_visible_skeleton,70,B,Training/Proctocolectomy/3/66665,0,50,p2_visible_skeleton,28,0,False,False,1,0.95879877,0.87870141,2,0.89143043,"[0.92713463306427, 0.9587987661361694, 0.913365364074707]","[0.8428728867212231, 0.8787014080553867, 0.8914304348838834]",0.006036,outputs/c6_sam1_vit_h_pilot/predictions/070_0_p2_visible_skeleton.png
70:0:p3_visible_box,70,B,Training/Proctocolectomy/3/66665,0,50,p3_visible_box,0,0,True,False,1,0.99160552,0.88410743,2,0.89788413,"[0.980870246887207, 0.9916055202484131, 0.9841026067733765]","[0.8691846859496396, 0.8841074308688437, 0.8978841274644445]",0.005055,outputs/c6_sam1_vit_h_pilot/predictions/070_0_p3_visible_box.png
70:0:p4_visible_points_box,70,B,Training/Proctocolectomy/3/66665,0,50,p4_visible_points_box,3,0,True,False,1,0.98085594,0.88907323,2,0.89726506,"[0.962668776512146, 0.9808559417724609, 0.8988077640533447]","[0.8782696177062375, 0.8890732345655933, 0.8972650608023109]",0.006019,outputs/c6_sam1_vit_h_pilot/predictions/070_0_p4_visible_points_box.png
70:0:p5_visible_points_negatives,70,B,Training/Proctocolectomy/3/66665,0,50,p5_visible_points_negatives,3,0,False,False,0,0.96235639,0.88694413,0,0.88694413,"[0.9623563885688782, 0.8649786710739136, 0.8108943700790405]","[0.8869441263758091, 0.7835939543963453, 0.09017618259933169]",0.006035,outputs/c6_sam1_vit_h_pilot/predictions/070_0_p5_visible_points_negatives.png
70:0:p6_visible_points_box_negatives,70,B,Training/Proctocolectomy/3/66665,0,50,p6_visible_points_box_negatives,3,0,True,False,1,0.98085594,0.88907323,2,0.89726506,"[0.962668776512146, 0.9808559417724609, 0.8988077640533447]","[0.8782696177062375, 0.8890732345655933, 0.8972650608023109]",0.005927,outputs/c6_sam1_vit_h_pilot/predictions/070_0_p6_visible_points_box_negatives.png
70:0:p7_shifted_entry_ablation,70,B,Training/Proctocolectomy/3/66665,0,50,p7_shifted_entry_ablation,3,0,False,False,0,0.96235639,0.88694413,0,0.88694413,"[0.9623563885688782, 0.8649786710739136, 0.8108943700790405]","[0.8869441263758091, 0.7835939543963453, 0.09017618259933169]",0.005573,outputs/c6_sam1_vit_h_pilot/predictions/070_0_p7_shifted_entry_ablation.png
37:0:p1_visible_points,37,C,Training/Proctocolectomy/4/124623,0,50,p1_visible_points,2,0,False,False,2,0.97963357,0.08145603,0,0.65003972,"[0.9733379483222961, 0.943632960319519, 0.9796335697174072]","[0.6500397207007568, 0.642966621253406, 0.08145603215776545]",0.020514,outputs/c6_sam1_vit_h_pilot/predictions/037_0_p1_visible_points.png
37:0:p2_visible_skeleton,37,C,Training/Proctocolectomy/4/124623,0,50,p2_visible_skeleton,2,0,False,False,2,0.97963357,0.08145603,0,0.65003972,"[0.9733379483222961, 0.943632960319519, 0.9796335697174072]","[0.6500397207007568, 0.642966621253406, 0.08145603215776545]",0.005646,outputs/c6_sam1_vit_h_pilot/predictions/037_0_p2_visible_skeleton.png
37:0:p3_visible_box,37,C,Training/Proctocolectomy/4/124623,0,50,p3_visible_box,0,0,True,False,1,0.92793536,0.33540996,1,0.33540996,"[0.85280442237854, 0.9279353618621826, 0.8479589223861694]","[0.2290421039428022, 0.33540995944307395, 0.02437630927442392]",0.005267,outputs/c6_sam1_vit_h_pilot/predictions/037_0_p3_visible_box.png
37:0:p4_visible_points_box,37,C,Training/Proctocolectomy/4/124623,0,50,p4_visible_points_box,2,0,True,False,0,0.88052696,0.34184889,1,0.36262909,"[0.8805269598960876, 0.8181899785995483, 0.7979286909103394]","[0.3418488940920684, 0.36262909227745954, 0.04207365478203845]",0.005858,outputs/c6_sam1_vit_h_pilot/predictions/037_0_p4_visible_points_box.png
37:0:p5_visible_points_negatives,37,C,Training/Proctocolectomy/4/124623,0,50,p5_visible_points_negatives,2,0,False,False,2,0.97963357,0.08145603,0,0.65003972,"[0.9733379483222961, 0.943632960319519, 0.9796335697174072]","[0.6500397207007568, 0.642966621253406, 0.08145603215776545]",0.005574,outputs/c6_sam1_vit_h_pilot/predictions/037_0_p5_visible_points_negatives.png
37:0:p6_visible_points_box_negatives,37,C,Training/Proctocolectomy/4/124623,0,50,p6_visible_points_box_negatives,2,0,True,False,0,0.88052696,0.34184889,1,0.36262909,"[0.8805269598960876, 0.8181899785995483, 0.7979286909103394]","[0.3418488940920684, 0.36262909227745954, 0.04207365478203845]",0.005806,outputs/c6_sam1_vit_h_pilot/predictions/037_0_p6_visible_points_box_negatives.png
37:0:p7_shifted_entry_ablation,37,C,Training/Proctocolectomy/4/124623,0,50,p7_shifted_entry_ablation,3,0,False,True,2,1.00768304,0.08135975,0,0.68715586,"[0.9391002058982849, 0.9720351696014404, 1.0076830387115479]","[0.687155864253068, 0.6453622322723782, 0.08135974569273959]",0.005870,outputs/c6_sam1_vit_h_pilot/predictions/037_0_p7_shifted_entry_ablation.png
0:0:p1_visible_points,0,D,Training/Proctocolectomy/4/51123,0,100,p1_visible_points,3,0,False,False,2,1.01375353,0.05919267,0,0.57196715,"[0.6699066162109375, 0.9951722621917725, 1.0137535333633423]","[0.5719671468964589, 0.05919787296490047, 0.05919266714097242]",0.021123,outputs/c6_sam1_vit_h_pilot/predictions/000_0_p1_visible_points.png
0:0:p2_visible_skeleton,0,D,Training/Proctocolectomy/4/51123,0,100,p2_visible_skeleton,18,0,False,False,2,0.92444646,0.06266236,1,0.59015749,"[0.9104180932044983, 0.8761006593704224, 0.9244464635848999]","[0.5273617511520737, 0.5901574943752009, 0.06266236494707496]",0.005945,outputs/c6_sam1_vit_h_pilot/predictions/000_0_p2_visible_skeleton.png
0:0:p3_visible_box,0,D,Training/Proctocolectomy/4/51123,0,100,p3_visible_box,0,0,True,False,2,0.91797507,0.64908346,2,0.64908346,"[0.8841455578804016, 0.869861364364624, 0.9179750680923462]","[0.24984209015216768, 0.5159016393442623, 0.6490834591330602]",0.005019,outputs/c6_sam1_vit_h_pilot/predictions/000_0_p3_visible_box.png
0:0:p4_visible_points_box,0,D,Training/Proctocolectomy/4/51123,0,100,p4_visible_points_box,3,0,True,False,2,0.95896065,0.63920208,0,0.78296348,"[0.8297487497329712, 0.907070517539978, 0.9589606523513794]","[0.7829634789531297, 0.7483655770513675, 0.6392020815264527]",0.005838,outputs/c6_sam1_vit_h_pilot/predictions/000_0_p4_visible_points_box.png
0:0:p5_visible_points_negatives,0,D,Training/Proctocolectomy/4/51123,0,100,p5_visible_points_negatives,3,1,False,False,2,0.99304616,0.05923140,0,0.52668779,"[0.5248265266418457, 0.9717880487442017, 0.9930461645126343]","[0.5266877894223738, 0.05997723983871194, 0.05923140204489364]",0.005703,outputs/c6_sam1_vit_h_pilot/predictions/000_0_p5_visible_points_negatives.png
0:0:p6_visible_points_box_negatives,0,D,Training/Proctocolectomy/4/51123,0,100,p6_visible_points_box_negatives,3,1,True,False,2,0.93393600,0.73813947,2,0.73813947,"[0.7342634201049805, 0.8597948551177979, 0.9339359998703003]","[0.3522199613919758, 0.7074154358017846, 0.7381394716570755]",0.005848,outputs/c6_sam1_vit_h_pilot/predictions/000_0_p6_visible_points_box_negatives.png
0:0:p7_shifted_entry_ablation,0,D,Training/Proctocolectomy/4/51123,0,100,p7_shifted_entry_ablation,3,0,False,False,2,1.01375353,0.05919267,0,0.57196715,"[0.6699066162109375, 0.9951722621917725, 1.0137535333633423]","[0.5719671468964589, 0.05919787296490047, 0.05919266714097242]",0.005598,outputs/c6_sam1_vit_h_pilot/predictions/000_0_p7_shifted_entry_ablation.png
0:1:p1_visible_points,0,D,Training/Proctocolectomy/4/51123,1,50,p1_visible_points,1,0,False,False,2,1.00243151,0.00929421,0,0.22296833,"[0.8059567809104919, 0.8709431886672974, 1.0024315118789673]","[0.22296833269744373, 0.1323361758402116, 0.009294213134854163]",0.005663,outputs/c6_sam1_vit_h_pilot/predictions/000_1_p1_visible_points.png
0:1:p2_visible_skeleton,0,D,Training/Proctocolectomy/4/51123,1,50,p2_visible_skeleton,1,0,False,False,2,1.00243151,0.00929421,0,0.22296833,"[0.8059567809104919, 0.8709431886672974, 1.0024315118789673]","[0.22296833269744373, 0.1323361758402116, 0.009294213134854163]",0.005748,outputs/c6_sam1_vit_h_pilot/predictions/000_1_p2_visible_skeleton.png
0:1:p3_visible_box,0,D,Training/Proctocolectomy/4/51123,1,50,p3_visible_box,0,0,True,False,2,0.84371376,0.05366191,0,0.06197257,"[0.6665067076683044, 0.8047937154769897, 0.8437137603759766]","[0.06197257383966245, 0.04455029420005604, 0.05366190695532013]",0.005212,outputs/c6_sam1_vit_h_pilot/predictions/000_1_p3_visible_box.png
0:1:p4_visible_points_box,0,D,Training/Proctocolectomy/4/51123,1,50,p4_visible_points_box,1,0,True,False,2,0.87724376,0.05706227,0,0.07515496,"[0.7200738191604614, 0.8456615209579468, 0.8772437572479248]","[0.07515495867768596, 0.04382572828048466, 0.05706226947277067]",0.006484,outputs/c6_sam1_vit_h_pilot/predictions/000_1_p4_visible_points_box.png
0:1:p5_visible_points_negatives,0,D,Training/Proctocolectomy/4/51123,1,50,p5_visible_points_negatives,1,3,False,False,2,0.93694913,0.00881285,0,0.21476212,"[0.8547585606575012, 0.8642168045043945, 0.9369491338729858]","[0.21476211649622054, 0.1435572496411069, 0.008812854612072091]",0.005669,outputs/c6_sam1_vit_h_pilot/predictions/000_1_p5_visible_points_negatives.png
0:1:p6_visible_points_box_negatives,0,D,Training/Proctocolectomy/4/51123,1,50,p6_visible_points_box_negatives,1,3,True,False,2,0.79781520,0.16068722,0,0.37669095,"[0.6951737999916077, 0.7684072256088257, 0.797815203666687]","[0.37669094693028093, 0.051893408134642355, 0.16068721576553815]",0.005881,outputs/c6_sam1_vit_h_pilot/predictions/000_1_p6_visible_points_box_negatives.png
0:1:p7_shifted_entry_ablation,0,D,Training/Proctocolectomy/4/51123,1,50,p7_shifted_entry_ablation,2,0,False,True,2,0.97047484,0.00949566,0,0.63398549,"[0.9178971648216248, 0.9081355333328247, 0.9704748392105103]","[0.633985491316773, 0.14580198615708698, 0.009495659620311734]",0.005563,outputs/c6_sam1_vit_h_pilot/predictions/000_1_p7_shifted_entry_ablation.png
160:0:p1_visible_points,160,A,Training/Proctocolectomy/4/82623,0,50,p1_visible_points,4,0,False,False,2,0.98998988,0.06773263,1,0.83194600,"[0.9538434147834778, 0.9693120718002319, 0.9899898767471313]","[0.8004778365189101, 0.8319459953304233, 0.06773263433813892]",0.020595,outputs/c6_sam1_vit_h_pilot/predictions/160_0_p1_visible_points.png
160:0:p2_visible_skeleton,160,A,Training/Proctocolectomy/4/82623,0,50,p2_visible_skeleton,30,0,False,False,1,0.94209838,0.79634782,1,0.79634782,"[0.893690288066864, 0.9420983791351318, 0.928687334060669]","[0.6906141956477527, 0.796347817289696, 0.08546555044609519]",0.006277,outputs/c6_sam1_vit_h_pilot/predictions/160_0_p2_visible_skeleton.png
160:0:p3_visible_box,160,A,Training/Proctocolectomy/4/82623,0,50,p3_visible_box,0,0,True,False,1,0.97335589,0.81835254,2,0.85230208,"[0.9630661010742188, 0.9733558893203735, 0.9661960601806641]","[0.7846872936036173, 0.818352535146932, 0.8523020817504938]",0.005068,outputs/c6_sam1_vit_h_pilot/predictions/160_0_p3_visible_box.png
160:0:p4_visible_points_box,160,A,Training/Proctocolectomy/4/82623,0,50,p4_visible_points_box,4,0,True,False,1,0.96452379,0.83248808,2,0.83843503,"[0.9477447867393494, 0.9645237922668457, 0.9596880674362183]","[0.8161876713719914, 0.8324880819555736, 0.8384350293938779]",0.005865,outputs/c6_sam1_vit_h_pilot/predictions/160_0_p4_visible_points_box.png
160:0:p5_visible_points_negatives,160,A,Training/Proctocolectomy/4/82623,0,50,p5_visible_points_negatives,4,0,False,False,2,0.98998988,0.06773263,1,0.83194600,"[0.9538434147834778, 0.9693120718002319, 0.9899898767471313]","[0.8004778365189101, 0.8319459953304233, 0.06773263433813892]",0.005738,outputs/c6_sam1_vit_h_pilot/predictions/160_0_p5_visible_points_negatives.png
160:0:p6_visible_points_box_negatives,160,A,Training/Proctocolectomy/4/82623,0,50,p6_visible_points_box_negatives,4,0,True,False,1,0.96452379,0.83248808,2,0.83843503,"[0.9477447867393494, 0.9645237922668457, 0.9596880674362183]","[0.8161876713719914, 0.8324880819555736, 0.8384350293938779]",0.005871,outputs/c6_sam1_vit_h_pilot/predictions/160_0_p6_visible_points_box_negatives.png
160:0:p7_shifted_entry_ablation,160,A,Training/Proctocolectomy/4/82623,0,50,p7_shifted_entry_ablation,4,0,False,False,2,0.98998988,0.06773263,1,0.83194600,"[0.9538434147834778, 0.9693120718002319, 0.9899898767471313]","[0.8004778365189101, 0.8319459953304233, 0.06773263433813892]",0.006732,outputs/c6_sam1_vit_h_pilot/predictions/160_0_p7_shifted_entry_ablation.png
157:0:p1_visible_points,157,C,Training/Proctocolectomy/5/160680,0,50,p1_visible_points,2,0,False,False,0,0.97233868,0.95442063,0,0.95442063,"[0.9723386764526367, 0.8753424882888794, 0.7854571342468262]","[0.9544206296048225, 0.601278423975689, 0.10566915370780998]",0.020480,outputs/c6_sam1_vit_h_pilot/predictions/157_0_p1_visible_points.png
157:0:p2_visible_skeleton,157,C,Training/Proctocolectomy/5/160680,0,50,p2_visible_skeleton,2,0,False,False,0,0.97233868,0.95442063,0,0.95442063,"[0.9723386764526367, 0.8753424882888794, 0.7854571342468262]","[0.9544206296048225, 0.601278423975689, 0.10566915370780998]",0.006186,outputs/c6_sam1_vit_h_pilot/predictions/157_0_p2_visible_skeleton.png
157:0:p3_visible_box,157,C,Training/Proctocolectomy/5/160680,0,50,p3_visible_box,0,0,True,False,1,0.86342359,0.06687781,0,0.10466408,"[0.8547436594963074, 0.8634235858917236, 0.7958252429962158]","[0.10466408486277151, 0.06687781296882814, 0.07460827378220677]",0.005342,outputs/c6_sam1_vit_h_pilot/predictions/157_0_p3_visible_box.png
157:0:p4_visible_points_box,157,C,Training/Proctocolectomy/5/160680,0,50,p4_visible_points_box,2,0,True,False,1,0.87700939,0.11064711,1,0.11064711,"[0.8061399459838867, 0.877009391784668, 0.8241941928863525]","[0.07321727485771677, 0.11064711188320582, 0.08778563208942956]",0.006147,outputs/c6_sam1_vit_h_pilot/predictions/157_0_p4_visible_points_box.png
157:0:p5_visible_points_negatives,157,C,Training/Proctocolectomy/5/160680,0,50,p5_visible_points_negatives,2,0,False,False,0,0.97233868,0.95442063,0,0.95442063,"[0.9723386764526367, 0.8753424882888794, 0.7854571342468262]","[0.9544206296048225, 0.601278423975689, 0.10566915370780998]",0.006054,outputs/c6_sam1_vit_h_pilot/predictions/157_0_p5_visible_points_negatives.png
157:0:p6_visible_points_box_negatives,157,C,Training/Proctocolectomy/5/160680,0,50,p6_visible_points_box_negatives,2,0,True,False,1,0.87700939,0.11064711,1,0.11064711,"[0.8061399459838867, 0.877009391784668, 0.8241941928863525]","[0.07321727485771677, 0.11064711188320582, 0.08778563208942956]",0.006351,outputs/c6_sam1_vit_h_pilot/predictions/157_0_p6_visible_points_box_negatives.png
157:0:p7_shifted_entry_ablation,157,C,Training/Proctocolectomy/5/160680,0,50,p7_shifted_entry_ablation,3,0,False,True,0,0.98258299,0.95706302,1,0.95883373,"[0.9825829863548279, 0.9152235984802246, 0.838059663772583]","[0.9570630166326428, 0.9588337336535896, 0.10605481152225366]",0.005555,outputs/c6_sam1_vit_h_pilot/predictions/157_0_p7_shifted_entry_ablation.png
28:0:p1_visible_points,28,B,Training/Proctocolectomy/5/278219,0,50,p1_visible_points,2,0,False,False,2,0.96935689,0.01697026,0,0.78843737,"[0.9082902073860168, 0.8936161994934082, 0.969356894493103]","[0.7884373690825304, 0.033906347734184585, 0.016970263116923557]",0.020411,outputs/c6_sam1_vit_h_pilot/predictions/028_0_p1_visible_points.png
28:0:p2_visible_skeleton,28,B,Training/Proctocolectomy/5/278219,0,50,p2_visible_skeleton,9,0,False,False,2,0.93682814,0.01863959,1,0.85499058,"[0.9309596419334412, 0.8704671859741211, 0.9368281364440918]","[0.7987012987012987, 0.8549905838041432, 0.01863959213215936]",0.005596,outputs/c6_sam1_vit_h_pilot/predictions/028_0_p2_visible_skeleton.png
28:0:p3_visible_box,28,B,Training/Proctocolectomy/5/278219,0,50,p3_visible_box,0,0,True,False,2,0.95191622,0.83828452,2,0.83828452,"[0.9279780387878418, 0.9512231349945068, 0.9519162178039551]","[0.7348135735232509, 0.7953498114788438, 0.8382845188284519]",0.005260,outputs/c6_sam1_vit_h_pilot/predictions/028_0_p3_visible_box.png
28:0:p4_visible_points_box,28,B,Training/Proctocolectomy/5/278219,0,50,p4_visible_points_box,2,0,True,False,1,0.95939720,0.84296482,2,0.87749229,"[0.9494636058807373, 0.9593971967697144, 0.956463098526001]","[0.784876413908672, 0.842964824120603, 0.877492291880781]",0.006770,outputs/c6_sam1_vit_h_pilot/predictions/028_0_p4_visible_points_box.png
28:0:p5_visible_points_negatives,28,B,Training/Proctocolectomy/5/278219,0,50,p5_visible_points_negatives,2,2,False,False,2,0.93351197,0.01845792,0,0.79451194,"[0.9307622909545898, 0.902469277381897, 0.9335119724273682]","[0.79451193967323, 0.033338532877664175, 0.01845792366099236]",0.006555,outputs/c6_sam1_vit_h_pilot/predictions/028_0_p5_visible_points_negatives.png
28:0:p6_visible_points_box_negatives,28,B,Training/Proctocolectomy/5/278219,0,50,p6_visible_points_box_negatives,2,2,True,False,1,0.95070362,0.86090776,2,0.88880079,"[0.9465333819389343, 0.9507036209106445, 0.9456009864807129]","[0.7987012987012987, 0.8609077598828697, 0.888800792864222]",0.006427,outputs/c6_sam1_vit_h_pilot/predictions/028_0_p6_visible_points_box_negatives.png
28:0:p7_shifted_entry_ablation,28,B,Training/Proctocolectomy/5/278219,0,50,p7_shifted_entry_ablation,2,0,False,False,2,0.96935689,0.01697026,0,0.78843737,"[0.9082902073860168, 0.8936161994934082, 0.969356894493103]","[0.7884373690825304, 0.033906347734184585, 0.016970263116923557]",0.005777,outputs/c6_sam1_vit_h_pilot/predictions/028_0_p7_shifted_entry_ablation.png
28:1:p1_visible_points,28,C,Training/Proctocolectomy/5/278219,1,100,p1_visible_points,1,0,False,False,2,1.01934874,0.01645560,0,0.81889609,"[0.705729067325592, 0.9225980043411255, 1.0193487405776978]","[0.8188960911412296, 0.03918579009027634, 0.01645559555304969]",0.005659,outputs/c6_sam1_vit_h_pilot/predictions/028_1_p1_visible_points.png
28:1:p2_visible_skeleton,28,C,Training/Proctocolectomy/5/278219,1,100,p2_visible_skeleton,1,0,False,False,2,1.01934874,0.01645560,0,0.81889609,"[0.705729067325592, 0.9225980043411255, 1.0193487405776978]","[0.8188960911412296, 0.03918579009027634, 0.01645559555304969]",0.006203,outputs/c6_sam1_vit_h_pilot/predictions/028_1_p2_visible_skeleton.png
28:1:p3_visible_box,28,C,Training/Proctocolectomy/5/278219,1,100,p3_visible_box,0,0,True,False,2,0.67713916,0.03733543,1,0.05932722,"[0.6057932376861572, 0.6703420877456665, 0.677139163017273]","[0.01717557251908397, 0.05932721712538226, 0.03733542935743761]",0.006869,outputs/c6_sam1_vit_h_pilot/predictions/028_1_p3_visible_box.png
28:1:p4_visible_points_box,28,C,Training/Proctocolectomy/5/278219,1,100,p4_visible_points_box,1,0,True,False,2,0.74051487,0.04611460,1,0.06496143,"[0.6605938076972961, 0.7310250997543335, 0.740514874458313]","[0.029468044393417527, 0.06496142915144133, 0.046114599686028254]",0.006153,outputs/c6_sam1_vit_h_pilot/predictions/028_1_p4_visible_points_box.png
28:1:p5_visible_points_negatives,28,C,Training/Proctocolectomy/5/278219,1,100,p5_visible_points_negatives,1,3,False,False,2,0.96118712,0.01668761,0,0.74639383,"[0.4838312864303589, 0.9260371923446655, 0.9611871242523193]","[0.7463938275746393, 0.043205303548362585, 0.016687610881135424]",0.005614,outputs/c6_sam1_vit_h_pilot/predictions/028_1_p5_visible_points_negatives.png
28:1:p6_visible_points_box_negatives,28,C,Training/Proctocolectomy/5/278219,1,100,p6_visible_points_box_negatives,1,3,True,False,1,0.72079492,0.16485321,0,0.16703473,"[0.6636785864830017, 0.7207949161529541, 0.7021994590759277]","[0.16703473198152982, 0.16485321289262986, 0.07322970639032815]",0.005754,outputs/c6_sam1_vit_h_pilot/predictions/028_1_p6_visible_points_box_negatives.png
28:1:p7_shifted_entry_ablation,28,C,Training/Proctocolectomy/5/278219,1,100,p7_shifted_entry_ablation,2,0,False,True,2,0.97369862,0.01654342,0,0.67389982,"[0.8940658569335938, 0.85712730884552, 0.973698616027832]","[0.6738998174812412, 0.03686159119201979, 0.016543419696613573]",0.005499,outputs/c6_sam1_vit_h_pilot/predictions/028_1_p7_shifted_entry_ablation.png
28:2:p1_visible_points,28,B,Training/Proctocolectomy/5/278219,2,150,p1_visible_points,1,0,False,False,2,0.89932597,0.01529480,1,0.52549386,"[0.6979166865348816, 0.8769683837890625, 0.899325966835022]","[0.13065676491065212, 0.5254938601174586, 0.015294802313316118]",0.005540,outputs/c6_sam1_vit_h_pilot/predictions/028_2_p1_visible_points.png
28:2:p2_visible_skeleton,28,B,Training/Proctocolectomy/5/278219,2,150,p2_visible_skeleton,1,0,False,False,2,0.89932597,0.01529480,1,0.52549386,"[0.6979166865348816, 0.8769683837890625, 0.899325966835022]","[0.13065676491065212, 0.5254938601174586, 0.015294802313316118]",0.005459,outputs/c6_sam1_vit_h_pilot/predictions/028_2_p2_visible_skeleton.png
28:2:p3_visible_box,28,B,Training/Proctocolectomy/5/278219,2,150,p3_visible_box,0,0,True,False,2,0.83539355,0.14231710,2,0.14231710,"[0.7715132832527161, 0.8110816478729248, 0.8353935480117798]","[0.10956682881630762, 0.14140948871487793, 0.14231710028908162]",0.005355,outputs/c6_sam1_vit_h_pilot/predictions/028_2_p3_visible_box.png
28:2:p4_visible_points_box,28,B,Training/Proctocolectomy/5/278219,2,150,p4_visible_points_box,1,0,True,False,2,0.89036143,0.15569395,2,0.15569395,"[0.8505419492721558, 0.878685474395752, 0.8903614282608032]","[0.11262719703977798, 0.15373993095512084, 0.15569395017793594]",0.006044,outputs/c6_sam1_vit_h_pilot/predictions/028_2_p4_visible_points_box.png
28:2:p5_visible_points_negatives,28,B,Training/Proctocolectomy/5/278219,2,150,p5_visible_points_negatives,1,3,False,False,1,0.89637637,0.50600209,1,0.50600209,"[0.7327401041984558, 0.896376371383667, 0.7133083343505859]","[0.18770301624129931, 0.5060020876826722, 0.015387004282794433]",0.005612,outputs/c6_sam1_vit_h_pilot/predictions/028_2_p5_visible_points_negatives.png
28:2:p6_visible_points_box_negatives,28,B,Training/Proctocolectomy/5/278219,2,150,p6_visible_points_box_negatives,1,3,True,False,2,0.83902907,0.24501109,2,0.24501109,"[0.7546551823616028, 0.8221262693405151, 0.83902907371521]","[0.13719160710168318, 0.20928636779505946, 0.24501108647450112]",0.005777,outputs/c6_sam1_vit_h_pilot/predictions/028_2_p6_visible_points_box_negatives.png
28:2:p7_shifted_entry_ablation,28,B,Training/Proctocolectomy/5/278219,2,150,p7_shifted_entry_ablation,1,0,False,False,2,0.89932597,0.01529480,1,0.52549386,"[0.6979166865348816, 0.8769683837890625, 0.899325966835022]","[0.13065676491065212, 0.5254938601174586, 0.015294802313316118]",0.005624,outputs/c6_sam1_vit_h_pilot/predictions/028_2_p7_shifted_entry_ablation.png
110:0:p1_visible_points,110,B,Training/Proctocolectomy/5/292173,0,50,p1_visible_points,1,0,False,False,0,0.94452053,0.81823434,1,0.92070623,"[0.9445205330848694, 0.9375395774841309, 0.8475496768951416]","[0.8182343364319101, 0.9207062264939406, 0.08121678284325508]",0.020708,outputs/c6_sam1_vit_h_pilot/predictions/110_0_p1_visible_points.png
110:0:p2_visible_skeleton,110,B,Training/Proctocolectomy/5/292173,0,50,p2_visible_skeleton,1,0,False,False,0,0.94452053,0.81823434,1,0.92070623,"[0.9445205330848694, 0.9375395774841309, 0.8475496768951416]","[0.8182343364319101, 0.9207062264939406, 0.08121678284325508]",0.006044,outputs/c6_sam1_vit_h_pilot/predictions/110_0_p2_visible_skeleton.png
110:0:p3_visible_box,110,B,Training/Proctocolectomy/5/292173,0,50,p3_visible_box,0,0,True,False,1,0.79140341,0.02802508,2,0.03150310,"[0.6608527898788452, 0.7914034128189087, 0.7909911870956421]","[0.0016844764962888877, 0.02802507506716536, 0.03150310297675397]",0.004978,outputs/c6_sam1_vit_h_pilot/predictions/110_0_p3_visible_box.png
110:0:p4_visible_points_box,110,B,Training/Proctocolectomy/5/292173,0,50,p4_visible_points_box,1,0,True,False,1,0.90953016,0.03651019,2,0.04158332,"[0.8861188292503357, 0.9095301628112793, 0.8975400924682617]","[0.030636416276254144, 0.036510194404931244, 0.04158332456048005]",0.005858,outputs/c6_sam1_vit_h_pilot/predictions/110_0_p4_visible_points_box.png
110:0:p5_visible_points_negatives,110,B,Training/Proctocolectomy/5/292173,0,50,p5_visible_points_negatives,1,4,False,False,1,0.96388483,0.90288714,1,0.90288714,"[0.7503457069396973, 0.9638848304748535, 0.7879340648651123]","[0.21526789947842578, 0.9028871391076115, 0.011897266449406396]",0.005629,outputs/c6_sam1_vit_h_pilot/predictions/110_0_p5_visible_points_negatives.png
110:0:p6_visible_points_box_negatives,110,B,Training/Proctocolectomy/5/292173,0,50,p6_visible_points_box_negatives,1,4,True,False,1,0.89964449,0.07629844,2,0.11046113,"[0.8480240702629089, 0.8996444940567017, 0.8928871154785156]","[0.05427908937605396, 0.0762984445030319, 0.11046113306982872]",0.005742,outputs/c6_sam1_vit_h_pilot/predictions/110_0_p6_visible_points_box_negatives.png
110:0:p7_shifted_entry_ablation,110,B,Training/Proctocolectomy/5/292173,0,50,p7_shifted_entry_ablation,1,0,False,False,0,0.94452053,0.81823434,1,0.92070623,"[0.9445205330848694, 0.9375395774841309, 0.8475496768951416]","[0.8182343364319101, 0.9207062264939406, 0.08121678284325508]",0.005521,outputs/c6_sam1_vit_h_pilot/predictions/110_0_p7_shifted_entry_ablation.png
110:1:p1_visible_points,110,A,Training/Proctocolectomy/5/292173,1,100,p1_visible_points,4,0,False,False,2,0.97677672,0.25275841,0,0.93195988,"[0.9444003701210022, 0.9626172780990601, 0.9767767190933228]","[0.9319598769708222, 0.7091841520998156, 0.2527584093867502]",0.005882,outputs/c6_sam1_vit_h_pilot/predictions/110_1_p1_visible_points.png
110:1:p2_visible_skeleton,110,A,Training/Proctocolectomy/5/292173,1,100,p2_visible_skeleton,36,0,False,False,2,0.94844162,0.92970663,2,0.92970663,"[0.8436700701713562, 0.9374899864196777, 0.9484416246414185]","[0.6551036569844727, 0.9204638453109178, 0.9297066262697307]",0.005963,outputs/c6_sam1_vit_h_pilot/predictions/110_1_p2_visible_skeleton.png
110:1:p3_visible_box,110,A,Training/Proctocolectomy/5/292173,1,100,p3_visible_box,0,0,True,False,2,0.94751465,0.80840698,1,0.81592863,"[0.6805329322814941, 0.8915941715240479, 0.9475146532058716]","[0.16941722172726373, 0.8159286279832598, 0.8084069778457458]",0.005008,outputs/c6_sam1_vit_h_pilot/predictions/110_1_p3_visible_box.png
110:1:p4_visible_points_box,110,A,Training/Proctocolectomy/5/292173,1,100,p4_visible_points_box,4,0,True,False,2,0.97878551,0.88830687,2,0.88830687,"[0.916478157043457, 0.958964467048645, 0.978785514831543]","[0.731338431311575, 0.8781962705046995, 0.888306871861507]",0.006493,outputs/c6_sam1_vit_h_pilot/predictions/110_1_p4_visible_points_box.png
110:1:p5_visible_points_negatives,110,A,Training/Proctocolectomy/5/292173,1,100,p5_visible_points_negatives,4,1,False,False,0,0.95167309,0.91890594,0,0.91890594,"[0.9516730904579163, 0.9407294988632202, 0.9440914392471313]","[0.9189059365375378, 0.882970147701269, 0.2683606563696146]",0.005593,outputs/c6_sam1_vit_h_pilot/predictions/110_1_p5_visible_points_negatives.png
110:1:p6_visible_points_box_negatives,110,A,Training/Proctocolectomy/5/292173,1,100,p6_visible_points_box_negatives,4,1,True,False,2,0.98054695,0.90695459,2,0.90695459,"[0.9301453232765198, 0.9657114744186401, 0.9805469512939453]","[0.7456041160174139, 0.8934706011891654, 0.9069545930794247]",0.005825,outputs/c6_sam1_vit_h_pilot/predictions/110_1_p6_visible_points_box_negatives.png
110:1:p7_shifted_entry_ablation,110,A,Training/Proctocolectomy/5/292173,1,100,p7_shifted_entry_ablation,4,0,False,False,2,0.97677672,0.25275841,0,0.93195988,"[0.9444003701210022, 0.9626172780990601, 0.9767767190933228]","[0.9319598769708222, 0.7091841520998156, 0.2527584093867502]",0.005460,outputs/c6_sam1_vit_h_pilot/predictions/110_1_p7_shifted_entry_ablation.png
151:0:p1_visible_points,151,A,Training/Proctocolectomy/8/135000,0,50,p1_visible_points,4,0,False,False,1,0.98607850,0.20992863,0,0.92383222,"[0.8666836023330688, 0.9860785007476807, 0.9381546974182129]","[0.9238322245544132, 0.2099286302709278, 0.09673831824421777]",0.020728,outputs/c6_sam1_vit_h_pilot/predictions/151_0_p1_visible_points.png
151:0:p2_visible_skeleton,151,A,Training/Proctocolectomy/8/135000,0,50,p2_visible_skeleton,22,0,False,False,2,0.92034936,0.32522468,1,0.90249627,"[0.8340135812759399, 0.8802351951599121, 0.9203493595123291]","[0.48870738636363636, 0.902496266268402, 0.3252246824320932]",0.006700,outputs/c6_sam1_vit_h_pilot/predictions/151_0_p2_visible_skeleton.png
151:0:p3_visible_box,151,A,Training/Proctocolectomy/8/135000,0,50,p3_visible_box,0,0,True,False,1,0.97683597,0.74496500,2,0.78906975,"[0.9350183606147766, 0.9768359661102295, 0.971686601638794]","[0.6710394623963397, 0.7449650049992859, 0.7890697508388663]",0.005572,outputs/c6_sam1_vit_h_pilot/predictions/151_0_p3_visible_box.png
151:0:p4_visible_points_box,151,A,Training/Proctocolectomy/8/135000,0,50,p4_visible_points_box,4,0,True,False,2,0.96726561,0.91705967,2,0.91705967,"[0.7776551842689514, 0.9535467624664307, 0.9672656059265137]","[0.8360438931979841, 0.9152862384667451, 0.9170596678285832]",0.006159,outputs/c6_sam1_vit_h_pilot/predictions/151_0_p4_visible_points_box.png
151:0:p5_visible_points_negatives,151,A,Training/Proctocolectomy/8/135000,0,50,p5_visible_points_negatives,4,0,False,False,1,0.98607850,0.20992863,0,0.92383222,"[0.8666836023330688, 0.9860785007476807, 0.9381546974182129]","[0.9238322245544132, 0.2099286302709278, 0.09673831824421777]",0.005580,outputs/c6_sam1_vit_h_pilot/predictions/151_0_p5_visible_points_negatives.png
151:0:p6_visible_points_box_negatives,151,A,Training/Proctocolectomy/8/135000,0,50,p6_visible_points_box_negatives,4,0,True,False,2,0.96726561,0.91705967,2,0.91705967,"[0.7776551842689514, 0.9535467624664307, 0.9672656059265137]","[0.8360438931979841, 0.9152862384667451, 0.9170596678285832]",0.006228,outputs/c6_sam1_vit_h_pilot/predictions/151_0_p6_visible_points_box_negatives.png
151:0:p7_shifted_entry_ablation,151,A,Training/Proctocolectomy/8/135000,0,50,p7_shifted_entry_ablation,4,0,False,False,1,0.98607850,0.20992863,0,0.92383222,"[0.8666836023330688, 0.9860785007476807, 0.9381546974182129]","[0.9238322245544132, 0.2099286302709278, 0.09673831824421777]",0.005518,outputs/c6_sam1_vit_h_pilot/predictions/151_0_p7_shifted_entry_ablation.png
32:0:p1_visible_points,32,A,Training/Proctocolectomy/8/231000,0,50,p1_visible_points,4,0,False,False,0,0.98998791,0.92939175,0,0.92939175,"[0.9899879097938538, 0.9848537445068359, 0.9864474534988403]","[0.9293917481922586, 0.7175324675324676, 0.06261014038880644]",0.021434,outputs/c6_sam1_vit_h_pilot/predictions/032_0_p1_visible_points.png
32:0:p2_visible_skeleton,32,A,Training/Proctocolectomy/8/231000,0,50,p2_visible_skeleton,20,0,False,False,1,0.96218860,0.82003763,0,0.93449033,"[0.9586314558982849, 0.9621886014938354, 0.9387403726577759]","[0.9344903315656972, 0.8200376293508937, 0.3300839578520313]",0.006543,outputs/c6_sam1_vit_h_pilot/predictions/032_0_p2_visible_skeleton.png
32:0:p3_visible_box,32,A,Training/Proctocolectomy/8/231000,0,50,p3_visible_box,0,0,True,False,0,0.99512023,0.93396328,1,0.93566314,"[0.9951202273368835, 0.9811283349990845, 0.9725509881973267]","[0.9339632771394825, 0.9356631398952656, 0.792099414939453]",0.005857,outputs/c6_sam1_vit_h_pilot/predictions/032_0_p3_visible_box.png
32:0:p4_visible_points_box,32,A,Training/Proctocolectomy/8/231000,0,50,p4_visible_points_box,4,0,True,False,0,0.99182981,0.93532524,0,0.93532524,"[0.9918298125267029, 0.9592974185943604, 0.9803363084793091]","[0.9353252445347159, 0.9198190140474563, 0.8053852183134308]",0.006712,outputs/c6_sam1_vit_h_pilot/predictions/032_0_p4_visible_points_box.png
32:0:p5_visible_points_negatives,32,A,Training/Proctocolectomy/8/231000,0,50,p5_visible_points_negatives,4,2,False,False,0,0.97480017,0.93007740,0,0.93007740,"[0.974800169467926, 0.9644553661346436, 0.9078603982925415]","[0.9300773952495329, 0.6728222996515679, 0.06811872240538853]",0.006663,outputs/c6_sam1_vit_h_pilot/predictions/032_0_p5_visible_points_negatives.png
32:0:p6_visible_points_box_negatives,32,A,Training/Proctocolectomy/8/231000,0,50,p6_visible_points_box_negatives,4,2,True,False,0,0.98228443,0.93403483,0,0.93403483,"[0.982284426689148, 0.9528400897979736, 0.9604756832122803]","[0.9340348253391731, 0.7491815988973122, 0.7790713234310184]",0.007029,outputs/c6_sam1_vit_h_pilot/predictions/032_0_p6_visible_points_box_negatives.png
32:0:p7_shifted_entry_ablation,32,A,Training/Proctocolectomy/8/231000,0,50,p7_shifted_entry_ablation,4,0,False,False,0,0.98998791,0.92939175,0,0.92939175,"[0.9899879097938538, 0.9848537445068359, 0.9864474534988403]","[0.9293917481922586, 0.7175324675324676, 0.06261014038880644]",0.005886,outputs/c6_sam1_vit_h_pilot/predictions/032_0_p7_shifted_entry_ablation.png
32:1:p1_visible_points,32,C,Training/Proctocolectomy/8/231000,1,100,p1_visible_points,2,0,False,False,0,0.95676392,0.91277778,1,0.92604766,"[0.9567639231681824, 0.8918957710266113, 0.9375253915786743]","[0.9127777777777778, 0.9260476581758422, 0.02393898858641836]",0.005485,outputs/c6_sam1_vit_h_pilot/predictions/032_1_p1_visible_points.png
32:1:p2_visible_skeleton,32,C,Training/Proctocolectomy/8/231000,1,100,p2_visible_skeleton,2,0,False,False,0,0.95676392,0.91277778,1,0.92604766,"[0.9567639231681824, 0.8918957710266113, 0.9375253915786743]","[0.9127777777777778, 0.9260476581758422, 0.02393898858641836]",0.005458,outputs/c6_sam1_vit_h_pilot/predictions/032_1_p2_visible_skeleton.png
32:1:p3_visible_box,32,C,Training/Proctocolectomy/8/231000,1,100,p3_visible_box,0,0,True,False,1,0.82409370,0.25617758,2,0.27903490,"[0.6720435619354248, 0.8240936994552612, 0.8084781169891357]","[0.1526500811249324, 0.256177579226581, 0.27903489640130863]",0.004886,outputs/c6_sam1_vit_h_pilot/predictions/032_1_p3_visible_box.png
32:1:p4_visible_points_box,32,C,Training/Proctocolectomy/8/231000,1,100,p4_visible_points_box,2,0,True,False,1,0.84522545,0.27091084,1,0.27091084,"[0.7652360200881958, 0.84522545337677, 0.8348443508148193]","[0.1822529224229543, 0.2709108447016674, 0.25903212904946005]",0.005772,outputs/c6_sam1_vit_h_pilot/predictions/032_1_p4_visible_points_box.png
32:1:p5_visible_points_negatives,32,C,Training/Proctocolectomy/8/231000,1,100,p5_visible_points_negatives,2,4,False,False,0,0.93596286,0.91798019,1,0.92821645,"[0.9359628558158875, 0.8887214660644531, 0.792675256729126]","[0.9179801924954666, 0.9282164549972391, 0.01860377460086692]",0.005508,outputs/c6_sam1_vit_h_pilot/predictions/032_1_p5_visible_points_negatives.png
32:1:p6_visible_points_box_negatives,32,C,Training/Proctocolectomy/8/231000,1,100,p6_visible_points_box_negatives,2,4,True,False,2,0.83067214,0.33397152,1,0.48994390,"[0.7576830983161926, 0.826960563659668, 0.8306721448898315]","[0.24833836858006042, 0.489943904774935, 0.3339715208806988]",0.005833,outputs/c6_sam1_vit_h_pilot/predictions/032_1_p6_visible_points_box_negatives.png
32:1:p7_shifted_entry_ablation,32,C,Training/Proctocolectomy/8/231000,1,100,p7_shifted_entry_ablation,3,0,False,True,2,0.93904161,0.02406558,0,0.86557419,"[0.9214922785758972, 0.7162960767745972, 0.9390416145324707]","[0.865574190244527, 0.26471594798083503, 0.024065582881756288]",0.005701,outputs/c6_sam1_vit_h_pilot/predictions/032_1_p7_shifted_entry_ablation.png
94:0:p1_visible_points,94,C,Training/Proctocolectomy/9/162000,0,50,p1_visible_points,1,0,False,False,2,0.90232956,0.12608282,1,0.89285512,"[0.7736530900001526, 0.7036503553390503, 0.9023295640945435]","[0.006494061351790139, 0.8928551176637369, 0.12608282407022592]",0.020494,outputs/c6_sam1_vit_h_pilot/predictions/094_0_p1_visible_points.png
94:0:p2_visible_skeleton,94,C,Training/Proctocolectomy/9/162000,0,50,p2_visible_skeleton,1,0,False,False,2,0.90232956,0.12608282,1,0.89285512,"[0.7736530900001526, 0.7036503553390503, 0.9023295640945435]","[0.006494061351790139, 0.8928551176637369, 0.12608282407022592]",0.005602,outputs/c6_sam1_vit_h_pilot/predictions/094_0_p2_visible_skeleton.png
94:0:p3_visible_box,94,C,Training/Proctocolectomy/9/162000,0,50,p3_visible_box,0,0,True,False,1,0.81406868,0.01315902,2,0.02136204,"[0.771506130695343, 0.8140686750411987, 0.8059332370758057]","[0.008886610270870716, 0.013159019054943178, 0.0213620439203623]",0.005258,outputs/c6_sam1_vit_h_pilot/predictions/094_0_p3_visible_box.png
94:0:p4_visible_points_box,94,C,Training/Proctocolectomy/9/162000,0,50,p4_visible_points_box,1,0,True,False,1,0.85142922,0.01708964,2,0.02748583,"[0.8293517827987671, 0.8514292240142822, 0.8477416038513184]","[0.010652539234954, 0.01708963513628984, 0.02748582984419949]",0.005736,outputs/c6_sam1_vit_h_pilot/predictions/094_0_p4_visible_points_box.png
94:0:p5_visible_points_negatives,94,C,Training/Proctocolectomy/9/162000,0,50,p5_visible_points_negatives,1,0,False,False,2,0.90232956,0.12608282,1,0.89285512,"[0.7736530900001526, 0.7036503553390503, 0.9023295640945435]","[0.006494061351790139, 0.8928551176637369, 0.12608282407022592]",0.005551,outputs/c6_sam1_vit_h_pilot/predictions/094_0_p5_visible_points_negatives.png
94:0:p6_visible_points_box_negatives,94,C,Training/Proctocolectomy/9/162000,0,50,p6_visible_points_box_negatives,1,0,True,False,1,0.85142922,0.01708964,2,0.02748583,"[0.8293517827987671, 0.8514292240142822, 0.8477416038513184]","[0.010652539234954, 0.01708963513628984, 0.02748582984419949]",0.005927,outputs/c6_sam1_vit_h_pilot/predictions/094_0_p6_visible_points_box_negatives.png
94:0:p7_shifted_entry_ablation,94,C,Training/Proctocolectomy/9/162000,0,50,p7_shifted_entry_ablation,2,0,False,True,1,0.97645950,0.00000000,2,0.15425612,"[0.7791641354560852, 0.9764595031738281, 0.7300817966461182]","[0.03423024523160763, 0.0, 0.15425612466720404]",0.005501,outputs/c6_sam1_vit_h_pilot/predictions/094_0_p7_shifted_entry_ablation.png
197:0:p1_visible_points,197,A,Training/Proctocolectomy/9/19569,0,50,p1_visible_points,4,0,False,False,1,0.95469368,0.79119421,1,0.79119421,"[0.9504462480545044, 0.9546936750411987, 0.7534787654876709]","[0.7703372416293969, 0.7911942098914355, 0.029598669825072886]",0.021068,outputs/c6_sam1_vit_h_pilot/predictions/197_0_p1_visible_points.png
197:0:p2_visible_skeleton,197,A,Training/Proctocolectomy/9/19569,0,50,p2_visible_skeleton,19,0,False,False,1,0.95563090,0.78463021,2,0.81042270,"[0.9314257502555847, 0.955630898475647, 0.9261047840118408]","[0.6545762302019102, 0.7846302095880511, 0.8104226983207875]",0.006635,outputs/c6_sam1_vit_h_pilot/predictions/197_0_p2_visible_skeleton.png
197:0:p3_visible_box,197,A,Training/Proctocolectomy/9/19569,0,50,p3_visible_box,0,0,True,False,1,0.96655583,0.78949909,2,0.80471461,"[0.9609382152557373, 0.9665558338165283, 0.9584521055221558]","[0.771342200725514, 0.7894990947495474, 0.8047146105061626]",0.005135,outputs/c6_sam1_vit_h_pilot/predictions/197_0_p3_visible_box.png
197:0:p4_visible_points_box,197,A,Training/Proctocolectomy/9/19569,0,50,p4_visible_points_box,4,0,True,False,1,0.96233356,0.78927756,2,0.80014225,"[0.9533873200416565, 0.9623335599899292, 0.9329471588134766]","[0.7662839879154079, 0.7892775573987258, 0.8001422475106685]",0.005731,outputs/c6_sam1_vit_h_pilot/predictions/197_0_p4_visible_points_box.png
197:0:p5_visible_points_negatives,197,A,Training/Proctocolectomy/9/19569,0,50,p5_visible_points_negatives,4,0,False,False,1,0.95469368,0.79119421,1,0.79119421,"[0.9504462480545044, 0.9546936750411987, 0.7534787654876709]","[0.7703372416293969, 0.7911942098914355, 0.029598669825072886]",0.005459,outputs/c6_sam1_vit_h_pilot/predictions/197_0_p5_visible_points_negatives.png
197:0:p6_visible_points_box_negatives,197,A,Training/Proctocolectomy/9/19569,0,50,p6_visible_points_box_negatives,4,0,True,False,1,0.96233356,0.78927756,2,0.80014225,"[0.9533873200416565, 0.9623335599899292, 0.9329471588134766]","[0.7662839879154079, 0.7892775573987258, 0.8001422475106685]",0.005749,outputs/c6_sam1_vit_h_pilot/predictions/197_0_p6_visible_points_box_negatives.png
197:0:p7_shifted_entry_ablation,197,A,Training/Proctocolectomy/9/19569,0,50,p7_shifted_entry_ablation,4,0,False,False,1,0.95469368,0.79119421,1,0.79119421,"[0.9504462480545044, 0.9546936750411987, 0.7534787654876709]","[0.7703372416293969, 0.7911942098914355, 0.029598669825072886]",0.005546,outputs/c6_sam1_vit_h_pilot/predictions/197_0_p7_shifted_entry_ablation.png
41:0:p1_visible_points,41,C,Training/Proctocolectomy/9/26014,0,50,p1_visible_points,2,0,False,False,0,0.96978337,0.88871968,0,0.88871968,"[0.969783365726471, 0.8269228935241699, 0.9520816802978516]","[0.8887196780158817, 0.4364216250130712, 0.029947224302141775]",0.020807,outputs/c6_sam1_vit_h_pilot/predictions/041_0_p1_visible_points.png
41:0:p2_visible_skeleton,41,C,Training/Proctocolectomy/9/26014,0,50,p2_visible_skeleton,2,0,False,False,0,0.96978337,0.88871968,0,0.88871968,"[0.969783365726471, 0.8269228935241699, 0.9520816802978516]","[0.8887196780158817, 0.4364216250130712, 0.029947224302141775]",0.005470,outputs/c6_sam1_vit_h_pilot/predictions/041_0_p2_visible_skeleton.png
41:0:p3_visible_box,41,C,Training/Proctocolectomy/9/26014,0,50,p3_visible_box,0,0,True,False,0,0.92567152,0.53250193,1,0.54230433,"[0.9256715178489685, 0.9173716306686401, 0.756162166595459]","[0.5325019313541551, 0.5423043288150415, 0.27929283430505925]",0.004929,outputs/c6_sam1_vit_h_pilot/predictions/041_0_p3_visible_box.png
41:0:p4_visible_points_box,41,C,Training/Proctocolectomy/9/26014,0,50,p4_visible_points_box,2,0,True,False,0,0.92262173,0.81674995,0,0.81674995,"[0.9226217269897461, 0.8892639875411987, 0.8524237871170044]","[0.8167499456875951, 0.8013080963234566, 0.2487845766974015]",0.005826,outputs/c6_sam1_vit_h_pilot/predictions/041_0_p4_visible_points_box.png
41:0:p5_visible_points_negatives,41,C,Training/Proctocolectomy/9/26014,0,50,p5_visible_points_negatives,2,0,False,False,0,0.96978337,0.88871968,0,0.88871968,"[0.969783365726471, 0.8269228935241699, 0.9520816802978516]","[0.8887196780158817, 0.4364216250130712, 0.029947224302141775]",0.005495,outputs/c6_sam1_vit_h_pilot/predictions/041_0_p5_visible_points_negatives.png
41:0:p6_visible_points_box_negatives,41,C,Training/Proctocolectomy/9/26014,0,50,p6_visible_points_box_negatives,2,0,True,False,0,0.92262173,0.81674995,0,0.81674995,"[0.9226217269897461, 0.8892639875411987, 0.8524237871170044]","[0.8167499456875951, 0.8013080963234566, 0.2487845766974015]",0.005707,outputs/c6_sam1_vit_h_pilot/predictions/041_0_p6_visible_points_box_negatives.png
41:0:p7_shifted_entry_ablation,41,C,Training/Proctocolectomy/9/26014,0,50,p7_shifted_entry_ablation,3,0,False,True,0,0.96855366,0.81026712,1,0.82355262,"[0.9685536623001099, 0.9446985721588135, 0.9274963140487671]","[0.8102671210289106, 0.82355261860144, 0.030331911562727625]",0.005467,outputs/c6_sam1_vit_h_pilot/predictions/041_0_p7_shifted_entry_ablation.png
178:0:p1_visible_points,178,A,Training/Proctocolectomy/9/26289,0,100,p1_visible_points,4,0,False,False,1,0.94609535,0.91879384,1,0.91879384,"[0.882666289806366, 0.94609534740448, 0.8360840082168579]","[0.6038904269269999, 0.9187938390339142, 0.14894601202669663]",0.020896,outputs/c6_sam1_vit_h_pilot/predictions/178_0_p1_visible_points.png
178:0:p2_visible_skeleton,178,A,Training/Proctocolectomy/9/26289,0,100,p2_visible_skeleton,24,0,False,False,1,0.95148814,0.89578940,2,0.90613873,"[0.86903315782547, 0.9514881372451782, 0.9510728120803833]","[0.45433989788475565, 0.8957893971347538, 0.9061387266771115]",0.005941,outputs/c6_sam1_vit_h_pilot/predictions/178_0_p2_visible_skeleton.png
178:0:p3_visible_box,178,A,Training/Proctocolectomy/9/26289,0,100,p3_visible_box,0,0,True,False,2,0.98521447,0.91973172,2,0.91973172,"[0.9634827971458435, 0.9839639663696289, 0.9852144718170166]","[0.8925121650083521, 0.9072164948453608, 0.9197317178710515]",0.004941,outputs/c6_sam1_vit_h_pilot/predictions/178_0_p3_visible_box.png
178:0:p4_visible_points_box,178,A,Training/Proctocolectomy/9/26289,0,100,p4_visible_points_box,4,0,True,False,2,0.98442447,0.92698413,2,0.92698413,"[0.8498404026031494, 0.9835195541381836, 0.9844244718551636]","[0.625480943738657, 0.9138606676342526, 0.926984126984127]",0.005759,outputs/c6_sam1_vit_h_pilot/predictions/178_0_p4_visible_points_box.png
178:0:p5_visible_points_negatives,178,A,Training/Proctocolectomy/9/26289,0,100,p5_visible_points_negatives,4,3,False,False,1,0.95235825,0.90693789,1,0.90693789,"[0.8124291300773621, 0.9523582458496094, 0.8941301107406616]","[0.4390990596982287, 0.906937885942608, 0.15309969993772293]",0.005533,outputs/c6_sam1_vit_h_pilot/predictions/178_0_p5_visible_points_negatives.png
178:0:p6_visible_points_box_negatives,178,A,Training/Proctocolectomy/9/26289,0,100,p6_visible_points_box_negatives,4,3,True,False,2,0.97240961,0.91600955,2,0.91600955,"[0.8214537501335144, 0.959833025932312, 0.9724096059799194]","[0.5237262191121802, 0.8918132906790752, 0.9160095493018882]",0.005772,outputs/c6_sam1_vit_h_pilot/predictions/178_0_p6_visible_points_box_negatives.png
178:0:p7_shifted_entry_ablation,178,A,Training/Proctocolectomy/9/26289,0,100,p7_shifted_entry_ablation,4,0,False,False,1,0.94609535,0.91879384,1,0.91879384,"[0.882666289806366, 0.94609534740448, 0.8360840082168579]","[0.6038904269269999, 0.9187938390339142, 0.14894601202669663]",0.005475,outputs/c6_sam1_vit_h_pilot/predictions/178_0_p7_shifted_entry_ablation.png
178:1:p1_visible_points,178,B,Training/Proctocolectomy/9/26289,1,50,p1_visible_points,2,0,False,False,0,0.92732430,0.59338521,1,0.68320363,"[0.9273242950439453, 0.9128997325897217, 0.7300152778625488]","[0.5933852140077821, 0.6832036316472114, 0.025670984675302683]",0.005558,outputs/c6_sam1_vit_h_pilot/predictions/178_1_p1_visible_points.png
178:1:p2_visible_skeleton,178,B,Training/Proctocolectomy/9/26289,1,50,p2_visible_skeleton,6,0,False,False,1,0.93825126,0.67736706,1,0.67736706,"[0.9209105968475342, 0.938251256942749, 0.8673630952835083]","[0.5966277561608301, 0.6773670557717251, 0.027137713771377137]",0.005637,outputs/c6_sam1_vit_h_pilot/predictions/178_1_p2_visible_skeleton.png
178:1:p3_visible_box,178,B,Training/Proctocolectomy/9/26289,1,50,p3_visible_box,0,0,True,False,0,0.94465810,0.59435798,2,0.74286641,"[0.944658100605011, 0.9362295866012573, 0.9276081323623657]","[0.5943579766536965, 0.6459143968871596, 0.7428664072632944]",0.004889,outputs/c6_sam1_vit_h_pilot/predictions/178_1_p3_visible_box.png
178:1:p4_visible_points_box,178,B,Training/Proctocolectomy/9/26289,1,50,p4_visible_points_box,2,0,True,False,0,0.94246489,0.61932555,2,0.79863813,"[0.9424648880958557, 0.9296900033950806, 0.9306023120880127]","[0.619325551232166, 0.6890402075226978, 0.7986381322957199]",0.006352,outputs/c6_sam1_vit_h_pilot/predictions/178_1_p4_visible_points_box.png
178:1:p5_visible_points_negatives,178,B,Training/Proctocolectomy/9/26289,1,50,p5_visible_points_negatives,2,5,False,False,2,0.84472322,0.01550449,1,0.78404669,"[0.8437718749046326, 0.812071681022644, 0.8447232246398926]","[0.6459143968871596, 0.7840466926070039, 0.015504494138822753]",0.005995,outputs/c6_sam1_vit_h_pilot/predictions/178_1_p5_visible_points_negatives.png
178:1:p6_visible_points_box_negatives,178,B,Training/Proctocolectomy/9/26289,1,50,p6_visible_points_box_negatives,2,5,True,False,1,0.90246141,0.74156939,1,0.74156939,"[0.8857065439224243, 0.9024614095687866, 0.8730477094650269]","[0.6348897535667963, 0.7415693904020753, 0.501401050788091]",0.005831,outputs/c6_sam1_vit_h_pilot/predictions/178_1_p6_visible_points_box_negatives.png
178:1:p7_shifted_entry_ablation,178,B,Training/Proctocolectomy/9/26289,1,50,p7_shifted_entry_ablation,2,0,False,False,0,0.92732430,0.59338521,1,0.68320363,"[0.9273242950439453, 0.9128997325897217, 0.7300152778625488]","[0.5933852140077821, 0.6832036316472114, 0.025670984675302683]",0.005618,outputs/c6_sam1_vit_h_pilot/predictions/178_1_p7_shifted_entry_ablation.png
178:2:p1_visible_points,178,C,Training/Proctocolectomy/9/26289,2,150,p1_visible_points,1,0,False,False,1,0.96231210,0.88561597,1,0.88561597,"[0.9498491287231445, 0.9623121023178101, 0.6688820123672485]","[0.856353591160221, 0.8856159669649002, 0.038748530297381775]",0.005474,outputs/c6_sam1_vit_h_pilot/predictions/178_2_p1_visible_points.png
178:2:p2_visible_skeleton,178,C,Training/Proctocolectomy/9/26289,2,150,p2_visible_skeleton,1,0,False,False,1,0.96231210,0.88561597,1,0.88561597,"[0.9498491287231445, 0.9623121023178101, 0.6688820123672485]","[0.856353591160221, 0.8856159669649002, 0.038748530297381775]",0.005474,outputs/c6_sam1_vit_h_pilot/predictions/178_2_p2_visible_skeleton.png
178:2:p3_visible_box,178,C,Training/Proctocolectomy/9/26289,2,150,p3_visible_box,0,0,True,False,1,0.65821588,0.00270968,0,0.04885950,"[0.5243496298789978, 0.6582158803939819, 0.6529369354248047]","[0.04885949520853017, 0.002709677419354839, 0.01786179921773142]",0.005056,outputs/c6_sam1_vit_h_pilot/predictions/178_2_p3_visible_box.png
178:2:p4_visible_points_box,178,C,Training/Proctocolectomy/9/26289,2,150,p4_visible_points_box,1,0,True,False,1,0.69506073,0.00404296,0,0.09727418,"[0.6327424049377441, 0.6950607299804688, 0.6801943778991699]","[0.09727418492784608, 0.0040429564118761845, 0.08233117483811286]",0.006009,outputs/c6_sam1_vit_h_pilot/predictions/178_2_p4_visible_points_box.png
178:2:p5_visible_points_negatives,178,C,Training/Proctocolectomy/9/26289,2,150,p5_visible_points_negatives,1,6,False,False,1,0.91384947,0.66071647,1,0.66071647,"[0.6823951601982117, 0.9138494729995728, 0.6846743822097778]","[0.6046875, 0.6607164690059909, 0.5207188345110355]",0.006301,outputs/c6_sam1_vit_h_pilot/predictions/178_2_p5_visible_points_negatives.png
178:2:p6_visible_points_box_negatives,178,C,Training/Proctocolectomy/9/26289,2,150,p6_visible_points_box_negatives,1,6,True,False,1,0.84494960,0.00311388,0,0.14244550,"[0.7656645178794861, 0.8449496030807495, 0.839612603187561]","[0.1424455023803558, 0.003113879003558719, 0.052637350586687136]",0.006076,outputs/c6_sam1_vit_h_pilot/predictions/178_2_p6_visible_points_box_negatives.png
178:2:p7_shifted_entry_ablation,178,C,Training/Proctocolectomy/9/26289,2,150,p7_shifted_entry_ablation,2,0,False,True,0,0.90167421,0.00000000,0,0.00000000,"[0.901674211025238, 0.7613980770111084, 0.776290774345398]","[0.0, 0.0, 0.0]",0.006241,outputs/c6_sam1_vit_h_pilot/predictions/178_2_p7_shifted_entry_ablation.png
180:0:p1_visible_points,180,B,Training/Proctocolectomy/9/271890,0,50,p1_visible_points,2,0,False,False,1,0.98372149,0.92799290,1,0.92799290,"[0.9443582892417908, 0.9837214946746826, 0.942582368850708]","[0.8235884287386434, 0.9279928991456785, 0.06334072969335419]",0.020781,outputs/c6_sam1_vit_h_pilot/predictions/180_0_p1_visible_points.png
180:0:p2_visible_skeleton,180,B,Training/Proctocolectomy/9/271890,0,50,p2_visible_skeleton,2,0,False,False,1,0.98372149,0.92799290,1,0.92799290,"[0.9443582892417908, 0.9837214946746826, 0.942582368850708]","[0.8235884287386434, 0.9279928991456785, 0.06334072969335419]",0.005591,outputs/c6_sam1_vit_h_pilot/predictions/180_0_p2_visible_skeleton.png
180:0:p3_visible_box,180,B,Training/Proctocolectomy/9/271890,0,50,p3_visible_box,0,0,True,False,1,0.95396626,0.21547239,2,0.27322038,"[0.9437505006790161, 0.9539662599563599, 0.9339678287506104]","[0.18897902097902097, 0.21547239469709684, 0.2732203768942571]",0.005057,outputs/c6_sam1_vit_h_pilot/predictions/180_0_p3_visible_box.png
180:0:p4_visible_points_box,180,B,Training/Proctocolectomy/9/271890,0,50,p4_visible_points_box,2,0,True,False,1,0.93176734,0.27287445,1,0.27287445,"[0.9297024607658386, 0.9317673444747925, 0.9158122539520264]","[0.22239615363112875, 0.2728744487243901, 0.25222943380296553]",0.005723,outputs/c6_sam1_vit_h_pilot/predictions/180_0_p4_visible_points_box.png
180:0:p5_visible_points_negatives,180,B,Training/Proctocolectomy/9/271890,0,50,p5_visible_points_negatives,2,0,False,False,1,0.98372149,0.92799290,1,0.92799290,"[0.9443582892417908, 0.9837214946746826, 0.942582368850708]","[0.8235884287386434, 0.9279928991456785, 0.06334072969335419]",0.005633,outputs/c6_sam1_vit_h_pilot/predictions/180_0_p5_visible_points_negatives.png
180:0:p6_visible_points_box_negatives,180,B,Training/Proctocolectomy/9/271890,0,50,p6_visible_points_box_negatives,2,0,True,False,1,0.93176734,0.27287445,1,0.27287445,"[0.9297024607658386, 0.9317673444747925, 0.9158122539520264]","[0.22239615363112875, 0.2728744487243901, 0.25222943380296553]",0.006197,outputs/c6_sam1_vit_h_pilot/predictions/180_0_p6_visible_points_box_negatives.png
180:0:p7_shifted_entry_ablation,180,B,Training/Proctocolectomy/9/271890,0,50,p7_shifted_entry_ablation,2,0,False,False,1,0.98372149,0.92799290,1,0.92799290,"[0.9443582892417908, 0.9837214946746826, 0.942582368850708]","[0.8235884287386434, 0.9279928991456785, 0.06334072969335419]",0.005847,outputs/c6_sam1_vit_h_pilot/predictions/180_0_p7_shifted_entry_ablation.png
77:0:p1_visible_points,77,B,Training/Proctocolectomy/9/292854,0,50,p1_visible_points,2,0,False,False,0,0.95531839,0.86141053,0,0.86141053,"[0.9553183913230896, 0.9118150472640991, 0.864238977432251]","[0.8614105327995072, 0.7716455696202532, 0.012102972780739256]",0.020497,outputs/c6_sam1_vit_h_pilot/predictions/077_0_p1_visible_points.png
77:0:p2_visible_skeleton,77,B,Training/Proctocolectomy/9/292854,0,50,p2_visible_skeleton,6,0,False,False,1,0.95965862,0.87829552,1,0.87829552,"[0.9545560479164124, 0.9596586227416992, 0.9457497596740723]","[0.8469387755102041, 0.878295524218271, 0.015918235632241866]",0.005658,outputs/c6_sam1_vit_h_pilot/predictions/077_0_p2_visible_skeleton.png
77:0:p3_visible_box,77,B,Training/Proctocolectomy/9/292854,0,50,p3_visible_box,0,0,True,False,1,0.95766151,0.88199327,1,0.88199327,"[0.9563823342323303, 0.957661509513855, 0.9489794969558716]","[0.8595194085027726, 0.8819932742280648, 0.8786647314949202]",0.005399,outputs/c6_sam1_vit_h_pilot/predictions/077_0_p3_visible_box.png
77:0:p4_visible_points_box,77,B,Training/Proctocolectomy/9/292854,0,50,p4_visible_points_box,2,0,True,False,1,0.95804441,0.88722950,1,0.88722950,"[0.9577476978302002, 0.9580444097518921, 0.9533456563949585]","[0.8607284970921335, 0.8872295032002439, 0.8275769023205612]",0.006181,outputs/c6_sam1_vit_h_pilot/predictions/077_0_p4_visible_points_box.png
77:0:p5_visible_points_negatives,77,B,Training/Proctocolectomy/9/292854,0,50,p5_visible_points_negatives,2,1,False,False,0,0.95127791,0.85983328,1,0.89308559,"[0.9512779116630554, 0.9255330562591553, 0.892430305480957]","[0.8598332818771226, 0.8930855924459336, 0.014763402817322144]",0.005585,outputs/c6_sam1_vit_h_pilot/predictions/077_0_p5_visible_points_negatives.png
77:0:p6_visible_points_box_negatives,77,B,Training/Proctocolectomy/9/292854,0,50,p6_visible_points_box_negatives,2,1,True,False,1,0.95541072,0.89957395,1,0.89957395,"[0.9541347622871399, 0.9554107189178467, 0.9492284059524536]","[0.8685258964143426, 0.8995739500912964, 0.7180023228803717]",0.005752,outputs/c6_sam1_vit_h_pilot/predictions/077_0_p6_visible_points_box_negatives.png
77:0:p7_shifted_entry_ablation,77,B,Training/Proctocolectomy/9/292854,0,50,p7_shifted_entry_ablation,2,0,False,False,0,0.95531839,0.86141053,0,0.86141053,"[0.9553183913230896, 0.9118150472640991, 0.864238977432251]","[0.8614105327995072, 0.7716455696202532, 0.012102972780739256]",0.005471,outputs/c6_sam1_vit_h_pilot/predictions/077_0_p7_shifted_entry_ablation.png
77:1:p1_visible_points,77,B,Training/Proctocolectomy/9/292854,1,100,p1_visible_points,1,0,False,False,0,0.98649281,0.89154857,0,0.89154857,"[0.9864928126335144, 0.8861162662506104, 0.8941991329193115]","[0.8915485655029382, 0.4320972239563824, 0.041856356345348844]",0.005499,outputs/c6_sam1_vit_h_pilot/predictions/077_1_p1_visible_points.png
77:1:p2_visible_skeleton,77,B,Training/Proctocolectomy/9/292854,1,100,p2_visible_skeleton,1,0,False,False,0,0.98649281,0.89154857,0,0.89154857,"[0.9864928126335144, 0.8861162662506104, 0.8941991329193115]","[0.8915485655029382, 0.4320972239563824, 0.041856356345348844]",0.005479,outputs/c6_sam1_vit_h_pilot/predictions/077_1_p2_visible_skeleton.png
77:1:p3_visible_box,77,B,Training/Proctocolectomy/9/292854,1,100,p3_visible_box,0,0,True,False,1,0.68487203,0.04026087,1,0.04026087,"[0.5863619446754456, 0.684872031211853, 0.6453840136528015]","[0.018173913043478263, 0.04026086956521739, 0.03350939475279245]",0.004962,outputs/c6_sam1_vit_h_pilot/predictions/077_1_p3_visible_box.png
77:1:p4_visible_points_box,77,B,Training/Proctocolectomy/9/292854,1,100,p4_visible_points_box,1,0,True,False,1,0.83765686,0.07234783,1,0.07234783,"[0.7377932071685791, 0.8376568555831909, 0.8021774291992188]","[0.03808695652173913, 0.07234782608695652, 0.05929403581985741]",0.005746,outputs/c6_sam1_vit_h_pilot/predictions/077_1_p4_visible_points_box.png
77:1:p5_visible_points_negatives,77,B,Training/Proctocolectomy/9/292854,1,100,p5_visible_points_negatives,1,2,False,False,0,0.98891544,0.87681787,1,0.88876404,"[0.9889154434204102, 0.9692726135253906, 0.8697643280029297]","[0.8768178670360111, 0.8887640449438202, 0.04121816369074594]",0.005958,outputs/c6_sam1_vit_h_pilot/predictions/077_1_p5_visible_points_negatives.png
77:1:p6_visible_points_box_negatives,77,B,Training/Proctocolectomy/9/292854,1,100,p6_visible_points_box_negatives,1,2,True,False,2,0.78309774,0.02993321,0,0.06920806,"[0.6610683798789978, 0.7673344612121582, 0.7830977439880371]","[0.069208058353595, 0.052713715970175136, 0.029933206893708254]",0.005768,outputs/c6_sam1_vit_h_pilot/predictions/077_1_p6_visible_points_box_negatives.png
77:1:p7_shifted_entry_ablation,77,B,Training/Proctocolectomy/9/292854,1,100,p7_shifted_entry_ablation,1,0,False,False,0,0.98649281,0.89154857,0,0.89154857,"[0.9864928126335144, 0.8861162662506104, 0.8941991329193115]","[0.8915485655029382, 0.4320972239563824, 0.041856356345348844]",0.005588,outputs/c6_sam1_vit_h_pilot/predictions/077_1_p7_shifted_entry_ablation.png
87:0:p1_visible_points,87,B,Training/Proctocolectomy/9/35356,0,50,p1_visible_points,3,0,False,False,1,0.97523701,0.95178091,1,0.95178091,"[0.9692250490188599, 0.9752370119094849, 0.6914774179458618]","[0.9436268269083872, 0.9517809054417966, 0.1860522303644322]",0.020755,outputs/c6_sam1_vit_h_pilot/predictions/087_0_p1_visible_points.png
87:0:p2_visible_skeleton,87,B,Training/Proctocolectomy/9/35356,0,50,p2_visible_skeleton,14,0,False,False,1,0.97264445,0.94311758,2,0.95233986,"[0.9407411217689514, 0.9726444482803345, 0.9665254354476929]","[0.7520244461420932, 0.9431175841523655, 0.9523398639732007]",0.005887,outputs/c6_sam1_vit_h_pilot/predictions/087_0_p2_visible_skeleton.png
87:0:p3_visible_box,87,B,Training/Proctocolectomy/9/35356,0,50,p3_visible_box,0,0,True,False,1,0.94391751,0.73954673,2,0.77149827,"[0.9008554816246033, 0.9439175128936768, 0.8924305438995361]","[0.3836007130124777, 0.7395467277820219, 0.7714982720065053]",0.004959,outputs/c6_sam1_vit_h_pilot/predictions/087_0_p3_visible_box.png
87:0:p4_visible_points_box,87,B,Training/Proctocolectomy/9/35356,0,50,p4_visible_points_box,3,0,True,False,2,0.95436311,0.81054648,1,0.81936107,"[0.9282402396202087, 0.9533867835998535, 0.9543631076812744]","[0.7216201088892281, 0.8193610743717571, 0.8105464811453922]",0.005863,outputs/c6_sam1_vit_h_pilot/predictions/087_0_p4_visible_points_box.png
87:0:p5_visible_points_negatives,87,B,Training/Proctocolectomy/9/35356,0,50,p5_visible_points_negatives,3,0,False,False,1,0.97523701,0.95178091,1,0.95178091,"[0.9692250490188599, 0.9752370119094849, 0.6914774179458618]","[0.9436268269083872, 0.9517809054417966, 0.1860522303644322]",0.005478,outputs/c6_sam1_vit_h_pilot/predictions/087_0_p5_visible_points_negatives.png
87:0:p6_visible_points_box_negatives,87,B,Training/Proctocolectomy/9/35356,0,50,p6_visible_points_box_negatives,3,0,True,False,2,0.95436311,0.81054648,1,0.81936107,"[0.9282402396202087, 0.9533867835998535, 0.9543631076812744]","[0.7216201088892281, 0.8193610743717571, 0.8105464811453922]",0.006321,outputs/c6_sam1_vit_h_pilot/predictions/087_0_p6_visible_points_box_negatives.png
87:0:p7_shifted_entry_ablation,87,B,Training/Proctocolectomy/9/35356,0,50,p7_shifted_entry_ablation,3,0,False,False,1,0.97523701,0.95178091,1,0.95178091,"[0.9692250490188599, 0.9752370119094849, 0.6914774179458618]","[0.9436268269083872, 0.9517809054417966, 0.1860522303644322]",0.005808,outputs/c6_sam1_vit_h_pilot/predictions/087_0_p7_shifted_entry_ablation.png
196:0:p1_visible_points,196,A,Training/Proctocolectomy/9/36306,0,100,p1_visible_points,4,0,False,False,0,0.95917505,0.86908602,0,0.86908602,"[0.9591750502586365, 0.8274824619293213, 0.6952521800994873]","[0.8690860215053764, 0.77345321187744, 0.17056156260899896]",0.020950,outputs/c6_sam1_vit_h_pilot/predictions/196_0_p1_visible_points.png
196:0:p2_visible_skeleton,196,A,Training/Proctocolectomy/9/36306,0,100,p2_visible_skeleton,17,0,False,False,1,0.94876242,0.86424912,0,0.87702722,"[0.9304661154747009, 0.9487624168395996, 0.9446589946746826]","[0.8770272175997743, 0.8642491237530332, 0.8168761220825853]",0.005932,outputs/c6_sam1_vit_h_pilot/predictions/196_0_p2_visible_skeleton.png
196:0:p3_visible_box,196,A,Training/Proctocolectomy/9/36306,0,100,p3_visible_box,0,0,True,False,1,0.96620250,0.88190817,0,0.88781870,"[0.9593034386634827, 0.9662024974822998, 0.960999608039856]","[0.8878186968838527, 0.8819081660709376, 0.866418307610431]",0.004965,outputs/c6_sam1_vit_h_pilot/predictions/196_0_p3_visible_box.png
196:0:p4_visible_points_box,196,A,Training/Proctocolectomy/9/36306,0,100,p4_visible_points_box,4,0,True,False,1,0.96264172,0.86062764,0,0.86737185,"[0.953829824924469, 0.962641716003418, 0.9505254030227661]","[0.8673718470301057, 0.8606276371308017, 0.8587423512563468]",0.005897,outputs/c6_sam1_vit_h_pilot/predictions/196_0_p4_visible_points_box.png
196:0:p5_visible_points_negatives,196,A,Training/Proctocolectomy/9/36306,0,100,p5_visible_points_negatives,4,4,False,False,0,0.93758780,0.86553825,0,0.86553825,"[0.9375877976417542, 0.826393723487854, 0.7883973121643066]","[0.8655382532159783, 0.7678657074340528, 0.23499534016775397]",0.005939,outputs/c6_sam1_vit_h_pilot/predictions/196_0_p5_visible_points_negatives.png
196:0:p6_visible_points_box_negatives,196,A,Training/Proctocolectomy/9/36306,0,100,p6_visible_points_box_negatives,4,4,True,False,0,0.95053798,0.87290234,0,0.87290234,"[0.9505379796028137, 0.9493849277496338, 0.9443637132644653]","[0.8729023383768914, 0.8574456809750928, 0.8501302083333333]",0.006087,outputs/c6_sam1_vit_h_pilot/predictions/196_0_p6_visible_points_box_negatives.png
196:0:p7_shifted_entry_ablation,196,A,Training/Proctocolectomy/9/36306,0,100,p7_shifted_entry_ablation,4,0,False,False,0,0.95917505,0.86908602,0,0.86908602,"[0.9591750502586365, 0.8274824619293213, 0.6952521800994873]","[0.8690860215053764, 0.77345321187744, 0.17056156260899896]",0.005518,outputs/c6_sam1_vit_h_pilot/predictions/196_0_p7_shifted_entry_ablation.png
196:1:p1_visible_points,196,A,Training/Proctocolectomy/9/36306,1,50,p1_visible_points,4,0,False,False,1,0.97143364,0.93837057,1,0.93837057,"[0.8084392547607422, 0.9714336395263672, 0.9087498188018799]","[0.22613941993167114, 0.9383705745792222, 0.20553132008233235]",0.005460,outputs/c6_sam1_vit_h_pilot/predictions/196_1_p1_visible_points.png
196:1:p2_visible_skeleton,196,A,Training/Proctocolectomy/9/36306,1,50,p2_visible_skeleton,21,0,False,False,2,0.95700657,0.94121276,2,0.94121276,"[0.8666572570800781, 0.9518373012542725, 0.957006573677063]","[0.24114481053167502, 0.9148773841961853, 0.9412127590086004]",0.005874,outputs/c6_sam1_vit_h_pilot/predictions/196_1_p2_visible_skeleton.png
196:1:p3_visible_box,196,A,Training/Proctocolectomy/9/36306,1,50,p3_visible_box,0,0,True,False,1,0.96667314,0.73945761,2,0.88201533,"[0.9180801510810852, 0.9666731357574463, 0.965896487236023]","[0.41086229460520574, 0.7394576123309583, 0.8820153292891133]",0.004934,outputs/c6_sam1_vit_h_pilot/predictions/196_1_p3_visible_box.png
196:1:p4_visible_points_box,196,A,Training/Proctocolectomy/9/36306,1,50,p4_visible_points_box,4,0,True,False,2,0.96491611,0.91404095,2,0.91404095,"[0.7984620928764343, 0.9533778429031372, 0.9649161100387573]","[0.402821089274059, 0.7231104651162791, 0.914040946711195]",0.006113,outputs/c6_sam1_vit_h_pilot/predictions/196_1_p4_visible_points_box.png
196:1:p5_visible_points_negatives,196,A,Training/Proctocolectomy/9/36306,1,50,p5_visible_points_negatives,4,4,False,False,2,0.93407643,0.13553618,1,0.93562527,"[0.6993622779846191, 0.9077098369598389, 0.9340764284133911]","[0.05442056438763587, 0.9356252716997536, 0.13553618119880895]",0.005586,outputs/c6_sam1_vit_h_pilot/predictions/196_1_p5_visible_points_negatives.png
196:1:p6_visible_points_box_negatives,196,A,Training/Proctocolectomy/9/36306,1,50,p6_visible_points_box_negatives,4,4,True,False,2,0.94787443,0.93021567,2,0.93021567,"[0.7620332837104797, 0.9158813953399658, 0.9478744268417358]","[0.3982082623045954, 0.867136679143802, 0.9302156706121559]",0.005796,outputs/c6_sam1_vit_h_pilot/predictions/196_1_p6_visible_points_box_negatives.png
196:1:p7_shifted_entry_ablation,196,A,Training/Proctocolectomy/9/36306,1,50,p7_shifted_entry_ablation,4,0,False,False,1,0.97143364,0.93837057,1,0.93837057,"[0.8084392547607422, 0.9714336395263672, 0.9087498188018799]","[0.22613941993167114, 0.9383705745792222, 0.20553132008233235]",0.005455,outputs/c6_sam1_vit_h_pilot/predictions/196_1_p7_shifted_entry_ablation.png
115:0:p1_visible_points,115,B,Training/Proctocolectomy/9/62540,0,50,p1_visible_points,2,0,False,False,0,0.96500826,0.93271545,0,0.93271545,"[0.9650082588195801, 0.8482890129089355, 0.9557093381881714]","[0.9327154549831488, 0.44807156133828996, 0.029054002270015]",0.020488,outputs/c6_sam1_vit_h_pilot/predictions/115_0_p1_visible_points.png
115:0:p2_visible_skeleton,115,B,Training/Proctocolectomy/9/62540,0,50,p2_visible_skeleton,8,0,False,False,1,0.96133208,0.93455812,1,0.93455812,"[0.9607772827148438, 0.9613320827484131, 0.8997013568878174]","[0.9208964264082374, 0.9345581171950048, 0.06544731544731544]",0.005604,outputs/c6_sam1_vit_h_pilot/predictions/115_0_p2_visible_skeleton.png
115:0:p3_visible_box,115,B,Training/Proctocolectomy/9/62540,0,50,p3_visible_box,0,0,True,False,1,0.96297503,0.92875989,1,0.92875989,"[0.9579046368598938, 0.962975025177002, 0.9312944412231445]","[0.9233474833232262, 0.9287598944591029, 0.7394283476898982]",0.005409,outputs/c6_sam1_vit_h_pilot/predictions/115_0_p3_visible_box.png
115:0:p4_visible_points_box,115,B,Training/Proctocolectomy/9/62540,0,50,p4_visible_points_box,2,0,True,False,1,0.97181928,0.92438676,1,0.92438676,"[0.9698922634124756, 0.971819281578064, 0.9615050554275513]","[0.923485397055274, 0.9243867587520839, 0.7679502607300441]",0.005716,outputs/c6_sam1_vit_h_pilot/predictions/115_0_p4_visible_points_box.png
115:0:p5_visible_points_negatives,115,B,Training/Proctocolectomy/9/62540,0,50,p5_visible_points_negatives,2,4,False,False,0,0.95707685,0.93233722,0,0.93233722,"[0.9570768475532532, 0.9441585540771484, 0.8306355476379395]","[0.9323372206025268, 0.9054916985951469, 0.06975217893520949]",0.005492,outputs/c6_sam1_vit_h_pilot/predictions/115_0_p5_visible_points_negatives.png
115:0:p6_visible_points_box_negatives,115,B,Training/Proctocolectomy/9/62540,0,50,p6_visible_points_box_negatives,2,4,True,False,1,0.96544826,0.93138317,1,0.93138317,"[0.9564381241798401, 0.965448260307312, 0.9501304626464844]","[0.9134288489558038, 0.9313831708197905, 0.9203643157403083]",0.006198,outputs/c6_sam1_vit_h_pilot/predictions/115_0_p6_visible_points_box_negatives.png
115:0:p7_shifted_entry_ablation,115,B,Training/Proctocolectomy/9/62540,0,50,p7_shifted_entry_ablation,2,0,False,False,0,0.96500826,0.93271545,0,0.93271545,"[0.9650082588195801, 0.8482890129089355, 0.9557093381881714]","[0.9327154549831488, 0.44807156133828996, 0.029054002270015]",0.005974,outputs/c6_sam1_vit_h_pilot/predictions/115_0_p7_shifted_entry_ablation.png
115:1:p1_visible_points,115,A,Training/Proctocolectomy/9/62540,1,100,p1_visible_points,4,0,False,False,1,0.96701849,0.68335738,1,0.68335738,"[0.9342395663261414, 0.9670184850692749, 0.8245947360992432]","[0.6602275734321249, 0.683357379275227, 0.046682291147235794]",0.005567,outputs/c6_sam1_vit_h_pilot/predictions/115_1_p1_visible_points.png
115:1:p2_visible_skeleton,115,A,Training/Proctocolectomy/9/62540,1,100,p2_visible_skeleton,17,0,False,False,1,0.95929992,0.66835230,1,0.66835230,"[0.9011418223381042, 0.9592999219894409, 0.9116986989974976]","[0.6423014448149098, 0.6683522966708807, 0.5318506591526617]",0.005839,outputs/c6_sam1_vit_h_pilot/predictions/115_1_p2_visible_skeleton.png
115:1:p3_visible_box,115,A,Training/Proctocolectomy/9/62540,1,100,p3_visible_box,0,0,True,False,1,0.96097720,0.68692481,2,0.70097381,"[0.9542737603187561, 0.9609771966934204, 0.9554611444473267]","[0.6698644604823094, 0.6869248133356486, 0.7009738079247817]",0.004883,outputs/c6_sam1_vit_h_pilot/predictions/115_1_p3_visible_box.png
115:1:p4_visible_points_box,115,A,Training/Proctocolectomy/9/62540,1,100,p4_visible_points_box,4,0,True,False,1,0.96389019,0.68023306,2,0.69762004,"[0.9494502544403076, 0.9638901948928833, 0.9548912048339844]","[0.6787532923617208, 0.6802330562933767, 0.6976200417536534]",0.005710,outputs/c6_sam1_vit_h_pilot/predictions/115_1_p4_visible_points_box.png
115:1:p5_visible_points_negatives,115,A,Training/Proctocolectomy/9/62540,1,100,p5_visible_points_negatives,4,2,False,False,1,0.94879603,0.67585903,1,0.67585903,"[0.9241053462028503, 0.9487960338592529, 0.8527412414550781]","[0.6111748609762556, 0.6758590308370044, 0.11579692984310906]",0.005607,outputs/c6_sam1_vit_h_pilot/predictions/115_1_p5_visible_points_negatives.png
115:1:p6_visible_points_box_negatives,115,A,Training/Proctocolectomy/9/62540,1,100,p6_visible_points_box_negatives,4,2,True,False,1,0.96056497,0.67980989,2,0.69389902,"[0.9469271302223206, 0.9605649709701538, 0.9591044187545776]","[0.6678725844877791, 0.679809892624538, 0.6938990182328191]",0.005762,outputs/c6_sam1_vit_h_pilot/predictions/115_1_p6_visible_points_box_negatives.png
115:1:p7_shifted_entry_ablation,115,A,Training/Proctocolectomy/9/62540,1,100,p7_shifted_entry_ablation,4,0,False,False,1,0.96701849,0.68335738,1,0.68335738,"[0.9342395663261414, 0.9670184850692749, 0.8245947360992432]","[0.6602275734321249, 0.683357379275227, 0.046682291147235794]",0.005480,outputs/c6_sam1_vit_h_pilot/predictions/115_1_p7_shifted_entry_ablation.png
114:0:p1_visible_points,114,A,Training/Proctocolectomy/9/65453,0,50,p1_visible_points,4,0,False,False,1,0.98295915,0.94053900,1,0.94053900,"[0.7778350114822388, 0.9829591512680054, 0.8235011100769043]","[0.9255453618756371, 0.9405390047893498, 0.08728148471263568]",0.020634,outputs/c6_sam1_vit_h_pilot/predictions/114_0_p1_visible_points.png
114:0:p2_visible_skeleton,114,A,Training/Proctocolectomy/9/65453,0,50,p2_visible_skeleton,23,0,False,False,2,0.96479630,0.94083612,2,0.94083612,"[0.9148398041725159, 0.9546993970870972, 0.9647963047027588]","[0.8264930770820418, 0.9399704772839101, 0.9408361176758211]",0.006122,outputs/c6_sam1_vit_h_pilot/predictions/114_0_p2_visible_skeleton.png
114:0:p3_visible_box,114,A,Training/Proctocolectomy/9/65453,0,50,p3_visible_box,0,0,True,False,2,1.00014186,0.94775875,2,0.94775875,"[0.9671608209609985, 0.9992225170135498, 1.0001418590545654]","[0.8836796232805981, 0.9429970778285385, 0.9477587478488896]",0.004891,outputs/c6_sam1_vit_h_pilot/predictions/114_0_p3_visible_box.png
114:0:p4_visible_points_box,114,A,Training/Proctocolectomy/9/65453,0,50,p4_visible_points_box,4,0,True,False,1,0.98000360,0.94573168,1,0.94573168,"[0.9397782683372498, 0.9800035953521729, 0.9647699594497681]","[0.9361108832936931, 0.9457316823995751, 0.9351929782373452]",0.005849,outputs/c6_sam1_vit_h_pilot/predictions/114_0_p4_visible_points_box.png
114:0:p5_visible_points_negatives,114,A,Training/Proctocolectomy/9/65453,0,50,p5_visible_points_negatives,4,0,False,False,1,0.98295915,0.94053900,1,0.94053900,"[0.7778350114822388, 0.9829591512680054, 0.8235011100769043]","[0.9255453618756371, 0.9405390047893498, 0.08728148471263568]",0.005472,outputs/c6_sam1_vit_h_pilot/predictions/114_0_p5_visible_points_negatives.png
114:0:p6_visible_points_box_negatives,114,A,Training/Proctocolectomy/9/65453,0,50,p6_visible_points_box_negatives,4,0,True,False,1,0.98000360,0.94573168,1,0.94573168,"[0.9397782683372498, 0.9800035953521729, 0.9647699594497681]","[0.9361108832936931, 0.9457316823995751, 0.9351929782373452]",0.005720,outputs/c6_sam1_vit_h_pilot/predictions/114_0_p6_visible_points_box_negatives.png
114:0:p7_shifted_entry_ablation,114,A,Training/Proctocolectomy/9/65453,0,50,p7_shifted_entry_ablation,4,0,False,False,1,0.98295915,0.94053900,1,0.94053900,"[0.7778350114822388, 0.9829591512680054, 0.8235011100769043]","[0.9255453618756371, 0.9405390047893498, 0.08728148471263568]",0.005447,outputs/c6_sam1_vit_h_pilot/predictions/114_0_p7_shifted_entry_ablation.png
19:0:p1_visible_points,19,A,Training/Proctocolectomy/9/66228,0,50,p1_visible_points,4,0,False,False,0,0.95612305,0.82698562,0,0.82698562,"[0.9561230540275574, 0.887694239616394, 0.7924007177352905]","[0.826985621362547, 0.7980450697312993, 0.07939062415375212]",0.020401,outputs/c6_sam1_vit_h_pilot/predictions/019_0_p1_visible_points.png
19:0:p2_visible_skeleton,19,A,Training/Proctocolectomy/9/66228,0,50,p2_visible_skeleton,24,0,False,False,1,0.91651940,0.78141334,0,0.78528690,"[0.9037169814109802, 0.9165194034576416, 0.9093362092971802]","[0.7852869011234987, 0.781413343211096, 0.6591189927528972]",0.005909,outputs/c6_sam1_vit_h_pilot/predictions/019_0_p2_visible_skeleton.png
19:0:p3_visible_box,19,A,Training/Proctocolectomy/9/66228,0,50,p3_visible_box,0,0,True,False,1,0.95613110,0.81215726,0,0.81907530,"[0.9518401622772217, 0.956131100654602, 0.938846230506897]","[0.8190753045404208, 0.8121572597654603, 0.5692623418082317]",0.004942,outputs/c6_sam1_vit_h_pilot/predictions/019_0_p3_visible_box.png
19:0:p4_visible_points_box,19,A,Training/Proctocolectomy/9/66228,0,50,p4_visible_points_box,4,0,True,False,1,0.96054173,0.81088266,0,0.84528368,"[0.9487192034721375, 0.9605417251586914, 0.8862701654434204]","[0.8452836832607069, 0.8108826583592939, 0.7765292892782776]",0.005976,outputs/c6_sam1_vit_h_pilot/predictions/019_0_p4_visible_points_box.png
19:0:p5_visible_points_negatives,19,A,Training/Proctocolectomy/9/66228,0,50,p5_visible_points_negatives,4,0,False,False,0,0.95612305,0.82698562,0,0.82698562,"[0.9561230540275574, 0.887694239616394, 0.7924007177352905]","[0.826985621362547, 0.7980450697312993, 0.07939062415375212]",0.005774,outputs/c6_sam1_vit_h_pilot/predictions/019_0_p5_visible_points_negatives.png
19:0:p6_visible_points_box_negatives,19,A,Training/Proctocolectomy/9/66228,0,50,p6_visible_points_box_negatives,4,0,True,False,1,0.96054173,0.81088266,0,0.84528368,"[0.9487192034721375, 0.9605417251586914, 0.8862701654434204]","[0.8452836832607069, 0.8108826583592939, 0.7765292892782776]",0.006305,outputs/c6_sam1_vit_h_pilot/predictions/019_0_p6_visible_points_box_negatives.png
19:0:p7_shifted_entry_ablation,19,A,Training/Proctocolectomy/9/66228,0,50,p7_shifted_entry_ablation,4,0,False,False,0,0.95612305,0.82698562,0,0.82698562,"[0.9561230540275574, 0.887694239616394, 0.7924007177352905]","[0.826985621362547, 0.7980450697312993, 0.07939062415375212]",0.005478,outputs/c6_sam1_vit_h_pilot/predictions/019_0_p7_shifted_entry_ablation.png
186:0:p1_visible_points,186,C,Training/Proctocolectomy/9/66478,0,50,p1_visible_points,1,0,False,False,0,0.93377107,0.85471509,0,0.85471509,"[0.9337710738182068, 0.8994930982589722, 0.5408015251159668]","[0.8547150949683439, 0.5260305786723437, 0.010686743236064554]",0.020495,outputs/c6_sam1_vit_h_pilot/predictions/186_0_p1_visible_points.png
186:0:p2_visible_skeleton,186,C,Training/Proctocolectomy/9/66478,0,50,p2_visible_skeleton,1,0,False,False,0,0.93377107,0.85471509,0,0.85471509,"[0.9337710738182068, 0.8994930982589722, 0.5408015251159668]","[0.8547150949683439, 0.5260305786723437, 0.010686743236064554]",0.005439,outputs/c6_sam1_vit_h_pilot/predictions/186_0_p2_visible_skeleton.png
186:0:p3_visible_box,186,C,Training/Proctocolectomy/9/66478,0,50,p3_visible_box,0,0,True,False,1,0.88850760,0.20326558,2,0.24225258,"[0.780860960483551, 0.888507604598999, 0.8634216785430908]","[0.16727757414195268, 0.2032655781406198, 0.24225258247250916]",0.004868,outputs/c6_sam1_vit_h_pilot/predictions/186_0_p3_visible_box.png
186:0:p4_visible_points_box,186,C,Training/Proctocolectomy/9/66478,0,50,p4_visible_points_box,1,0,True,False,1,0.92336786,0.21726091,2,0.25391536,"[0.8707554340362549, 0.9233678579330444, 0.8985785245895386]","[0.18593802065978007, 0.21726091302899034, 0.2539153615461513]",0.006476,outputs/c6_sam1_vit_h_pilot/predictions/186_0_p4_visible_points_box.png
186:0:p5_visible_points_negatives,186,C,Training/Proctocolectomy/9/66478,0,50,p5_visible_points_negatives,1,0,False,False,0,0.93377107,0.85471509,0,0.85471509,"[0.9337710738182068, 0.8994930982589722, 0.5408015251159668]","[0.8547150949683439, 0.5260305786723437, 0.010686743236064554]",0.005852,outputs/c6_sam1_vit_h_pilot/predictions/186_0_p5_visible_points_negatives.png
186:0:p6_visible_points_box_negatives,186,C,Training/Proctocolectomy/9/66478,0,50,p6_visible_points_box_negatives,1,0,True,False,1,0.92336786,0.21726091,2,0.25391536,"[0.8707554340362549, 0.9233678579330444, 0.8985785245895386]","[0.18593802065978007, 0.21726091302899034, 0.2539153615461513]",0.007397,outputs/c6_sam1_vit_h_pilot/predictions/186_0_p6_visible_points_box_negatives.png
186:0:p7_shifted_entry_ablation,186,C,Training/Proctocolectomy/9/66478,0,50,p7_shifted_entry_ablation,2,0,False,True,0,0.93739158,0.84205265,0,0.84205265,"[0.9373915791511536, 0.9327210187911987, 0.6099237203598022]","[0.842052649116961, 0.5215320121951219, 0.011338456461270095]",0.005474,outputs/c6_sam1_vit_h_pilot/predictions/186_0_p7_shifted_entry_ablation.png
122:0:p1_visible_points,122,C,Training/Proctocolectomy/9/68266,0,50,p1_visible_points,1,0,False,False,1,0.88340950,0.78114580,1,0.78114580,"[0.7707439661026001, 0.8834095001220703, 0.8212308883666992]","[0.21032863849765257, 0.7811458017581085, 0.011406356017678018]",0.020400,outputs/c6_sam1_vit_h_pilot/predictions/122_0_p1_visible_points.png
122:0:p2_visible_skeleton,122,C,Training/Proctocolectomy/9/68266,0,50,p2_visible_skeleton,1,0,False,False,1,0.88340950,0.78114580,1,0.78114580,"[0.7707439661026001, 0.8834095001220703, 0.8212308883666992]","[0.21032863849765257, 0.7811458017581085, 0.011406356017678018]",0.005568,outputs/c6_sam1_vit_h_pilot/predictions/122_0_p2_visible_skeleton.png
122:0:p3_visible_box,122,C,Training/Proctocolectomy/9/68266,0,50,p3_visible_box,0,0,True,False,1,0.78845155,0.13239602,2,0.20691676,"[0.6779014468193054, 0.7884515523910522, 0.7714748382568359]","[0.20187793427230047, 0.13239601640304627, 0.20691676436107856]",0.004943,outputs/c6_sam1_vit_h_pilot/predictions/122_0_p3_visible_box.png
122:0:p4_visible_points_box,122,C,Training/Proctocolectomy/9/68266,0,50,p4_visible_points_box,1,0,True,False,1,0.84038091,0.14540146,0,0.21439750,"[0.7897115349769592, 0.8403809070587158, 0.8370355367660522]","[0.21439749608763695, 0.1454014598540146, 0.1968299711815562]",0.005840,outputs/c6_sam1_vit_h_pilot/predictions/122_0_p4_visible_points_box.png
122:0:p5_visible_points_negatives,122,C,Training/Proctocolectomy/9/68266,0,50,p5_visible_points_negatives,1,4,False,False,2,0.91514194,0.01904921,1,0.23233423,"[0.7725093364715576, 0.7215033769607544, 0.9151419401168823]","[0.2260026806887308, 0.23233422638981915, 0.019049209387162657]",0.005572,outputs/c6_sam1_vit_h_pilot/predictions/122_0_p5_visible_points_negatives.png
122:0:p6_visible_points_box_negatives,122,C,Training/Proctocolectomy/9/68266,0,50,p6_visible_points_box_negatives,1,4,True,False,1,0.91432786,0.12246445,0,0.15216068,"[0.9128990769386292, 0.91432785987854, 0.9107558727264404]","[0.15216068167985392, 0.12246445497630332, 0.14299082912221597]",0.005743,outputs/c6_sam1_vit_h_pilot/predictions/122_0_p6_visible_points_box_negatives.png
122:0:p7_shifted_entry_ablation,122,C,Training/Proctocolectomy/9/68266,0,50,p7_shifted_entry_ablation,2,0,False,True,0,0.91694891,0.79512938,0,0.79512938,"[0.9169489145278931, 0.8201555013656616, 0.8833998441696167]","[0.7951293759512937, 0.21264239446057628, 0.011489788889784493]",0.005444,outputs/c6_sam1_vit_h_pilot/predictions/122_0_p7_shifted_entry_ablation.png
122:1:p1_visible_points,122,A,Training/Proctocolectomy/9/68266,1,100,p1_visible_points,4,0,False,False,2,0.96376765,0.11706244,0,0.83108858,"[0.9346161484718323, 0.8407065868377686, 0.9637676477432251]","[0.8310885802561718, 0.13944560934583747, 0.1170624389136793]",0.005965,outputs/c6_sam1_vit_h_pilot/predictions/122_1_p1_visible_points.png
122:1:p2_visible_skeleton,122,A,Training/Proctocolectomy/9/68266,1,100,p2_visible_skeleton,28,0,False,False,1,0.91234636,0.85369896,1,0.85369896,"[0.8915882110595703, 0.912346363067627, 0.8993439674377441]","[0.8020647698641922, 0.8536989603736628, 0.20981547240296394]",0.005917,outputs/c6_sam1_vit_h_pilot/predictions/122_1_p2_visible_skeleton.png
122:1:p3_visible_box,122,A,Training/Proctocolectomy/9/68266,1,100,p3_visible_box,0,0,True,False,1,0.96888053,0.84156359,2,0.86911060,"[0.9467822909355164, 0.9688805341720581, 0.9652436971664429]","[0.7462561622174682, 0.841563594655755, 0.8691105955143078]",0.004929,outputs/c6_sam1_vit_h_pilot/predictions/122_1_p3_visible_box.png
122:1:p4_visible_points_box,122,A,Training/Proctocolectomy/9/68266,1,100,p4_visible_points_box,4,0,True,False,1,0.94796252,0.84486631,0,0.85722224,"[0.9369825720787048, 0.9479625225067139, 0.8868662118911743]","[0.857222239372704, 0.8448663053567685, 0.7870860468338645]",0.005755,outputs/c6_sam1_vit_h_pilot/predictions/122_1_p4_visible_points_box.png
122:1:p5_visible_points_negatives,122,A,Training/Proctocolectomy/9/68266,1,100,p5_visible_points_negatives,4,1,False,False,0,0.93622077,0.82944268,1,0.84026642,"[0.9362207651138306, 0.8275350332260132, 0.8797039985656738]","[0.8294426790515766, 0.840266420861705, 0.15085002328830927]",0.005513,outputs/c6_sam1_vit_h_pilot/predictions/122_1_p5_visible_points_negatives.png
122:1:p6_visible_points_box_negatives,122,A,Training/Proctocolectomy/9/68266,1,100,p6_visible_points_box_negatives,4,1,True,False,1,0.95101869,0.83591006,0,0.84865266,"[0.933013916015625, 0.9510186910629272, 0.855381965637207]","[0.8486526621910095, 0.8359100597400259, 0.8258271017448447]",0.005693,outputs/c6_sam1_vit_h_pilot/predictions/122_1_p6_visible_points_box_negatives.png
122:1:p7_shifted_entry_ablation,122,A,Training/Proctocolectomy/9/68266,1,100,p7_shifted_entry_ablation,4,0,False,False,2,0.96376765,0.11706244,0,0.83108858,"[0.9346161484718323, 0.8407065868377686, 0.9637676477432251]","[0.8310885802561718, 0.13944560934583747, 0.1170624389136793]",0.005587,outputs/c6_sam1_vit_h_pilot/predictions/122_1_p7_shifted_entry_ablation.png
123:0:p1_visible_points,123,D,Training/Proctocolectomy/9/68741,0,50,p1_visible_points,1,0,False,False,0,0.93326408,0.94241994,0,0.94241994,"[0.9332640767097473, 0.8817194700241089, 0.8926663398742676]","[0.9424199400536363, 0.05540258656654151, 0.04518529220544679]",0.020662,outputs/c6_sam1_vit_h_pilot/predictions/123_0_p1_visible_points.png
123:0:p2_visible_skeleton,123,D,Training/Proctocolectomy/9/68741,0,50,p2_visible_skeleton,1,0,False,False,0,0.93326408,0.94241994,0,0.94241994,"[0.9332640767097473, 0.8817194700241089, 0.8926663398742676]","[0.9424199400536363, 0.05540258656654151, 0.04518529220544679]",0.006217,outputs/c6_sam1_vit_h_pilot/predictions/123_0_p2_visible_skeleton.png
123:0:p3_visible_box,123,D,Training/Proctocolectomy/9/68741,0,50,p3_visible_box,0,0,True,False,1,0.78282964,0.00563837,2,0.01770671,"[0.6603250503540039, 0.7828296422958374, 0.7611216306686401]","[0.009747348721147847, 0.005638371823588476, 0.017706708268330734]",0.005347,outputs/c6_sam1_vit_h_pilot/predictions/123_0_p3_visible_box.png
123:0:p4_visible_points_box,123,D,Training/Proctocolectomy/9/68741,0,50,p4_visible_points_box,1,0,True,False,1,0.85185075,0.01282745,2,0.02833126,"[0.7967948317527771, 0.8518507480621338, 0.8106787204742432]","[0.02797093522931479, 0.012827447647013369, 0.028331257783312577]",0.005735,outputs/c6_sam1_vit_h_pilot/predictions/123_0_p4_visible_points_box.png
123:0:p5_visible_points_negatives,123,D,Training/Proctocolectomy/9/68741,0,50,p5_visible_points_negatives,1,4,False,False,1,0.91188300,0.94055972,1,0.94055972,"[0.6216141581535339, 0.9118829965591431, 0.7314752340316772]","[0.11813824029689192, 0.9405597162002365, 0.499436029648727]",0.005490,outputs/c6_sam1_vit_h_pilot/predictions/123_0_p5_visible_points_negatives.png
123:0:p6_visible_points_box_negatives,123,D,Training/Proctocolectomy/9/68741,0,50,p6_visible_points_box_negatives,1,4,True,False,1,0.80023658,0.01265921,0,0.05241107,"[0.7609528303146362, 0.8002365827560425, 0.7849811315536499]","[0.052411067193675887, 0.012659210935073004, 0.029709864603481625]",0.005768,outputs/c6_sam1_vit_h_pilot/predictions/123_0_p6_visible_points_box_negatives.png
123:0:p7_shifted_entry_ablation,123,D,Training/Proctocolectomy/9/68741,0,50,p7_shifted_entry_ablation,2,0,False,True,0,0.97642207,0.93551697,0,0.93551697,"[0.9764220714569092, 0.7731823921203613, 0.8137567043304443]","[0.9355169692186267, 0.2248044816684231, 0.08827808193184294]",0.005485,outputs/c6_sam1_vit_h_pilot/predictions/123_0_p7_shifted_entry_ablation.png
123:1:p1_visible_points,123,D,Training/Proctocolectomy/9/68741,1,100,p1_visible_points,4,0,False,False,1,0.94417846,0.72684901,1,0.72684901,"[0.931693971157074, 0.9441784620285034, 0.8720335960388184]","[0.6804717745565859, 0.7268490102808041, 0.22243000363617474]",0.005499,outputs/c6_sam1_vit_h_pilot/predictions/123_1_p1_visible_points.png
123:1:p2_visible_skeleton,123,D,Training/Proctocolectomy/9/68741,1,100,p2_visible_skeleton,24,0,False,False,2,0.94845653,0.69217798,2,0.69217798,"[0.9299842715263367, 0.9406642913818359, 0.9484565258026123]","[0.6176192193275039, 0.6496355291576674, 0.6921779796299211]",0.005831,outputs/c6_sam1_vit_h_pilot/predictions/123_1_p2_visible_skeleton.png
123:1:p3_visible_box,123,D,Training/Proctocolectomy/9/68741,1,100,p3_visible_box,0,0,True,False,1,0.97745872,0.64461545,2,0.67136657,"[0.9559157490730286, 0.9774587154388428, 0.9742276668548584]","[0.5986893958159749, 0.6446154538499618, 0.6713665699700915]",0.004911,outputs/c6_sam1_vit_h_pilot/predictions/123_1_p3_visible_box.png
123:1:p4_visible_points_box,123,D,Training/Proctocolectomy/9/68741,1,100,p4_visible_points_box,4,0,True,False,2,0.97130322,0.70920075,2,0.70920075,"[0.9313793778419495, 0.9674593210220337, 0.9713032245635986]","[0.5748823807487112, 0.674286870321667, 0.7092007455815311]",0.005689,outputs/c6_sam1_vit_h_pilot/predictions/123_1_p4_visible_points_box.png
123:1:p5_visible_points_negatives,123,D,Training/Proctocolectomy/9/68741,1,100,p5_visible_points_negatives,4,1,False,False,1,0.94488835,0.72912108,1,0.72912108,"[0.93376624584198, 0.9448883533477783, 0.8697980642318726]","[0.6569221413932118, 0.7291210812694847, 0.4424826789838337]",0.005880,outputs/c6_sam1_vit_h_pilot/predictions/123_1_p5_visible_points_negatives.png
123:1:p6_visible_points_box_negatives,123,D,Training/Proctocolectomy/9/68741,1,100,p6_visible_points_box_negatives,4,1,True,False,2,0.97440219,0.70893042,2,0.70893042,"[0.8935787081718445, 0.9678590297698975, 0.9744021892547607]","[0.48830244759181285, 0.6647023099934771, 0.7089304164233413]",0.005710,outputs/c6_sam1_vit_h_pilot/predictions/123_1_p6_visible_points_box_negatives.png
123:1:p7_shifted_entry_ablation,123,D,Training/Proctocolectomy/9/68741,1,100,p7_shifted_entry_ablation,4,0,False,False,1,0.94417846,0.72684901,1,0.72684901,"[0.931693971157074, 0.9441784620285034, 0.8720335960388184]","[0.6804717745565859, 0.7268490102808041, 0.22243000363617474]",0.005469,outputs/c6_sam1_vit_h_pilot/predictions/123_1_p7_shifted_entry_ablation.png
69:0:p1_visible_points,69,B,Training/Proctocolectomy/9/72421,0,50,p1_visible_points,3,0,False,False,2,0.98081219,0.04247326,0,0.79246381,"[0.9570920467376709, 0.9423274993896484, 0.9808121919631958]","[0.7924638102858805, 0.7840215694621825, 0.04247325778146482]",0.020489,outputs/c6_sam1_vit_h_pilot/predictions/069_0_p1_visible_points.png
69:0:p2_visible_skeleton,69,B,Training/Proctocolectomy/9/72421,0,50,p2_visible_skeleton,14,0,False,False,1,0.95394170,0.77737226,0,0.83136048,"[0.9086374044418335, 0.9539417028427124, 0.9328964948654175]","[0.8313604797979798, 0.7773722627737226, 0.05483094425267436]",0.005914,outputs/c6_sam1_vit_h_pilot/predictions/069_0_p2_visible_skeleton.png
69:0:p3_visible_box,69,B,Training/Proctocolectomy/9/72421,0,50,p3_visible_box,0,0,True,False,2,0.97245789,0.77916371,0,0.79478303,"[0.933683454990387, 0.9627786874771118, 0.9724578857421875]","[0.7947830287416472, 0.792361720807726, 0.7791637136782423]",0.004947,outputs/c6_sam1_vit_h_pilot/predictions/069_0_p3_visible_box.png
69:0:p4_visible_points_box,69,B,Training/Proctocolectomy/9/72421,0,50,p4_visible_points_box,3,0,True,False,1,0.96299934,0.78127909,0,0.80578975,"[0.9486435055732727, 0.9629993438720703, 0.953615665435791]","[0.8057897485637544, 0.7812790947504118, 0.7699250208275479]",0.005728,outputs/c6_sam1_vit_h_pilot/predictions/069_0_p4_visible_points_box.png
69:0:p5_visible_points_negatives,69,B,Training/Proctocolectomy/9/72421,0,50,p5_visible_points_negatives,3,0,False,False,2,0.98081219,0.04247326,0,0.79246381,"[0.9570920467376709, 0.9423274993896484, 0.9808121919631958]","[0.7924638102858805, 0.7840215694621825, 0.04247325778146482]",0.005439,outputs/c6_sam1_vit_h_pilot/predictions/069_0_p5_visible_points_negatives.png
69:0:p6_visible_points_box_negatives,69,B,Training/Proctocolectomy/9/72421,0,50,p6_visible_points_box_negatives,3,0,True,False,1,0.96299934,0.78127909,0,0.80578975,"[0.9486435055732727, 0.9629993438720703, 0.953615665435791]","[0.8057897485637544, 0.7812790947504118, 0.7699250208275479]",0.005691,outputs/c6_sam1_vit_h_pilot/predictions/069_0_p6_visible_points_box_negatives.png
69:0:p7_shifted_entry_ablation,69,B,Training/Proctocolectomy/9/72421,0,50,p7_shifted_entry_ablation,3,0,False,False,2,0.98081219,0.04247326,0,0.79246381,"[0.9570920467376709, 0.9423274993896484, 0.9808121919631958]","[0.7924638102858805, 0.7840215694621825, 0.04247325778146482]",0.005455,outputs/c6_sam1_vit_h_pilot/predictions/069_0_p7_shifted_entry_ablation.png
185:0:p1_visible_points,185,B,Training/Proctocolectomy/9/74625,0,50,p1_visible_points,3,0,False,False,1,0.97050965,0.80909404,1,0.80909404,"[0.9507289528846741, 0.9705096483230591, 0.8879004716873169]","[0.7858711143638535, 0.8090940380129259, 0.08803665365688104]",0.020418,outputs/c6_sam1_vit_h_pilot/predictions/185_0_p1_visible_points.png
185:0:p2_visible_skeleton,185,B,Training/Proctocolectomy/9/74625,0,50,p2_visible_skeleton,20,0,False,False,2,0.94821823,0.80822489,2,0.80822489,"[0.9040927886962891, 0.9471451044082642, 0.9482182264328003]","[0.7059302957385702, 0.7596464258262875, 0.8082248947228651]",0.005897,outputs/c6_sam1_vit_h_pilot/predictions/185_0_p2_visible_skeleton.png
185:0:p3_visible_box,185,B,Training/Proctocolectomy/9/74625,0,50,p3_visible_box,0,0,True,False,2,0.97633064,0.81286661,2,0.81286661,"[0.9546818137168884, 0.9747216701507568, 0.9763306379318237]","[0.7721675830558352, 0.7918955252544652, 0.8128666108021635]",0.004909,outputs/c6_sam1_vit_h_pilot/predictions/185_0_p3_visible_box.png
185:0:p4_visible_points_box,185,B,Training/Proctocolectomy/9/74625,0,50,p4_visible_points_box,3,0,True,False,1,0.96793568,0.80527120,2,0.81561600,"[0.9510084986686707, 0.9679356813430786, 0.9410827159881592]","[0.7839993834059116, 0.8052711993888464, 0.8156160024246097]",0.005728,outputs/c6_sam1_vit_h_pilot/predictions/185_0_p4_visible_points_box.png
185:0:p5_visible_points_negatives,185,B,Training/Proctocolectomy/9/74625,0,50,p5_visible_points_negatives,3,0,False,False,1,0.97050965,0.80909404,1,0.80909404,"[0.9507289528846741, 0.9705096483230591, 0.8879004716873169]","[0.7858711143638535, 0.8090940380129259, 0.08803665365688104]",0.005506,outputs/c6_sam1_vit_h_pilot/predictions/185_0_p5_visible_points_negatives.png
185:0:p6_visible_points_box_negatives,185,B,Training/Proctocolectomy/9/74625,0,50,p6_visible_points_box_negatives,3,0,True,False,1,0.96793568,0.80527120,2,0.81561600,"[0.9510084986686707, 0.9679356813430786, 0.9410827159881592]","[0.7839993834059116, 0.8052711993888464, 0.8156160024246097]",0.005908,outputs/c6_sam1_vit_h_pilot/predictions/185_0_p6_visible_points_box_negatives.png
185:0:p7_shifted_entry_ablation,185,B,Training/Proctocolectomy/9/74625,0,50,p7_shifted_entry_ablation,3,0,False,False,1,0.97050965,0.80909404,1,0.80909404,"[0.9507289528846741, 0.9705096483230591, 0.8879004716873169]","[0.7858711143638535, 0.8090940380129259, 0.08803665365688104]",0.005474,outputs/c6_sam1_vit_h_pilot/predictions/185_0_p7_shifted_entry_ablation.png
194:0:p1_visible_points,194,C,Training/Proctocolectomy/9/75350,0,50,p1_visible_points,2,0,False,False,1,0.99274457,0.04119536,0,0.07555959,"[0.7845989465713501, 0.9927445650100708, 0.9751781225204468]","[0.07555958714359264, 0.04119535819443889, 0.011128890948453757]",0.024362,outputs/c6_sam1_vit_h_pilot/predictions/194_0_p1_visible_points.png
194:0:p2_visible_skeleton,194,C,Training/Proctocolectomy/9/75350,0,50,p2_visible_skeleton,2,0,False,False,1,0.99274457,0.04119536,0,0.07555959,"[0.7845989465713501, 0.9927445650100708, 0.9751781225204468]","[0.07555958714359264, 0.04119535819443889, 0.011128890948453757]",0.005576,outputs/c6_sam1_vit_h_pilot/predictions/194_0_p2_visible_skeleton.png
194:0:p3_visible_box,194,C,Training/Proctocolectomy/9/75350,0,50,p3_visible_box,0,0,True,False,2,0.83421540,0.22185006,0,0.30365719,"[0.6928607821464539, 0.8051966428756714, 0.8342154026031494]","[0.3036571850757296, 0.25093407255634564, 0.22185006403310017]",0.004865,outputs/c6_sam1_vit_h_pilot/predictions/194_0_p3_visible_box.png
194:0:p4_visible_points_box,194,C,Training/Proctocolectomy/9/75350,0,50,p4_visible_points_box,2,0,True,False,2,0.91670203,0.19790192,0,0.25307024,"[0.843235433101654, 0.8914530277252197, 0.9167020320892334]","[0.25307023595970746, 0.23865511551155116, 0.1979019232370327]",0.008572,outputs/c6_sam1_vit_h_pilot/predictions/194_0_p4_visible_points_box.png
194:0:p5_visible_points_negatives,194,C,Training/Proctocolectomy/9/75350,0,50,p5_visible_points_negatives,2,0,False,False,1,0.99274457,0.04119536,0,0.07555959,"[0.7845989465713501, 0.9927445650100708, 0.9751781225204468]","[0.07555958714359264, 0.04119535819443889, 0.011128890948453757]",0.005595,outputs/c6_sam1_vit_h_pilot/predictions/194_0_p5_visible_points_negatives.png
194:0:p6_visible_points_box_negatives,194,C,Training/Proctocolectomy/9/75350,0,50,p6_visible_points_box_negatives,2,0,True,False,2,0.91670203,0.19790192,0,0.25307024,"[0.843235433101654, 0.8914530277252197, 0.9167020320892334]","[0.25307023595970746, 0.23865511551155116, 0.1979019232370327]",0.005682,outputs/c6_sam1_vit_h_pilot/predictions/194_0_p6_visible_points_box_negatives.png
194:0:p7_shifted_entry_ablation,194,C,Training/Proctocolectomy/9/75350,0,50,p7_shifted_entry_ablation,3,0,False,True,1,0.99696386,0.04100858,0,0.07963619,"[0.8027758002281189, 0.9969638586044312, 0.9848703145980835]","[0.07963618511149582, 0.04100858226332247, 0.011105092091007584]",0.005440,outputs/c6_sam1_vit_h_pilot/predictions/194_0_p7_shifted_entry_ablation.png
15:0:p1_visible_points,15,B,Training/Proctocolectomy/9/89106,0,50,p1_visible_points,2,0,False,False,1,0.97558939,0.89148718,1,0.89148718,"[0.9200379252433777, 0.975589394569397, 0.7594286203384399]","[0.8609381486093814, 0.8914871794871795, 0.017295133923964798]",0.020466,outputs/c6_sam1_vit_h_pilot/predictions/015_0_p1_visible_points.png
15:0:p2_visible_skeleton,15,B,Training/Proctocolectomy/9/89106,0,50,p2_visible_skeleton,7,0,False,False,1,0.97110140,0.88918641,1,0.88918641,"[0.8877399563789368, 0.9711014032363892, 0.9147989749908447]","[0.8526841448189763, 0.8891864057672503, 0.019751591976608387]",0.005546,outputs/c6_sam1_vit_h_pilot/predictions/015_0_p2_visible_skeleton.png
15:0:p3_visible_box,15,B,Training/Proctocolectomy/9/89106,0,50,p3_visible_box,0,0,True,False,1,0.97507453,0.88511427,2,0.89502650,"[0.9685421586036682, 0.9750745296478271, 0.9715883731842041]","[0.8763975155279503, 0.8851142680667079, 0.8950264981655116]",0.005245,outputs/c6_sam1_vit_h_pilot/predictions/015_0_p3_visible_box.png
15:0:p4_visible_points_box,15,B,Training/Proctocolectomy/9/89106,0,50,p4_visible_points_box,2,0,True,False,2,0.97621799,0.89595611,2,0.89595611,"[0.9696734547615051, 0.9760353565216064, 0.9762179851531982]","[0.8786498239801201, 0.8876774326270315, 0.8959561064824223]",0.005748,outputs/c6_sam1_vit_h_pilot/predictions/015_0_p4_visible_points_box.png
15:0:p5_visible_points_negatives,15,B,Training/Proctocolectomy/9/89106,0,50,p5_visible_points_negatives,2,1,False,False,1,0.97059286,0.88973150,1,0.88973150,"[0.9105684161186218, 0.9705928564071655, 0.7797502279281616]","[0.8716090287844274, 0.8897315023570403, 0.01920820512820513]",0.005578,outputs/c6_sam1_vit_h_pilot/predictions/015_0_p5_visible_points_negatives.png
15:0:p6_visible_points_box_negatives,15,B,Training/Proctocolectomy/9/89106,0,50,p6_visible_points_box_negatives,2,1,True,False,2,0.97720802,0.89535591,2,0.89535591,"[0.9707679152488708, 0.9767757654190063, 0.9772080183029175]","[0.8816225165562914, 0.8872226787181594, 0.8953559115798012]",0.006054,outputs/c6_sam1_vit_h_pilot/predictions/015_0_p6_visible_points_box_negatives.png
15:0:p7_shifted_entry_ablation,15,B,Training/Proctocolectomy/9/89106,0,50,p7_shifted_entry_ablation,2,0,False,False,1,0.97558939,0.89148718,1,0.89148718,"[0.9200379252433777, 0.975589394569397, 0.7594286203384399]","[0.8609381486093814, 0.8914871794871795, 0.017295133923964798]",0.005914,outputs/c6_sam1_vit_h_pilot/predictions/015_0_p7_shifted_entry_ablation.png
15:1:p1_visible_points,15,C,Training/Proctocolectomy/9/89106,1,100,p1_visible_points,1,0,False,False,0,0.97170919,0.89170379,0,0.89170379,"[0.9717091917991638, 0.7478258609771729, 0.5193518400192261]","[0.8917037861915368, 0.12100176216158488, 0.03656056635166437]",0.005491,outputs/c6_sam1_vit_h_pilot/predictions/015_1_p1_visible_points.png
15:1:p2_visible_skeleton,15,C,Training/Proctocolectomy/9/89106,1,100,p2_visible_skeleton,1,0,False,False,0,0.97170919,0.89170379,0,0.89170379,"[0.9717091917991638, 0.7478258609771729, 0.5193518400192261]","[0.8917037861915368, 0.12100176216158488, 0.03656056635166437]",0.005546,outputs/c6_sam1_vit_h_pilot/predictions/015_1_p2_visible_skeleton.png
15:1:p3_visible_box,15,C,Training/Proctocolectomy/9/89106,1,100,p3_visible_box,0,0,True,False,1,0.89835358,0.18143813,1,0.18143813,"[0.8153790235519409, 0.8983535766601562, 0.8526809215545654]","[0.10673372450405141, 0.181438127090301, 0.15885777654560576]",0.004856,outputs/c6_sam1_vit_h_pilot/predictions/015_1_p3_visible_box.png
15:1:p4_visible_points_box,15,C,Training/Proctocolectomy/9/89106,1,100,p4_visible_points_box,1,0,True,False,1,0.92557693,0.19052925,1,0.19052925,"[0.8764650821685791, 0.92557692527771, 0.9013347625732422]","[0.13439508242525844, 0.1905292479108635, 0.18076605125378892]",0.005788,outputs/c6_sam1_vit_h_pilot/predictions/015_1_p4_visible_points_box.png
15:1:p5_visible_points_negatives,15,C,Training/Proctocolectomy/9/89106,1,100,p5_visible_points_negatives,1,2,False,False,0,0.97156924,0.88721805,0,0.88721805,"[0.9715692400932312, 0.8187335729598999, 0.6391599178314209]","[0.8872180451127819, 0.1972765564595234, 0.05454187127395753]",0.005469,outputs/c6_sam1_vit_h_pilot/predictions/015_1_p5_visible_points_negatives.png
15:1:p6_visible_points_box_negatives,15,C,Training/Proctocolectomy/9/89106,1,100,p6_visible_points_box_negatives,1,2,True,False,1,0.87336326,0.21534170,1,0.21534170,"[0.7646043300628662, 0.8733632564544678, 0.8296481370925903]","[0.11597435182603848, 0.21534170153417015, 0.12316561844863731]",0.005737,outputs/c6_sam1_vit_h_pilot/predictions/015_1_p6_visible_points_box_negatives.png
15:1:p7_shifted_entry_ablation,15,C,Training/Proctocolectomy/9/89106,1,100,p7_shifted_entry_ablation,2,0,False,True,0,0.98903459,0.88012267,1,0.91504720,"[0.9890345931053162, 0.9798599481582642, 0.5939275026321411]","[0.880122665179816, 0.915047196002221, 0.01980515318548904]",0.005463,outputs/c6_sam1_vit_h_pilot/predictions/015_1_p7_shifted_entry_ablation.png
109:0:p1_visible_points,109,C,Training/Rectal resection/1/34500,0,50,p1_visible_points,2,0,False,False,2,0.96197140,0.12327942,0,0.60679572,"[0.7817696928977966, 0.8898168802261353, 0.9619714021682739]","[0.6067957228420162, 0.322094065837547, 0.12327941628121249]",0.020394,outputs/c6_sam1_vit_h_pilot/predictions/109_0_p1_visible_points.png
109:0:p2_visible_skeleton,109,C,Training/Rectal resection/1/34500,0,50,p2_visible_skeleton,13,0,False,False,2,0.92264223,0.37454810,1,0.54209155,"[0.7058014273643494, 0.8753601312637329, 0.9226422309875488]","[0.2797700754975978, 0.542091546528223, 0.3745481043374909]",0.006062,outputs/c6_sam1_vit_h_pilot/predictions/109_0_p2_visible_skeleton.png
109:0:p3_visible_box,109,C,Training/Rectal resection/1/34500,0,50,p3_visible_box,0,0,True,False,2,0.84351873,0.27353283,1,0.29577563,"[0.692631721496582, 0.8369557857513428, 0.8435187339782715]","[0.28999293969008955, 0.29577563051592426, 0.27353282975014526]",0.004929,outputs/c6_sam1_vit_h_pilot/predictions/109_0_p3_visible_box.png
109:0:p4_visible_points_box,109,C,Training/Rectal resection/1/34500,0,50,p4_visible_points_box,2,0,True,False,2,0.88422966,0.28960304,1,0.29209923,"[0.7430751919746399, 0.8704867362976074, 0.8842296600341797]","[0.26982597253368423, 0.2920992314952137, 0.2896030428546102]",0.006155,outputs/c6_sam1_vit_h_pilot/predictions/109_0_p4_visible_points_box.png
109:0:p5_visible_points_negatives,109,C,Training/Rectal resection/1/34500,0,50,p5_visible_points_negatives,2,3,False,False,2,0.90808678,0.17503841,0,0.73838995,"[0.7036129832267761, 0.8436331748962402, 0.9080867767333984]","[0.7383899530177087, 0.5352921310368118, 0.17503840880181057]",0.006910,outputs/c6_sam1_vit_h_pilot/predictions/109_0_p5_visible_points_negatives.png
109:0:p6_visible_points_box_negatives,109,C,Training/Rectal resection/1/34500,0,50,p6_visible_points_box_negatives,2,3,True,False,2,0.86870074,0.31558685,1,0.31585625,"[0.7278934121131897, 0.8578803539276123, 0.8687007427215576]","[0.12920979734655197, 0.31585625128592004, 0.3155868497036624]",0.006565,outputs/c6_sam1_vit_h_pilot/predictions/109_0_p6_visible_points_box_negatives.png
109:0:p7_shifted_entry_ablation,109,C,Training/Rectal resection/1/34500,0,50,p7_shifted_entry_ablation,3,0,False,True,2,0.96232951,0.12325733,0,0.60820805,"[0.924094021320343, 0.9132667779922485, 0.9623295068740845]","[0.6082080455099553, 0.3252527247367836, 0.12325733414287475]",0.006699,outputs/c6_sam1_vit_h_pilot/predictions/109_0_p7_shifted_entry_ablation.png
109:1:p1_visible_points,109,B,Training/Rectal resection/1/34500,1,100,p1_visible_points,3,0,False,False,2,0.96421397,0.15420041,0,0.94591234,"[0.9140036106109619, 0.9328387975692749, 0.9642139673233032]","[0.9459123361423221, 0.3477270560316973, 0.1542004114234882]",0.006930,outputs/c6_sam1_vit_h_pilot/predictions/109_1_p1_visible_points.png
109:1:p2_visible_skeleton,109,B,Training/Rectal resection/1/34500,1,100,p2_visible_skeleton,27,0,False,False,2,0.94886696,0.89747518,1,0.92834000,"[0.8791544437408447, 0.9215338230133057, 0.9488669633865356]","[0.7777646065168107, 0.9283400038117019, 0.8974751757529338]",0.006856,outputs/c6_sam1_vit_h_pilot/predictions/109_1_p2_visible_skeleton.png
109:1:p3_visible_box,109,B,Training/Rectal resection/1/34500,1,100,p3_visible_box,0,0,True,False,1,0.91088665,0.84292529,1,0.84292529,"[0.8332470655441284, 0.9108866453170776, 0.8882583379745483]","[0.7035080710787578, 0.8429252876109462, 0.6288785945284503]",0.006063,outputs/c6_sam1_vit_h_pilot/predictions/109_1_p3_visible_box.png
109:1:p4_visible_points_box,109,B,Training/Rectal resection/1/34500,1,100,p4_visible_points_box,3,0,True,False,2,0.92595077,0.82158508,1,0.87442718,"[0.793912947177887, 0.9080789089202881, 0.9259507656097412]","[0.5670164492342598, 0.8744271847503038, 0.8215850809405975]",0.006905,outputs/c6_sam1_vit_h_pilot/predictions/109_1_p4_visible_points_box.png
109:1:p5_visible_points_negatives,109,B,Training/Rectal resection/1/34500,1,100,p5_visible_points_negatives,3,2,False,False,2,0.92852640,0.15479498,0,0.92243576,"[0.8341476321220398, 0.8043335676193237, 0.9285264015197754]","[0.9224357558353582, 0.8530420440860778, 0.15479498317243306]",0.006608,outputs/c6_sam1_vit_h_pilot/predictions/109_1_p5_visible_points_negatives.png
109:1:p6_visible_points_box_negatives,109,B,Training/Rectal resection/1/34500,1,100,p6_visible_points_box_negatives,3,2,True,False,1,0.92741823,0.85769593,1,0.85769593,"[0.8506658673286438, 0.9274182319641113, 0.9163882732391357]","[0.6233819123251011, 0.857695931225343, 0.8163860435808385]",0.006813,outputs/c6_sam1_vit_h_pilot/predictions/109_1_p6_visible_points_box_negatives.png
109:1:p7_shifted_entry_ablation,109,B,Training/Rectal resection/1/34500,1,100,p7_shifted_entry_ablation,3,0,False,False,2,0.96421397,0.15420041,0,0.94591234,"[0.9140036106109619, 0.9328387975692749, 0.9642139673233032]","[0.9459123361423221, 0.3477270560316973, 0.1542004114234882]",0.005972,outputs/c6_sam1_vit_h_pilot/predictions/109_1_p7_shifted_entry_ablation.png
131:0:p1_visible_points,131,B,Training/Rectal resection/10/162000,0,100,p1_visible_points,2,0,False,False,0,0.97358137,0.88015079,0,0.88015079,"[0.9735813736915588, 0.9308818578720093, 0.832950234413147]","[0.8801507864292214, 0.7831339296085492, 0.36968363136176063]",0.020379,outputs/c6_sam1_vit_h_pilot/predictions/131_0_p1_visible_points.png
131:0:p2_visible_skeleton,131,B,Training/Rectal resection/10/162000,0,100,p2_visible_skeleton,12,0,False,False,0,0.96179968,0.88339997,0,0.88339997,"[0.961799681186676, 0.9011167287826538, 0.8289333581924438]","[0.8833999742035341, 0.8058988109116344, 0.37843410420730006]",0.005910,outputs/c6_sam1_vit_h_pilot/predictions/131_0_p2_visible_skeleton.png
131:0:p3_visible_box,131,B,Training/Rectal resection/10/162000,0,100,p3_visible_box,0,0,True,False,1,0.99040341,0.87787450,2,0.88090004,"[0.9862349033355713, 0.990403413772583, 0.9852147102355957]","[0.8724155980109919, 0.8778744965571001, 0.8809000387947756]",0.005135,outputs/c6_sam1_vit_h_pilot/predictions/131_0_p3_visible_box.png
131:0:p4_visible_points_box,131,B,Training/Rectal resection/10/162000,0,100,p4_visible_points_box,2,0,True,False,1,0.98421180,0.88234533,2,0.88586887,"[0.9834859371185303, 0.984211802482605, 0.9627858400344849]","[0.8765174259235087, 0.8823453274657003, 0.8858688651294603]",0.005720,outputs/c6_sam1_vit_h_pilot/predictions/131_0_p4_visible_points_box.png
131:0:p5_visible_points_negatives,131,B,Training/Rectal resection/10/162000,0,100,p5_visible_points_negatives,2,4,False,False,0,0.96343368,0.87584768,0,0.87584768,"[0.9634336829185486, 0.8552426099777222, 0.7523370981216431]","[0.87584767866458, 0.3349028250851533, 0.15823801871632479]",0.005513,outputs/c6_sam1_vit_h_pilot/predictions/131_0_p5_visible_points_negatives.png
131:0:p6_visible_points_box_negatives,131,B,Training/Rectal resection/10/162000,0,100,p6_visible_points_box_negatives,2,4,True,False,0,0.98333353,0.87591432,1,0.88312693,"[0.9833335280418396, 0.9450434446334839, 0.8907694816589355]","[0.875914315569488, 0.8831269349845201, 0.1001296499451481]",0.005750,outputs/c6_sam1_vit_h_pilot/predictions/131_0_p6_visible_points_box_negatives.png
131:0:p7_shifted_entry_ablation,131,B,Training/Rectal resection/10/162000,0,100,p7_shifted_entry_ablation,2,0,False,False,0,0.97358137,0.88015079,0,0.88015079,"[0.9735813736915588, 0.9308818578720093, 0.832950234413147]","[0.8801507864292214, 0.7831339296085492, 0.36968363136176063]",0.006884,outputs/c6_sam1_vit_h_pilot/predictions/131_0_p7_shifted_entry_ablation.png
131:1:p1_visible_points,131,B,Training/Rectal resection/10/162000,1,50,p1_visible_points,2,0,False,False,1,0.97889578,0.93724513,1,0.93724513,"[0.9124042391777039, 0.9788957834243774, 0.7941945791244507]","[0.9187689491447858, 0.9372451291345718, 0.6271179972523279]",0.014211,outputs/c6_sam1_vit_h_pilot/predictions/131_1_p1_visible_points.png
131:1:p2_visible_skeleton,131,B,Training/Rectal resection/10/162000,1,50,p2_visible_skeleton,21,0,False,False,0,0.95851356,0.93698429,1,0.93929305,"[0.9585135579109192, 0.9507390260696411, 0.8349001407623291]","[0.9369842884593648, 0.9392930470007214, 0.700302294886533]",0.006128,outputs/c6_sam1_vit_h_pilot/predictions/131_1_p2_visible_skeleton.png
131:1:p3_visible_box,131,B,Training/Rectal resection/10/162000,1,50,p3_visible_box,0,0,True,False,1,0.98539448,0.93422469,2,0.93695370,"[0.9763482213020325, 0.9853944778442383, 0.9830602407455444]","[0.9234760791469464, 0.9342246898192736, 0.9369537021372583]",0.005296,outputs/c6_sam1_vit_h_pilot/predictions/131_1_p3_visible_box.png
131:1:p4_visible_points_box,131,B,Training/Rectal resection/10/162000,1,50,p4_visible_points_box,2,0,True,False,1,0.98149943,0.94005419,2,0.94309723,"[0.9768199920654297, 0.981499433517456, 0.9525008201599121]","[0.9307814810601752, 0.9400541883043576, 0.9430972253552898]",0.006113,outputs/c6_sam1_vit_h_pilot/predictions/131_1_p4_visible_points_box.png
131:1:p5_visible_points_negatives,131,B,Training/Rectal resection/10/162000,1,50,p5_visible_points_negatives,2,4,False,False,0,0.96098155,0.92808336,1,0.93632009,"[0.960981547832489, 0.9588972330093384, 0.7029870748519897]","[0.9280833618038947, 0.9363200901662441, 0.07279091791840991]",0.005919,outputs/c6_sam1_vit_h_pilot/predictions/131_1_p5_visible_points_negatives.png
131:1:p6_visible_points_box_negatives,131,B,Training/Rectal resection/10/162000,1,50,p6_visible_points_box_negatives,2,4,True,False,1,0.98034215,0.93647218,1,0.93647218,"[0.9797490239143372, 0.9803421497344971, 0.8766467571258545]","[0.9262691148882951, 0.9364721784185628, 0.9331462250912153]",0.006122,outputs/c6_sam1_vit_h_pilot/predictions/131_1_p6_visible_points_box_negatives.png
131:1:p7_shifted_entry_ablation,131,B,Training/Rectal resection/10/162000,1,50,p7_shifted_entry_ablation,2,0,False,False,1,0.97889578,0.93724513,1,0.93724513,"[0.9124042391777039, 0.9788957834243774, 0.7941945791244507]","[0.9187689491447858, 0.9372451291345718, 0.6271179972523279]",0.007076,outputs/c6_sam1_vit_h_pilot/predictions/131_1_p7_shifted_entry_ablation.png
131:2:p1_visible_points,131,B,Training/Rectal resection/10/162000,2,150,p1_visible_points,2,0,False,False,1,0.97830331,0.94202367,1,0.94202367,"[0.9478923678398132, 0.9783033132553101, 0.8317301273345947]","[0.8436897659476824, 0.9420236675534355, 0.2798345122113973]",0.005786,outputs/c6_sam1_vit_h_pilot/predictions/131_2_p1_visible_points.png
131:2:p2_visible_skeleton,131,B,Training/Rectal resection/10/162000,2,150,p2_visible_skeleton,12,0,False,False,1,0.96278381,0.91647524,2,0.95505822,"[0.936557948589325, 0.9627838134765625, 0.953282356262207]","[0.7485239852398524, 0.916475236607553, 0.9550582241630277]",0.005858,outputs/c6_sam1_vit_h_pilot/predictions/131_2_p2_visible_skeleton.png
131:2:p3_visible_box,131,B,Training/Rectal resection/10/162000,2,150,p3_visible_box,0,0,True,False,1,0.97628355,0.91461849,2,0.94721969,"[0.9521016478538513, 0.9762835502624512, 0.9727634191513062]","[0.8666360294117647, 0.9146184886280264, 0.9472196900638103]",0.004933,outputs/c6_sam1_vit_h_pilot/predictions/131_2_p3_visible_box.png
131:2:p4_visible_points_box,131,B,Training/Rectal resection/10/162000,2,150,p4_visible_points_box,2,0,True,False,1,0.97351027,0.92178055,2,0.95156591,"[0.9682666659355164, 0.9735102653503418, 0.9700316190719604]","[0.8738871041762276, 0.9217805458875252, 0.9515659140568099]",0.005661,outputs/c6_sam1_vit_h_pilot/predictions/131_2_p4_visible_points_box.png
131:2:p5_visible_points_negatives,131,B,Training/Rectal resection/10/162000,2,150,p5_visible_points_negatives,2,4,False,False,0,0.93783116,0.91306750,1,0.93100937,"[0.9378311634063721, 0.7852798700332642, 0.6643108129501343]","[0.9130675016115665, 0.931009374715573, 0.1669481684788346]",0.005637,outputs/c6_sam1_vit_h_pilot/predictions/131_2_p5_visible_points_negatives.png
131:2:p6_visible_points_box_negatives,131,B,Training/Rectal resection/10/162000,2,150,p6_visible_points_box_negatives,2,4,True,False,0,0.96414411,0.89886813,2,0.94002890,"[0.9641441106796265, 0.9143540859222412, 0.9404579401016235]","[0.8988681328793595, 0.9125848468170977, 0.940028901734104]",0.005668,outputs/c6_sam1_vit_h_pilot/predictions/131_2_p6_visible_points_box_negatives.png
131:2:p7_shifted_entry_ablation,131,B,Training/Rectal resection/10/162000,2,150,p7_shifted_entry_ablation,2,0,False,False,1,0.97830331,0.94202367,1,0.94202367,"[0.9478923678398132, 0.9783033132553101, 0.8317301273345947]","[0.8436897659476824, 0.9420236675534355, 0.2798345122113973]",0.005473,outputs/c6_sam1_vit_h_pilot/predictions/131_2_p7_shifted_entry_ablation.png
124:0:p1_visible_points,124,B,Training/Rectal resection/10/171270,0,50,p1_visible_points,2,0,False,False,0,0.90185124,0.64176117,1,0.76063830,"[0.901851236820221, 0.8974901437759399, 0.5224130153656006]","[0.6417611741160774, 0.7606382978723404, 0.16870824053452116]",0.020439,outputs/c6_sam1_vit_h_pilot/predictions/124_0_p1_visible_points.png
124:0:p2_visible_skeleton,124,B,Training/Rectal resection/10/171270,0,50,p2_visible_skeleton,7,0,False,False,2,0.90655136,0.15116441,0,0.75203252,"[0.9042662978172302, 0.8886154890060425, 0.9065513610839844]","[0.7520325203252033, 0.5897103329009944, 0.1511644122158695]",0.005503,outputs/c6_sam1_vit_h_pilot/predictions/124_0_p2_visible_skeleton.png
124:0:p3_visible_box,124,B,Training/Rectal resection/10/171270,0,50,p3_visible_box,0,0,True,False,0,0.89830738,0.63666667,1,0.73913043,"[0.8983073830604553, 0.8934738636016846, 0.8035653829574585]","[0.6366666666666667, 0.7391304347826086, 0.6882893226176808]",0.005230,outputs/c6_sam1_vit_h_pilot/predictions/124_0_p3_visible_box.png
124:0:p4_visible_points_box,124,B,Training/Rectal resection/10/171270,0,50,p4_visible_points_box,2,0,True,False,1,0.90344489,0.77316915,1,0.77316915,"[0.902718186378479, 0.9034448862075806, 0.8044477701187134]","[0.7504976775049768, 0.7731691510045366, 0.6444557477110885]",0.006033,outputs/c6_sam1_vit_h_pilot/predictions/124_0_p4_visible_points_box.png
124:0:p5_visible_points_negatives,124,B,Training/Rectal resection/10/171270,0,50,p5_visible_points_negatives,2,3,False,False,0,0.72586763,0.73311258,0,0.73311258,"[0.7258676290512085, 0.5920102596282959, 0.6305376291275024]","[0.733112582781457, 0.7133333333333334, 0.010719036069165168]",0.005471,outputs/c6_sam1_vit_h_pilot/predictions/124_0_p5_visible_points_negatives.png
124:0:p6_visible_points_box_negatives,124,B,Training/Rectal resection/10/171270,0,50,p6_visible_points_box_negatives,2,3,True,False,0,0.87223595,0.73985363,1,0.75109443,"[0.8722359538078308, 0.8676285743713379, 0.7977937459945679]","[0.739853626081171, 0.7510944340212633, 0.2631172839506173]",0.005702,outputs/c6_sam1_vit_h_pilot/predictions/124_0_p6_visible_points_box_negatives.png
124:0:p7_shifted_entry_ablation,124,B,Training/Rectal resection/10/171270,0,50,p7_shifted_entry_ablation,2,0,False,False,0,0.90185124,0.64176117,1,0.76063830,"[0.901851236820221, 0.8974901437759399, 0.5224130153656006]","[0.6417611741160774, 0.7606382978723404, 0.16870824053452116]",0.005461,outputs/c6_sam1_vit_h_pilot/predictions/124_0_p7_shifted_entry_ablation.png
124:1:p1_visible_points,124,B,Training/Rectal resection/10/171270,1,100,p1_visible_points,3,0,False,False,1,0.99117804,0.86315831,1,0.86315831,"[0.8635168075561523, 0.991178035736084, 0.7374563217163086]","[0.1370906321401371, 0.8631583093709378, 0.6520472273651622]",0.005516,outputs/c6_sam1_vit_h_pilot/predictions/124_1_p1_visible_points.png
124:1:p2_visible_skeleton,124,B,Training/Rectal resection/10/171270,1,100,p2_visible_skeleton,28,0,False,False,1,0.97234666,0.86135912,1,0.86135912,"[0.9710249304771423, 0.9723466634750366, 0.8729356527328491]","[0.8512530634832793, 0.8613591173145152, 0.8345166163141994]",0.005894,outputs/c6_sam1_vit_h_pilot/predictions/124_1_p2_visible_skeleton.png
124:1:p3_visible_box,124,B,Training/Rectal resection/10/171270,1,100,p3_visible_box,0,0,True,False,1,0.99255455,0.86120659,2,0.86189671,"[0.9892809987068176, 0.9925545454025269, 0.9898726940155029]","[0.8596999523733926, 0.8612065900201493, 0.8618967077056209]",0.004929,outputs/c6_sam1_vit_h_pilot/predictions/124_1_p3_visible_box.png
124:1:p4_visible_points_box,124,B,Training/Rectal resection/10/171270,1,100,p4_visible_points_box,3,0,True,False,1,0.98871458,0.86406545,1,0.86406545,"[0.9852315187454224, 0.9887145757675171, 0.9668852090835571]","[0.8619543277793169, 0.8640654499685336, 0.8504538753976258]",0.005682,outputs/c6_sam1_vit_h_pilot/predictions/124_1_p4_visible_points_box.png
124:1:p5_visible_points_negatives,124,B,Training/Rectal resection/10/171270,1,100,p5_visible_points_negatives,3,2,False,False,1,0.97844994,0.86402333,1,0.86402333,"[0.9054175615310669, 0.9784499406814575, 0.8389033079147339]","[0.40186061965279507, 0.8640233328078196, 0.6857369506584167]",0.005529,outputs/c6_sam1_vit_h_pilot/predictions/124_1_p5_visible_points_negatives.png
124:1:p6_visible_points_box_negatives,124,B,Training/Rectal resection/10/171270,1,100,p6_visible_points_box_negatives,3,2,True,False,1,0.98514211,0.86468829,1,0.86468829,"[0.9825164675712585, 0.9851421117782593, 0.9575393199920654]","[0.8615829275052461, 0.8646882871536524, 0.8544914625092799]",0.005695,outputs/c6_sam1_vit_h_pilot/predictions/124_1_p6_visible_points_box_negatives.png
124:1:p7_shifted_entry_ablation,124,B,Training/Rectal resection/10/171270,1,100,p7_shifted_entry_ablation,3,0,False,False,1,0.99117804,0.86315831,1,0.86315831,"[0.8635168075561523, 0.991178035736084, 0.7374563217163086]","[0.1370906321401371, 0.8631583093709378, 0.6520472273651622]",0.005487,outputs/c6_sam1_vit_h_pilot/predictions/124_1_p7_shifted_entry_ablation.png
104:0:p1_visible_points,104,B,Training/Rectal resection/10/171595,0,50,p1_visible_points,2,0,False,False,0,0.97735447,0.91406701,1,0.92336235,"[0.9773544669151306, 0.9721808433532715, 0.6517645120620728]","[0.9140670132871173, 0.9233623519337805, 0.563219385547382]",0.020432,outputs/c6_sam1_vit_h_pilot/predictions/104_0_p1_visible_points.png
104:0:p2_visible_skeleton,104,B,Training/Rectal resection/10/171595,0,50,p2_visible_skeleton,13,0,False,False,1,0.97132397,0.92566700,2,0.93066896,"[0.930136501789093, 0.9713239669799805, 0.9141782522201538]","[0.9103718768158048, 0.9256669995719788, 0.9306689586019194]",0.005862,outputs/c6_sam1_vit_h_pilot/predictions/104_0_p2_visible_skeleton.png
104:0:p3_visible_box,104,B,Training/Rectal resection/10/171595,0,50,p3_visible_box,0,0,True,False,1,0.98480892,0.92044470,2,0.92808121,"[0.9800624847412109, 0.9848089218139648, 0.9819852113723755]","[0.9120815138282388, 0.9204447011261911, 0.9280812124678296]",0.004932,outputs/c6_sam1_vit_h_pilot/predictions/104_0_p3_visible_box.png
104:0:p4_visible_points_box,104,B,Training/Rectal resection/10/171595,0,50,p4_visible_points_box,2,0,True,False,1,0.98311985,0.92678366,2,0.93132925,"[0.9785521626472473, 0.9831198453903198, 0.9826327562332153]","[0.9188758510792409, 0.9267836593785961, 0.931329249180795]",0.005961,outputs/c6_sam1_vit_h_pilot/predictions/104_0_p4_visible_points_box.png
104:0:p5_visible_points_negatives,104,B,Training/Rectal resection/10/171595,0,50,p5_visible_points_negatives,2,3,False,False,0,0.95968074,0.91738879,0,0.91738879,"[0.9596807360649109, 0.8740899562835693, 0.8085002899169922]","[0.9173887926054304, 0.43506537961251457, 0.30915362938489943]",0.005494,outputs/c6_sam1_vit_h_pilot/predictions/104_0_p5_visible_points_negatives.png
104:0:p6_visible_points_box_negatives,104,B,Training/Rectal resection/10/171595,0,50,p6_visible_points_box_negatives,2,3,True,False,1,0.98190904,0.92865379,1,0.92865379,"[0.9807395339012146, 0.9819090366363525, 0.9561437368392944]","[0.9217795870892701, 0.9286537907177861, 0.7195094760312152]",0.005746,outputs/c6_sam1_vit_h_pilot/predictions/104_0_p6_visible_points_box_negatives.png
104:0:p7_shifted_entry_ablation,104,B,Training/Rectal resection/10/171595,0,50,p7_shifted_entry_ablation,2,0,False,False,0,0.97735447,0.91406701,1,0.92336235,"[0.9773544669151306, 0.9721808433532715, 0.6517645120620728]","[0.9140670132871173, 0.9233623519337805, 0.563219385547382]",0.005471,outputs/c6_sam1_vit_h_pilot/predictions/104_0_p7_shifted_entry_ablation.png
104:1:p1_visible_points,104,B,Training/Rectal resection/10/171595,1,100,p1_visible_points,3,0,False,False,1,0.99191868,0.95173137,1,0.95173137,"[0.9108597636222839, 0.991918683052063, 0.7966946363449097]","[0.91328608053084, 0.9517313746065058, 0.5194464231199756]",0.005736,outputs/c6_sam1_vit_h_pilot/predictions/104_1_p1_visible_points.png
104:1:p2_visible_skeleton,104,B,Training/Rectal resection/10/171595,1,100,p2_visible_skeleton,29,0,False,False,1,0.96863067,0.96198667,1,0.96198667,"[0.968180775642395, 0.9686306715011597, 0.8174425363540649]","[0.94058106841612, 0.9619866711344428, 0.8296081182497471]",0.005889,outputs/c6_sam1_vit_h_pilot/predictions/104_1_p2_visible_skeleton.png
104:1:p3_visible_box,104,B,Training/Rectal resection/10/171595,1,100,p3_visible_box,0,0,True,False,1,0.99623823,0.94817370,2,0.95417618,"[0.9962074160575867, 0.9962382316589355, 0.9920424222946167]","[0.9400315623356128, 0.9481737043426086, 0.9541761820972633]",0.004840,outputs/c6_sam1_vit_h_pilot/predictions/104_1_p3_visible_box.png
104:1:p4_visible_points_box,104,B,Training/Rectal resection/10/171595,1,100,p4_visible_points_box,3,0,True,False,1,0.99093306,0.95090507,2,0.95543665,"[0.9893079400062561, 0.9909330606460571, 0.9615796804428101]","[0.9417224017434433, 0.9509050706442304, 0.9554366534460824]",0.005698,outputs/c6_sam1_vit_h_pilot/predictions/104_1_p4_visible_points_box.png
104:1:p5_visible_points_negatives,104,B,Training/Rectal resection/10/171595,1,100,p5_visible_points_negatives,3,2,False,False,1,0.98672402,0.95045569,1,0.95045569,"[0.910368025302887, 0.9867240190505981, 0.889263391494751]","[0.9265592045796927, 0.9504556876570528, 0.27545274031314765]",0.005472,outputs/c6_sam1_vit_h_pilot/predictions/104_1_p5_visible_points_negatives.png
104:1:p6_visible_points_box_negatives,104,B,Training/Rectal resection/10/171595,1,100,p6_visible_points_box_negatives,3,2,True,False,1,0.99196744,0.94959496,2,0.95398899,"[0.9889959096908569, 0.9919674396514893, 0.9586542844772339]","[0.9388514911060133, 0.9495949594959496, 0.9539889932986411]",0.005676,outputs/c6_sam1_vit_h_pilot/predictions/104_1_p6_visible_points_box_negatives.png
104:1:p7_shifted_entry_ablation,104,B,Training/Rectal resection/10/171595,1,100,p7_shifted_entry_ablation,3,0,False,False,1,0.99191868,0.95173137,1,0.95173137,"[0.9108597636222839, 0.991918683052063, 0.7966946363449097]","[0.91328608053084, 0.9517313746065058, 0.5194464231199756]",0.005480,outputs/c6_sam1_vit_h_pilot/predictions/104_1_p7_shifted_entry_ablation.png
150:0:p1_visible_points,150,A,Training/Rectal resection/10/28114,0,50,p1_visible_points,4,0,False,False,1,0.97232258,0.87421779,1,0.87421779,"[0.9093260169029236, 0.9723225831985474, 0.8619160652160645]","[0.405473461003247, 0.8742177929344767, 0.5517921184538915]",0.020413,outputs/c6_sam1_vit_h_pilot/predictions/150_0_p1_visible_points.png
150:0:p2_visible_skeleton,150,A,Training/Rectal resection/10/28114,0,50,p2_visible_skeleton,38,0,False,False,0,0.93053287,0.86582136,0,0.86582136,"[0.9305328726768494, 0.9137369394302368, 0.8587824106216431]","[0.865821359994703, 0.8572482123961908, 0.5277639813251217]",0.006073,outputs/c6_sam1_vit_h_pilot/predictions/150_0_p2_visible_skeleton.png
150:0:p3_visible_box,150,A,Training/Rectal resection/10/28114,0,50,p3_visible_box,0,0,True,False,1,0.97962964,0.88040384,1,0.88040384,"[0.9751038551330566, 0.979629635810852, 0.9599336385726929]","[0.8577486251904857, 0.8804038397881496, 0.7346380183385794]",0.005211,outputs/c6_sam1_vit_h_pilot/predictions/150_0_p3_visible_box.png
150:0:p4_visible_points_box,150,A,Training/Rectal resection/10/28114,0,50,p4_visible_points_box,4,0,True,False,0,0.96038467,0.88006354,1,0.89331000,"[0.9603846669197083, 0.8611327409744263, 0.7996586561203003]","[0.8800635424940428, 0.8933099986791705, 0.5475989369811087]",0.005710,outputs/c6_sam1_vit_h_pilot/predictions/150_0_p4_visible_points_box.png
150:0:p5_visible_points_negatives,150,A,Training/Rectal resection/10/28114,0,50,p5_visible_points_negatives,4,0,False,False,1,0.97232258,0.87421779,1,0.87421779,"[0.9093260169029236, 0.9723225831985474, 0.8619160652160645]","[0.405473461003247, 0.8742177929344767, 0.5517921184538915]",0.005515,outputs/c6_sam1_vit_h_pilot/predictions/150_0_p5_visible_points_negatives.png
150:0:p6_visible_points_box_negatives,150,A,Training/Rectal resection/10/28114,0,50,p6_visible_points_box_negatives,4,0,True,False,0,0.96038467,0.88006354,1,0.89331000,"[0.9603846669197083, 0.8611327409744263, 0.7996586561203003]","[0.8800635424940428, 0.8933099986791705, 0.5475989369811087]",0.005707,outputs/c6_sam1_vit_h_pilot/predictions/150_0_p6_visible_points_box_negatives.png
150:0:p7_shifted_entry_ablation,150,A,Training/Rectal resection/10/28114,0,50,p7_shifted_entry_ablation,4,0,False,False,1,0.97232258,0.87421779,1,0.87421779,"[0.9093260169029236, 0.9723225831985474, 0.8619160652160645]","[0.405473461003247, 0.8742177929344767, 0.5517921184538915]",0.005535,outputs/c6_sam1_vit_h_pilot/predictions/150_0_p7_shifted_entry_ablation.png
68:0:p1_visible_points,68,B,Training/Rectal resection/10/35207,0,50,p1_visible_points,2,0,False,False,1,0.96049082,0.91038088,0,0.92135779,"[0.9596953988075256, 0.9604908227920532, 0.6319563388824463]","[0.9213577904279991, 0.9103808812546677, 0.06343712854981072]",0.021308,outputs/c6_sam1_vit_h_pilot/predictions/068_0_p1_visible_points.png
68:0:p2_visible_skeleton,68,B,Training/Rectal resection/10/35207,0,50,p2_visible_skeleton,17,0,False,False,1,0.95705652,0.89860676,0,0.91950184,"[0.9515217542648315, 0.9570565223693848, 0.83704674243927]","[0.9195018437347805, 0.8986067595493634, 0.6634060451922137]",0.008385,outputs/c6_sam1_vit_h_pilot/predictions/068_0_p2_visible_skeleton.png
68:0:p3_visible_box,68,B,Training/Rectal resection/10/35207,0,50,p3_visible_box,0,0,True,False,1,0.96836030,0.92246604,1,0.92246604,"[0.9565423130989075, 0.9683603048324585, 0.9643357992172241]","[0.9200199061566899, 0.922466039707419, 0.9141963557247756]",0.004955,outputs/c6_sam1_vit_h_pilot/predictions/068_0_p3_visible_box.png
68:0:p4_visible_points_box,68,B,Training/Rectal resection/10/35207,0,50,p4_visible_points_box,2,0,True,False,1,0.96497536,0.90965162,0,0.92191313,"[0.9602668881416321, 0.9649753570556641, 0.921107292175293]","[0.9219131283552953, 0.9096516198996882, 0.9027055844328935]",0.005680,outputs/c6_sam1_vit_h_pilot/predictions/068_0_p4_visible_points_box.png
68:0:p5_visible_points_negatives,68,B,Training/Rectal resection/10/35207,0,50,p5_visible_points_negatives,2,0,False,False,1,0.96049082,0.91038088,0,0.92135779,"[0.9596953988075256, 0.9604908227920532, 0.6319563388824463]","[0.9213577904279991, 0.9103808812546677, 0.06343712854981072]",0.006485,outputs/c6_sam1_vit_h_pilot/predictions/068_0_p5_visible_points_negatives.png
68:0:p6_visible_points_box_negatives,68,B,Training/Rectal resection/10/35207,0,50,p6_visible_points_box_negatives,2,0,True,False,1,0.96497536,0.90965162,0,0.92191313,"[0.9602668881416321, 0.9649753570556641, 0.921107292175293]","[0.9219131283552953, 0.9096516198996882, 0.9027055844328935]",0.005661,outputs/c6_sam1_vit_h_pilot/predictions/068_0_p6_visible_points_box_negatives.png
68:0:p7_shifted_entry_ablation,68,B,Training/Rectal resection/10/35207,0,50,p7_shifted_entry_ablation,2,0,False,False,1,0.96049082,0.91038088,0,0.92135779,"[0.9596953988075256, 0.9604908227920532, 0.6319563388824463]","[0.9213577904279991, 0.9103808812546677, 0.06343712854981072]",0.005436,outputs/c6_sam1_vit_h_pilot/predictions/068_0_p7_shifted_entry_ablation.png
42:0:p1_visible_points,42,C,Training/Rectal resection/10/35657,0,50,p1_visible_points,1,0,False,False,1,0.90557075,0.48284595,2,0.81911546,"[0.789847195148468, 0.9055707454681396, 0.8799837827682495]","[0.27073760580411127, 0.4828459451311426, 0.819115464529534]",0.020361,outputs/c6_sam1_vit_h_pilot/predictions/042_0_p1_visible_points.png
42:0:p2_visible_skeleton,42,C,Training/Rectal resection/10/35657,0,50,p2_visible_skeleton,1,0,False,False,1,0.90557075,0.48284595,2,0.81911546,"[0.789847195148468, 0.9055707454681396, 0.8799837827682495]","[0.27073760580411127, 0.4828459451311426, 0.819115464529534]",0.005515,outputs/c6_sam1_vit_h_pilot/predictions/042_0_p2_visible_skeleton.png
42:0:p3_visible_box,42,C,Training/Rectal resection/10/35657,0,50,p3_visible_box,0,0,True,False,1,0.78914714,0.02390462,2,0.03272354,"[0.7572252750396729, 0.789147138595581, 0.7401995658874512]","[0.015629732840613073, 0.023904623577826193, 0.03272354042142124]",0.004882,outputs/c6_sam1_vit_h_pilot/predictions/042_0_p3_visible_box.png
42:0:p4_visible_points_box,42,C,Training/Rectal resection/10/35657,0,50,p4_visible_points_box,1,0,True,False,1,0.83790982,0.03204934,2,0.04551766,"[0.7988587021827698, 0.8379098176956177, 0.7911187410354614]","[0.019320453031312457, 0.032049343895507044, 0.04551765771204346]",0.005677,outputs/c6_sam1_vit_h_pilot/predictions/042_0_p4_visible_points_box.png
42:0:p5_visible_points_negatives,42,C,Training/Rectal resection/10/35657,0,50,p5_visible_points_negatives,1,0,False,False,1,0.90557075,0.48284595,2,0.81911546,"[0.789847195148468, 0.9055707454681396, 0.8799837827682495]","[0.27073760580411127, 0.4828459451311426, 0.819115464529534]",0.005453,outputs/c6_sam1_vit_h_pilot/predictions/042_0_p5_visible_points_negatives.png
42:0:p6_visible_points_box_negatives,42,C,Training/Rectal resection/10/35657,0,50,p6_visible_points_box_negatives,1,0,True,False,1,0.83790982,0.03204934,2,0.04551766,"[0.7988587021827698, 0.8379098176956177, 0.7911187410354614]","[0.019320453031312457, 0.032049343895507044, 0.04551765771204346]",0.005712,outputs/c6_sam1_vit_h_pilot/predictions/042_0_p6_visible_points_box_negatives.png
42:0:p7_shifted_entry_ablation,42,C,Training/Rectal resection/10/35657,0,50,p7_shifted_entry_ablation,2,0,False,True,2,0.93112350,0.86364647,2,0.86364647,"[0.8425838351249695, 0.8873450756072998, 0.9311234951019287]","[0.17731397459165155, 0.8315255835887763, 0.8636464702612563]",0.005491,outputs/c6_sam1_vit_h_pilot/predictions/042_0_p7_shifted_entry_ablation.png
133:0:p1_visible_points,133,A,Training/Rectal resection/10/35807,0,50,p1_visible_points,4,0,False,False,0,0.96561688,0.88378824,0,0.88378824,"[0.9656168818473816, 0.9380990266799927, 0.7887916564941406]","[0.8837882418847842, 0.8803347538756099, 0.6204055486835129]",0.020378,outputs/c6_sam1_vit_h_pilot/predictions/133_0_p1_visible_points.png
133:0:p2_visible_skeleton,133,A,Training/Rectal resection/10/35807,0,50,p2_visible_skeleton,37,0,False,False,0,0.91896099,0.88775255,0,0.88775255,"[0.9189609885215759, 0.8836269378662109, 0.7950866222381592]","[0.8877525489460186, 0.7997565922920893, 0.4050732501356484]",0.006120,outputs/c6_sam1_vit_h_pilot/predictions/133_0_p2_visible_skeleton.png
133:0:p3_visible_box,133,A,Training/Rectal resection/10/35807,0,50,p3_visible_box,0,0,True,False,0,0.97578079,0.87900815,1,0.88847468,"[0.9757807850837708, 0.9743579626083374, 0.8892004489898682]","[0.8790081500361874, 0.8884746815781298, 0.6452560308492512]",0.004879,outputs/c6_sam1_vit_h_pilot/predictions/133_0_p3_visible_box.png
133:0:p4_visible_points_box,133,A,Training/Rectal resection/10/35807,0,50,p4_visible_points_box,4,0,True,False,0,0.96335942,0.88467285,1,0.89192676,"[0.9633594155311584, 0.874340295791626, 0.7179843187332153]","[0.8846728506505634, 0.8919267633325141, 0.4417653522158467]",0.005605,outputs/c6_sam1_vit_h_pilot/predictions/133_0_p4_visible_points_box.png
133:0:p5_visible_points_negatives,133,A,Training/Rectal resection/10/35807,0,50,p5_visible_points_negatives,4,3,False,False,0,0.95449322,0.87807020,1,0.88559821,"[0.9544932246208191, 0.9286022186279297, 0.7341943979263306]","[0.8780702029549233, 0.8855982137319357, 0.4085153791722497]",0.005864,outputs/c6_sam1_vit_h_pilot/predictions/133_0_p5_visible_points_negatives.png
133:0:p6_visible_points_box_negatives,133,A,Training/Rectal resection/10/35807,0,50,p6_visible_points_box_negatives,4,3,True,False,0,0.94890642,0.88368608,0,0.88368608,"[0.948906421661377, 0.8668413162231445, 0.820303201675415]","[0.8836860835362428, 0.6503590983431701, 0.40062928385724417]",0.005723,outputs/c6_sam1_vit_h_pilot/predictions/133_0_p6_visible_points_box_negatives.png
133:0:p7_shifted_entry_ablation,133,A,Training/Rectal resection/10/35807,0,50,p7_shifted_entry_ablation,4,0,False,False,0,0.96561688,0.88378824,0,0.88378824,"[0.9656168818473816, 0.9380990266799927, 0.7887916564941406]","[0.8837882418847842, 0.8803347538756099, 0.6204055486835129]",0.005833,outputs/c6_sam1_vit_h_pilot/predictions/133_0_p7_shifted_entry_ablation.png
133:1:p1_visible_points,133,B,Training/Rectal resection/10/35807,1,100,p1_visible_points,3,0,False,False,0,0.94983810,0.79418720,0,0.79418720,"[0.9498381018638611, 0.9440706968307495, 0.9441508054733276]","[0.7941872043813791, 0.3396682525395397, 0.29781693906493384]",0.005758,outputs/c6_sam1_vit_h_pilot/predictions/133_1_p1_visible_points.png
133:1:p2_visible_skeleton,133,B,Training/Rectal resection/10/35807,1,100,p2_visible_skeleton,19,0,False,False,1,0.94442976,0.79387793,1,0.79387793,"[0.9228401780128479, 0.9444297552108765, 0.9197797775268555]","[0.7681349701306375, 0.7938779319355441, 0.7244870337285475]",0.005841,outputs/c6_sam1_vit_h_pilot/predictions/133_1_p2_visible_skeleton.png
133:1:p3_visible_box,133,B,Training/Rectal resection/10/35807,1,100,p3_visible_box,0,0,True,False,1,0.96155787,0.78897362,1,0.78897362,"[0.9505622386932373, 0.9615578651428223, 0.9532276391983032]","[0.7746794871794872, 0.7889736217027128, 0.7864688282347194]",0.004883,outputs/c6_sam1_vit_h_pilot/predictions/133_1_p3_visible_box.png
133:1:p4_visible_points_box,133,B,Training/Rectal resection/10/35807,1,100,p4_visible_points_box,3,0,True,False,1,0.95880020,0.79791435,1,0.79791435,"[0.9472617506980896, 0.958800196647644, 0.9362030029296875]","[0.7910485609230379, 0.7979143527088732, 0.7848384814902146]",0.005726,outputs/c6_sam1_vit_h_pilot/predictions/133_1_p4_visible_points_box.png
133:1:p5_visible_points_negatives,133,B,Training/Rectal resection/10/35807,1,100,p5_visible_points_negatives,3,4,False,False,1,0.91693568,0.79272211,1,0.79272211,"[0.9125507473945618, 0.9169356822967529, 0.7113492488861084]","[0.7810499359795134, 0.7927221055232917, 0.2292098064780019]",0.005565,outputs/c6_sam1_vit_h_pilot/predictions/133_1_p5_visible_points_negatives.png
133:1:p6_visible_points_box_negatives,133,B,Training/Rectal resection/10/35807,1,100,p6_visible_points_box_negatives,3,4,True,False,1,0.95543039,0.79753423,1,0.79753423,"[0.9446919560432434, 0.9554303884506226, 0.8905740976333618]","[0.7862503179852455, 0.7975342296016356, 0.6487949090544671]",0.006284,outputs/c6_sam1_vit_h_pilot/predictions/133_1_p6_visible_points_box_negatives.png
133:1:p7_shifted_entry_ablation,133,B,Training/Rectal resection/10/35807,1,100,p7_shifted_entry_ablation,3,0,False,False,0,0.94983810,0.79418720,0,0.79418720,"[0.9498381018638611, 0.9440706968307495, 0.9441508054733276]","[0.7941872043813791, 0.3396682525395397, 0.29781693906493384]",0.006052,outputs/c6_sam1_vit_h_pilot/predictions/133_1_p7_shifted_entry_ablation.png
138:0:p1_visible_points,138,B,Training/Rectal resection/10/50025,0,50,p1_visible_points,2,0,False,False,0,0.97633344,0.92433029,0,0.92433029,"[0.9763334393501282, 0.9659440517425537, 0.7855774164199829]","[0.9243302867948314, 0.8877388773887739, 0.8965695046862204]",0.020431,outputs/c6_sam1_vit_h_pilot/predictions/138_0_p1_visible_points.png
138:0:p2_visible_skeleton,138,B,Training/Rectal resection/10/50025,0,50,p2_visible_skeleton,25,0,False,False,1,0.96942246,0.91673616,0,0.92206919,"[0.9618921875953674, 0.969422459602356, 0.9385855197906494]","[0.9220691864189622, 0.9167361561505915, 0.8898650862197337]",0.005869,outputs/c6_sam1_vit_h_pilot/predictions/138_0_p2_visible_skeleton.png
138:0:p3_visible_box,138,B,Training/Rectal resection/10/50025,0,50,p3_visible_box,0,0,True,False,2,0.97240233,0.89877703,1,0.92317197,"[0.9468737244606018, 0.9677525758743286, 0.9724023342132568]","[0.8596281711961784, 0.923171968064884, 0.8987770288816371]",0.004891,outputs/c6_sam1_vit_h_pilot/predictions/138_0_p3_visible_box.png
138:0:p4_visible_points_box,138,B,Training/Rectal resection/10/50025,0,50,p4_visible_points_box,2,0,True,False,0,0.97941571,0.92833566,0,0.92833566,"[0.9794157147407532, 0.9681543111801147, 0.9045230150222778]","[0.9283356607845626, 0.9068996223170694, 0.8908035606880789]",0.005692,outputs/c6_sam1_vit_h_pilot/predictions/138_0_p4_visible_points_box.png
138:0:p5_visible_points_negatives,138,B,Training/Rectal resection/10/50025,0,50,p5_visible_points_negatives,2,4,False,False,1,0.97186255,0.92471158,1,0.92471158,"[0.959844172000885, 0.9718625545501709, 0.937030553817749]","[0.9233070264765784, 0.9247115777561221, 0.8315450031390902]",0.005464,outputs/c6_sam1_vit_h_pilot/predictions/138_0_p5_visible_points_negatives.png
138:0:p6_visible_points_box_negatives,138,B,Training/Rectal resection/10/50025,0,50,p6_visible_points_box_negatives,2,4,True,False,1,0.97780967,0.92008261,0,0.92131557,"[0.9701581597328186, 0.9778096675872803, 0.9280214309692383]","[0.921315570358035, 0.9200826084235559, 0.9031371231328467]",0.005725,outputs/c6_sam1_vit_h_pilot/predictions/138_0_p6_visible_points_box_negatives.png
138:0:p7_shifted_entry_ablation,138,B,Training/Rectal resection/10/50025,0,50,p7_shifted_entry_ablation,2,0,False,False,0,0.97633344,0.92433029,0,0.92433029,"[0.9763334393501282, 0.9659440517425537, 0.7855774164199829]","[0.9243302867948314, 0.8877388773887739, 0.8965695046862204]",0.005881,outputs/c6_sam1_vit_h_pilot/predictions/138_0_p7_shifted_entry_ablation.png
138:1:p1_visible_points,138,A,Training/Rectal resection/10/50025,1,100,p1_visible_points,4,0,False,False,2,0.94488978,0.16582445,0,0.65525117,"[0.6678470969200134, 0.9044175148010254, 0.9448897838592529]","[0.6552511652531376, 0.3967029753636962, 0.16582445335759718]",0.006088,outputs/c6_sam1_vit_h_pilot/predictions/138_1_p1_visible_points.png
138:1:p2_visible_skeleton,138,A,Training/Rectal resection/10/50025,1,100,p2_visible_skeleton,52,0,False,False,2,0.91097498,0.48372800,1,0.61827523,"[0.7369233965873718, 0.856194019317627, 0.9109749794006348]","[0.37347201252586254, 0.6182752293577982, 0.48372799797391414]",0.006262,outputs/c6_sam1_vit_h_pilot/predictions/138_1_p2_visible_skeleton.png
138:1:p3_visible_box,138,A,Training/Rectal resection/10/50025,1,100,p3_visible_box,0,0,True,False,2,0.91698730,0.60193950,1,0.71419832,"[0.8515625, 0.9041742086410522, 0.9169872999191284]","[0.40137064534551686, 0.714198317102769, 0.6019395022050673]",0.005080,outputs/c6_sam1_vit_h_pilot/predictions/138_1_p3_visible_box.png
138:1:p4_visible_points_box,138,A,Training/Rectal resection/10/50025,1,100,p4_visible_points_box,4,0,True,False,2,0.95348358,0.56927260,1,0.71708605,"[0.6943451166152954, 0.9114810228347778, 0.9534835815429688]","[0.5381937923349485, 0.7170860512212314, 0.5692725965427364]",0.005716,outputs/c6_sam1_vit_h_pilot/predictions/138_1_p4_visible_points_box.png
138:1:p5_visible_points_negatives,138,A,Training/Rectal resection/10/50025,1,100,p5_visible_points_negatives,4,2,False,False,2,0.94722974,0.18738225,1,0.34548652,"[0.5749766230583191, 0.9146280288696289, 0.9472297430038452]","[0.28288092906114454, 0.34548651979450823, 0.18738224713887636]",0.005470,outputs/c6_sam1_vit_h_pilot/predictions/138_1_p5_visible_points_negatives.png
138:1:p6_visible_points_box_negatives,138,A,Training/Rectal resection/10/50025,1,100,p6_visible_points_box_negatives,4,2,True,False,2,0.94995260,0.55812615,1,0.69362555,"[0.6927860379219055, 0.9184879064559937, 0.9499526023864746]","[0.3458243574971194, 0.6936255495215929, 0.5581261492921108]",0.005967,outputs/c6_sam1_vit_h_pilot/predictions/138_1_p6_visible_points_box_negatives.png
138:1:p7_shifted_entry_ablation,138,A,Training/Rectal resection/10/50025,1,100,p7_shifted_entry_ablation,4,0,False,False,2,0.94488978,0.16582445,0,0.65525117,"[0.6678470969200134, 0.9044175148010254, 0.9448897838592529]","[0.6552511652531376, 0.3967029753636962, 0.16582445335759718]",0.005432,outputs/c6_sam1_vit_h_pilot/predictions/138_1_p7_shifted_entry_ablation.png
95:0:p1_visible_points,95,B,Training/Rectal resection/10/50825,0,50,p1_visible_points,2,0,False,False,0,0.94113600,0.69765648,1,0.82729021,"[0.9411360025405884, 0.9357278347015381, 0.6188565492630005]","[0.6976564760343331, 0.8272902133034766, 0.1955765906989831]",0.020409,outputs/c6_sam1_vit_h_pilot/predictions/095_0_p1_visible_points.png
95:0:p2_visible_skeleton,95,B,Training/Rectal resection/10/50825,0,50,p2_visible_skeleton,28,0,False,False,0,0.91046745,0.81211619,1,0.84870979,"[0.9104674458503723, 0.9021246433258057, 0.7801965475082397]","[0.8121161876688774, 0.8487097914457405, 0.40783866677523545]",0.005950,outputs/c6_sam1_vit_h_pilot/predictions/095_0_p2_visible_skeleton.png
95:0:p3_visible_box,95,B,Training/Rectal resection/10/50825,0,50,p3_visible_box,0,0,True,False,1,0.95053208,0.86446512,1,0.86446512,"[0.9435401558876038, 0.950532078742981, 0.9351122379302979]","[0.7465716376594864, 0.8644651162790697, 0.8629640629640629]",0.004956,outputs/c6_sam1_vit_h_pilot/predictions/095_0_p3_visible_box.png
95:0:p4_visible_points_box,95,B,Training/Rectal resection/10/50825,0,50,p4_visible_points_box,2,0,True,False,1,0.95408928,0.84348819,0,0.85056998,"[0.9447755217552185, 0.9540892839431763, 0.8731974363327026]","[0.8505699810006333, 0.8434881949733435, 0.7949957044673539]",0.005708,outputs/c6_sam1_vit_h_pilot/predictions/095_0_p4_visible_points_box.png
95:0:p5_visible_points_negatives,95,B,Training/Rectal resection/10/50825,0,50,p5_visible_points_negatives,2,1,False,False,0,0.92969900,0.72862644,1,0.85291573,"[0.9296990036964417, 0.928256630897522, 0.6383422613143921]","[0.7286264441591784, 0.8529157345264727, 0.19095851401203806]",0.005844,outputs/c6_sam1_vit_h_pilot/predictions/095_0_p5_visible_points_negatives.png
95:0:p6_visible_points_box_negatives,95,B,Training/Rectal resection/10/50825,0,50,p6_visible_points_box_negatives,2,1,True,False,1,0.95021844,0.85704855,1,0.85704855,"[0.9404654502868652, 0.9502184391021729, 0.8857004642486572]","[0.8302173294106482, 0.8570485506811498, 0.8142100617828774]",0.005761,outputs/c6_sam1_vit_h_pilot/predictions/095_0_p6_visible_points_box_negatives.png
95:0:p7_shifted_entry_ablation,95,B,Training/Rectal resection/10/50825,0,50,p7_shifted_entry_ablation,2,0,False,False,0,0.94113600,0.69765648,1,0.82729021,"[0.9411360025405884, 0.9357278347015381, 0.6188565492630005]","[0.6976564760343331, 0.8272902133034766, 0.1955765906989831]",0.005482,outputs/c6_sam1_vit_h_pilot/predictions/095_0_p7_shifted_entry_ablation.png
95:1:p1_visible_points,95,C,Training/Rectal resection/10/50825,1,100,p1_visible_points,1,0,False,False,0,0.93601757,0.11227583,0,0.11227583,"[0.9360175728797913, 0.878451943397522, 0.4158760607242584]","[0.11227582722909826, 0.019042699724517907, 0.017196677072861]",0.005471,outputs/c6_sam1_vit_h_pilot/predictions/095_1_p1_visible_points.png
95:1:p2_visible_skeleton,95,C,Training/Rectal resection/10/50825,1,100,p2_visible_skeleton,1,0,False,False,0,0.93601757,0.11227583,0,0.11227583,"[0.9360175728797913, 0.878451943397522, 0.4158760607242584]","[0.11227582722909826, 0.019042699724517907, 0.017196677072861]",0.005489,outputs/c6_sam1_vit_h_pilot/predictions/095_1_p2_visible_skeleton.png
95:1:p3_visible_box,95,C,Training/Rectal resection/10/50825,1,100,p3_visible_box,0,0,True,False,1,0.87275553,0.04600829,1,0.04600829,"[0.8103348612785339, 0.8727555274963379, 0.872563362121582]","[0.02641802641802642, 0.0460082944530845, 0.03982131461391193]",0.004903,outputs/c6_sam1_vit_h_pilot/predictions/095_1_p3_visible_box.png
95:1:p4_visible_points_box,95,C,Training/Rectal resection/10/50825,1,100,p4_visible_points_box,1,0,True,False,1,0.89551830,0.04662878,2,0.05013360,"[0.8456439971923828, 0.8955183029174805, 0.8955096006393433]","[0.029814145585957668, 0.046628778093515885, 0.05013360478432371]",0.005724,outputs/c6_sam1_vit_h_pilot/predictions/095_1_p4_visible_points_box.png
95:1:p5_visible_points_negatives,95,C,Training/Rectal resection/10/50825,1,100,p5_visible_points_negatives,1,2,False,False,0,0.91327614,0.11052367,1,0.11581601,"[0.9132761359214783, 0.7825757265090942, 0.6217035055160522]","[0.11052366565961733, 0.11581600504095778, 0.015841388509229833]",0.005487,outputs/c6_sam1_vit_h_pilot/predictions/095_1_p5_visible_points_negatives.png
95:1:p6_visible_points_box_negatives,95,C,Training/Rectal resection/10/50825,1,100,p6_visible_points_box_negatives,1,2,True,False,2,0.88588893,0.06105817,2,0.06105817,"[0.8368011116981506, 0.8849872350692749, 0.885888934135437]","[0.036773274634209506, 0.05043433164786724, 0.061058174523570714]",0.005693,outputs/c6_sam1_vit_h_pilot/predictions/095_1_p6_visible_points_box_negatives.png
95:1:p7_shifted_entry_ablation,95,C,Training/Rectal resection/10/50825,1,100,p7_shifted_entry_ablation,2,0,False,True,1,0.86233997,0.07112925,0,0.28956296,"[0.4753913879394531, 0.862339973449707, 0.8563271760940552]","[0.2895629614847336, 0.07112924871956397, 0.021948488906970598]",0.005470,outputs/c6_sam1_vit_h_pilot/predictions/095_1_p7_shifted_entry_ablation.png
59:0:p1_visible_points,59,B,Training/Rectal resection/10/70833,0,50,p1_visible_points,3,0,False,False,1,0.95603418,0.88693483,1,0.88693483,"[0.9384116530418396, 0.9560341835021973, 0.700535774230957]","[0.8403479675814376, 0.8869348300592454, 0.5501572497559918]",0.020728,outputs/c6_sam1_vit_h_pilot/predictions/059_0_p1_visible_points.png
59:0:p2_visible_skeleton,59,B,Training/Rectal resection/10/70833,0,50,p2_visible_skeleton,25,0,False,False,1,0.94911289,0.87450590,2,0.89431460,"[0.9279536604881287, 0.9491128921508789, 0.93548583984375]","[0.6337149129684805, 0.8745058980982913, 0.8943146040203439]",0.005903,outputs/c6_sam1_vit_h_pilot/predictions/059_0_p2_visible_skeleton.png
59:0:p3_visible_box,59,B,Training/Rectal resection/10/70833,0,50,p3_visible_box,0,0,True,False,1,0.96018851,0.84582421,2,0.87415070,"[0.9341622591018677, 0.9601885080337524, 0.9577093124389648]","[0.6408426348058481, 0.8458242101970598, 0.8741507008630716]",0.004913,outputs/c6_sam1_vit_h_pilot/predictions/059_0_p3_visible_box.png
59:0:p4_visible_points_box,59,B,Training/Rectal resection/10/70833,0,50,p4_visible_points_box,3,0,True,False,1,0.97403252,0.88271066,1,0.88271066,"[0.959036648273468, 0.9740325212478638, 0.9145493507385254]","[0.841917405053383, 0.8827106592652654, 0.8638015248987372]",0.005688,outputs/c6_sam1_vit_h_pilot/predictions/059_0_p4_visible_points_box.png
59:0:p5_visible_points_negatives,59,B,Training/Rectal resection/10/70833,0,50,p5_visible_points_negatives,3,0,False,False,1,0.95603418,0.88693483,1,0.88693483,"[0.9384116530418396, 0.9560341835021973, 0.700535774230957]","[0.8403479675814376, 0.8869348300592454, 0.5501572497559918]",0.005477,outputs/c6_sam1_vit_h_pilot/predictions/059_0_p5_visible_points_negatives.png
59:0:p6_visible_points_box_negatives,59,B,Training/Rectal resection/10/70833,0,50,p6_visible_points_box_negatives,3,0,True,False,1,0.97403252,0.88271066,1,0.88271066,"[0.959036648273468, 0.9740325212478638, 0.9145493507385254]","[0.841917405053383, 0.8827106592652654, 0.8638015248987372]",0.005710,outputs/c6_sam1_vit_h_pilot/predictions/059_0_p6_visible_points_box_negatives.png
59:0:p7_shifted_entry_ablation,59,B,Training/Rectal resection/10/70833,0,50,p7_shifted_entry_ablation,3,0,False,False,1,0.95603418,0.88693483,1,0.88693483,"[0.9384116530418396, 0.9560341835021973, 0.700535774230957]","[0.8403479675814376, 0.8869348300592454, 0.5501572497559918]",0.005446,outputs/c6_sam1_vit_h_pilot/predictions/059_0_p7_shifted_entry_ablation.png
18:0:p1_visible_points,18,C,Training/Rectal resection/10/73067,0,50,p1_visible_points,1,0,False,False,1,0.91719365,0.81932094,1,0.81932094,"[0.8402207493782043, 0.9171936511993408, 0.7113639116287231]","[0.020799347471451877, 0.8193209377526274, 0.7937569676700111]",0.020873,outputs/c6_sam1_vit_h_pilot/predictions/018_0_p1_visible_points.png
18:0:p2_visible_skeleton,18,C,Training/Rectal resection/10/73067,0,50,p2_visible_skeleton,1,0,False,False,1,0.91719365,0.81932094,1,0.81932094,"[0.8402207493782043, 0.9171936511993408, 0.7113639116287231]","[0.020799347471451877, 0.8193209377526274, 0.7937569676700111]",0.005666,outputs/c6_sam1_vit_h_pilot/predictions/018_0_p2_visible_skeleton.png
18:0:p3_visible_box,18,C,Training/Rectal resection/10/73067,0,50,p3_visible_box,0,0,True,False,2,0.67602587,0.05254351,1,0.05549430,"[0.5578141212463379, 0.6293553113937378, 0.6760258674621582]","[0.04404567699836868, 0.05549430356486586, 0.05254350736278447]",0.004881,outputs/c6_sam1_vit_h_pilot/predictions/018_0_p3_visible_box.png
18:0:p4_visible_points_box,18,C,Training/Rectal resection/10/73067,0,50,p4_visible_points_box,1,0,True,False,2,0.69182813,0.06196156,1,0.06263422,"[0.615685760974884, 0.6767902374267578, 0.6918281316757202]","[0.059877800407331976, 0.06263421617752327, 0.06196156394963552]",0.005764,outputs/c6_sam1_vit_h_pilot/predictions/018_0_p4_visible_points_box.png
18:0:p5_visible_points_negatives,18,C,Training/Rectal resection/10/73067,0,50,p5_visible_points_negatives,1,0,False,False,1,0.91719365,0.81932094,1,0.81932094,"[0.8402207493782043, 0.9171936511993408, 0.7113639116287231]","[0.020799347471451877, 0.8193209377526274, 0.7937569676700111]",0.005469,outputs/c6_sam1_vit_h_pilot/predictions/018_0_p5_visible_points_negatives.png
18:0:p6_visible_points_box_negatives,18,C,Training/Rectal resection/10/73067,0,50,p6_visible_points_box_negatives,1,0,True,False,2,0.69182813,0.06196156,1,0.06263422,"[0.615685760974884, 0.6767902374267578, 0.6918281316757202]","[0.059877800407331976, 0.06263421617752327, 0.06196156394963552]",0.005688,outputs/c6_sam1_vit_h_pilot/predictions/018_0_p6_visible_points_box_negatives.png
18:0:p7_shifted_entry_ablation,18,C,Training/Rectal resection/10/73067,0,50,p7_shifted_entry_ablation,2,0,False,True,0,0.97968441,0.63078798,1,0.84969697,"[0.9796844124794006, 0.9754165410995483, 0.7031488418579102]","[0.6307879772542648, 0.8496969696969697, 0.16458032418552399]",0.005444,outputs/c6_sam1_vit_h_pilot/predictions/018_0_p7_shifted_entry_ablation.png
169:0:p1_visible_points,169,A,Training/Rectal resection/10/97500,0,50,p1_visible_points,4,0,False,False,1,0.97704792,0.93202464,1,0.93202464,"[0.9077021479606628, 0.9770479202270508, 0.951352596282959]","[0.48148148148148145, 0.9320246364991422, 0.8931315200690083]",0.020641,outputs/c6_sam1_vit_h_pilot/predictions/169_0_p1_visible_points.png
169:0:p2_visible_skeleton,169,A,Training/Rectal resection/10/97500,0,50,p2_visible_skeleton,56,0,False,False,2,0.88371384,0.93099078,2,0.93099078,"[0.7520588040351868, 0.8211616277694702, 0.8837138414382935]","[0.7110279682476456, 0.35556179126157506, 0.9309907849970386]",0.006619,outputs/c6_sam1_vit_h_pilot/predictions/169_0_p2_visible_skeleton.png
169:0:p3_visible_box,169,A,Training/Rectal resection/10/97500,0,50,p3_visible_box,0,0,True,False,1,0.99021912,0.92852392,2,0.93502324,"[0.9088526368141174, 0.9902191162109375, 0.9898267984390259]","[0.8793628116294021, 0.9285239220569714, 0.9350232361639206]",0.004883,outputs/c6_sam1_vit_h_pilot/predictions/169_0_p3_visible_box.png
169:0:p4_visible_points_box,169,A,Training/Rectal resection/10/97500,0,50,p4_visible_points_box,4,0,True,False,1,0.98289418,0.93425251,2,0.93427460,"[0.9511303305625916, 0.9828941822052002, 0.9187577962875366]","[0.6474252314518537, 0.9342525052353445, 0.9342745997984999]",0.006274,outputs/c6_sam1_vit_h_pilot/predictions/169_0_p4_visible_points_box.png
169:0:p5_visible_points_negatives,169,A,Training/Rectal resection/10/97500,0,50,p5_visible_points_negatives,4,1,False,False,1,0.97389543,0.93165706,2,0.93423584,"[0.8844972252845764, 0.9738954305648804, 0.9099434614181519]","[0.4431076905470359, 0.9316570590971234, 0.9342358409751577]",0.006041,outputs/c6_sam1_vit_h_pilot/predictions/169_0_p5_visible_points_negatives.png
169:0:p6_visible_points_box_negatives,169,A,Training/Rectal resection/10/97500,0,50,p6_visible_points_box_negatives,4,1,True,False,1,0.97964680,0.93415430,2,0.93455417,"[0.9472895264625549, 0.9796468019485474, 0.8915470838546753]","[0.6459809779121334, 0.9341542959964012, 0.934554166900185]",0.006367,outputs/c6_sam1_vit_h_pilot/predictions/169_0_p6_visible_points_box_negatives.png
169:0:p7_shifted_entry_ablation,169,A,Training/Rectal resection/10/97500,0,50,p7_shifted_entry_ablation,4,0,False,False,1,0.97704792,0.93202464,1,0.93202464,"[0.9077021479606628, 0.9770479202270508, 0.951352596282959]","[0.48148148148148145, 0.9320246364991422, 0.8931315200690083]",0.005591,outputs/c6_sam1_vit_h_pilot/predictions/169_0_p7_shifted_entry_ablation.png
169:1:p1_visible_points,169,C,Training/Rectal resection/10/97500,1,100,p1_visible_points,1,0,False,False,1,0.96214545,0.93547619,1,0.93547619,"[0.6118309497833252, 0.9621454477310181, 0.7936220169067383]","[0.1362742688621283, 0.9354761904761905, 0.6013357899585444]",0.005906,outputs/c6_sam1_vit_h_pilot/predictions/169_1_p1_visible_points.png
169:1:p2_visible_skeleton,169,C,Training/Rectal resection/10/97500,1,100,p2_visible_skeleton,1,0,False,False,1,0.96214545,0.93547619,1,0.93547619,"[0.6118309497833252, 0.9621454477310181, 0.7936220169067383]","[0.1362742688621283, 0.9354761904761905, 0.6013357899585444]",0.005605,outputs/c6_sam1_vit_h_pilot/predictions/169_1_p2_visible_skeleton.png
169:1:p3_visible_box,169,C,Training/Rectal resection/10/97500,1,100,p3_visible_box,0,0,True,False,2,0.66277277,0.06781915,0,0.09876392,"[0.6626085042953491, 0.6616814136505127, 0.6627727746963501]","[0.09876392118467751, 0.0038396386222473177, 0.0678191489361702]",0.005310,outputs/c6_sam1_vit_h_pilot/predictions/169_1_p3_visible_box.png
169:1:p4_visible_points_box,169,C,Training/Rectal resection/10/97500,1,100,p4_visible_points_box,1,0,True,False,1,0.79029047,0.06761608,0,0.09000491,"[0.7505653500556946, 0.7902904748916626, 0.7280685901641846]","[0.0900049115913556, 0.06761608425083772, 0.06250745556483359]",0.006333,outputs/c6_sam1_vit_h_pilot/predictions/169_1_p4_visible_points_box.png
169:1:p5_visible_points_negatives,169,C,Training/Rectal resection/10/97500,1,100,p5_visible_points_negatives,1,4,False,False,1,0.92097604,0.93177526,1,0.93177526,"[0.6171073913574219, 0.9209760427474976, 0.8099220991134644]","[0.3641758507932663, 0.9317752596789424, 0.6787210395827991]",0.005686,outputs/c6_sam1_vit_h_pilot/predictions/169_1_p5_visible_points_negatives.png
169:1:p6_visible_points_box_negatives,169,C,Training/Rectal resection/10/97500,1,100,p6_visible_points_box_negatives,1,4,True,False,1,0.82644475,0.00211909,0,0.14930683,"[0.7922002077102661, 0.8264447450637817, 0.7982579469680786]","[0.14930683351735982, 0.0021190930281839372, 0.04890275147599421]",0.005979,outputs/c6_sam1_vit_h_pilot/predictions/169_1_p6_visible_points_box_negatives.png
169:1:p7_shifted_entry_ablation,169,C,Training/Rectal resection/10/97500,1,100,p7_shifted_entry_ablation,2,0,False,True,1,0.97251034,0.91567655,0,0.93480081,"[0.9641931056976318, 0.9725103378295898, 0.7367521524429321]","[0.9348008134944371, 0.9156765486215249, 0.58568780126066]",0.005598,outputs/c6_sam1_vit_h_pilot/predictions/169_1_p7_shifted_entry_ablation.png
173:0:p1_visible_points,173,C,Training/Rectal resection/2/13500,0,50,p1_visible_points,1,0,False,False,1,0.98274577,0.85777679,1,0.85777679,"[0.9569740295410156, 0.9827457666397095, 0.7025817632675171]","[0.8374777975133215, 0.8577767916574218, 0.0465077373483898]",0.020377,outputs/c6_sam1_vit_h_pilot/predictions/173_0_p1_visible_points.png
173:0:p2_visible_skeleton,173,C,Training/Rectal resection/2/13500,0,50,p2_visible_skeleton,1,0,False,False,1,0.98274577,0.85777679,1,0.85777679,"[0.9569740295410156, 0.9827457666397095, 0.7025817632675171]","[0.8374777975133215, 0.8577767916574218, 0.0465077373483898]",0.005889,outputs/c6_sam1_vit_h_pilot/predictions/173_0_p2_visible_skeleton.png
173:0:p3_visible_box,173,C,Training/Rectal resection/2/13500,0,50,p3_visible_box,0,0,True,False,2,0.55715919,0.00055046,0,0.10130791,"[0.38057535886764526, 0.5272397994995117, 0.5571591854095459]","[0.10130791398802926, 0.019942388654996677, 0.0005504587155963303]",0.004875,outputs/c6_sam1_vit_h_pilot/predictions/173_0_p3_visible_box.png
173:0:p4_visible_points_box,173,C,Training/Rectal resection/2/13500,0,50,p4_visible_points_box,1,0,True,False,1,0.73300934,0.10028844,1,0.10028844,"[0.6970221996307373, 0.7330093383789062, 0.6340891718864441]","[0.05856255545696539, 0.10028844020412692, 0.013969267611255238]",0.005716,outputs/c6_sam1_vit_h_pilot/predictions/173_0_p4_visible_points_box.png
173:0:p5_visible_points_negatives,173,C,Training/Rectal resection/2/13500,0,50,p5_visible_points_negatives,1,0,False,False,1,0.98274577,0.85777679,1,0.85777679,"[0.9569740295410156, 0.9827457666397095, 0.7025817632675171]","[0.8374777975133215, 0.8577767916574218, 0.0465077373483898]",0.005576,outputs/c6_sam1_vit_h_pilot/predictions/173_0_p5_visible_points_negatives.png
173:0:p6_visible_points_box_negatives,173,C,Training/Rectal resection/2/13500,0,50,p6_visible_points_box_negatives,1,0,True,False,1,0.73300934,0.10028844,1,0.10028844,"[0.6970221996307373, 0.7330093383789062, 0.6340891718864441]","[0.05856255545696539, 0.10028844020412692, 0.013969267611255238]",0.005678,outputs/c6_sam1_vit_h_pilot/predictions/173_0_p6_visible_points_box_negatives.png
173:0:p7_shifted_entry_ablation,173,C,Training/Rectal resection/2/13500,0,50,p7_shifted_entry_ablation,2,0,False,True,0,0.97923571,0.87488909,0,0.87488909,"[0.9792357087135315, 0.8289991617202759, 0.6387878656387329]","[0.8748890860692103, 0.38457826674387185, 0.062318560092897234]",0.005444,outputs/c6_sam1_vit_h_pilot/predictions/173_0_p7_shifted_entry_ablation.png
63:0:p1_visible_points,63,B,Training/Rectal resection/2/172500,0,50,p1_visible_points,3,0,False,False,0,0.98939317,0.88839423,1,0.90623091,"[0.9893931746482849, 0.9850107431411743, 0.8102439641952515]","[0.8883942278170095, 0.9062309102015883, 0.023634574566347592]",0.020511,outputs/c6_sam1_vit_h_pilot/predictions/063_0_p1_visible_points.png
63:0:p2_visible_skeleton,63,B,Training/Rectal resection/2/172500,0,50,p2_visible_skeleton,12,0,False,False,1,0.97338068,0.89347026,1,0.89347026,"[0.9022564888000488, 0.9733806848526001, 0.9390162229537964]","[0.8592615479684845, 0.8934702636419375, 0.06920787837384065]",0.006051,outputs/c6_sam1_vit_h_pilot/predictions/063_0_p2_visible_skeleton.png
63:0:p3_visible_box,63,B,Training/Rectal resection/2/172500,0,50,p3_visible_box,0,0,True,False,0,0.99078763,0.87417219,2,0.89820909,"[0.9907876253128052, 0.9904592037200928, 0.9862700700759888]","[0.8741721854304636, 0.886806942097988, 0.8982090923006276]",0.004902,outputs/c6_sam1_vit_h_pilot/predictions/063_0_p3_visible_box.png
63:0:p4_visible_points_box,63,B,Training/Rectal resection/2/172500,0,50,p4_visible_points_box,3,0,True,False,1,0.98573029,0.89396261,2,0.90934066,"[0.9855441451072693, 0.9857302904129028, 0.9852063655853271]","[0.8835742848354352, 0.8939626110940851, 0.9093406593406593]",0.006013,outputs/c6_sam1_vit_h_pilot/predictions/063_0_p4_visible_points_box.png
63:0:p5_visible_points_negatives,63,B,Training/Rectal resection/2/172500,0,50,p5_visible_points_negatives,3,2,False,False,0,0.98234552,0.88416039,1,0.90051956,"[0.9823455214500427, 0.9677799940109253, 0.7535455226898193]","[0.8841603933015825, 0.9005195599022005, 0.027765448146856473]",0.005478,outputs/c6_sam1_vit_h_pilot/predictions/063_0_p5_visible_points_negatives.png
63:0:p6_visible_points_box_negatives,63,B,Training/Rectal resection/2/172500,0,50,p6_visible_points_box_negatives,3,2,True,False,1,0.98599851,0.89580783,2,0.91506849,"[0.985866129398346, 0.9859985113143921, 0.9765973091125488]","[0.8851652574942352, 0.8958078335373317, 0.915068493150685]",0.007627,outputs/c6_sam1_vit_h_pilot/predictions/063_0_p6_visible_points_box_negatives.png
63:0:p7_shifted_entry_ablation,63,B,Training/Rectal resection/2/172500,0,50,p7_shifted_entry_ablation,3,0,False,False,0,0.98939317,0.88839423,1,0.90623091,"[0.9893931746482849, 0.9850107431411743, 0.8102439641952515]","[0.8883942278170095, 0.9062309102015883, 0.023634574566347592]",0.005613,outputs/c6_sam1_vit_h_pilot/predictions/063_0_p7_shifted_entry_ablation.png
63:1:p1_visible_points,63,B,Training/Rectal resection/2/172500,1,100,p1_visible_points,2,0,False,False,0,0.96450710,0.90222222,0,0.90222222,"[0.9645071029663086, 0.7309252023696899, 0.8036566972732544]","[0.9022222222222223, 0.12385852817279693, 0.017174603415214606]",0.005421,outputs/c6_sam1_vit_h_pilot/predictions/063_1_p1_visible_points.png
63:1:p2_visible_skeleton,63,B,Training/Rectal resection/2/172500,1,100,p2_visible_skeleton,8,0,False,False,0,0.96012825,0.90763052,0,0.90763052,"[0.9601282477378845, 0.9071918725967407, 0.8808021545410156]","[0.9076305220883534, 0.2676271289909041, 0.060535144202153564]",0.006394,outputs/c6_sam1_vit_h_pilot/predictions/063_1_p2_visible_skeleton.png
63:1:p3_visible_box,63,B,Training/Rectal resection/2/172500,1,100,p3_visible_box,0,0,True,False,1,0.97603214,0.90521427,2,0.91486685,"[0.9725397229194641, 0.9760321378707886, 0.967863917350769]","[0.8857446808510638, 0.9052142706354233, 0.9148668483958902]",0.005608,outputs/c6_sam1_vit_h_pilot/predictions/063_1_p3_visible_box.png
63:1:p4_visible_points_box,63,B,Training/Rectal resection/2/172500,1,100,p4_visible_points_box,2,0,True,False,1,0.97329855,0.91067675,2,0.91378950,"[0.970910370349884, 0.9732985496520996, 0.9679771661758423]","[0.8917657045840407, 0.91067675493905, 0.9137894957103997]",0.006020,outputs/c6_sam1_vit_h_pilot/predictions/063_1_p4_visible_points_box.png
63:1:p5_visible_points_negatives,63,B,Training/Rectal resection/2/172500,1,100,p5_visible_points_negatives,2,3,False,False,0,0.96313196,0.89475918,0,0.89475918,"[0.9631319642066956, 0.8201190233230591, 0.8105595111846924]","[0.8947591767451729, 0.09545167541204903, 0.052869767662849815]",0.006028,outputs/c6_sam1_vit_h_pilot/predictions/063_1_p5_visible_points_negatives.png
63:1:p6_visible_points_box_negatives,63,B,Training/Rectal resection/2/172500,1,100,p6_visible_points_box_negatives,2,3,True,False,0,0.97310084,0.88841658,2,0.91294315,"[0.9731008410453796, 0.9706350564956665, 0.9634066820144653]","[0.8884165781083954, 0.9064672424689277, 0.9129431508286134]",0.005658,outputs/c6_sam1_vit_h_pilot/predictions/063_1_p6_visible_points_box_negatives.png
63:1:p7_shifted_entry_ablation,63,B,Training/Rectal resection/2/172500,1,100,p7_shifted_entry_ablation,2,0,False,False,0,0.96450710,0.90222222,0,0.90222222,"[0.9645071029663086, 0.7309252023696899, 0.8036566972732544]","[0.9022222222222223, 0.12385852817279693, 0.017174603415214606]",0.005669,outputs/c6_sam1_vit_h_pilot/predictions/063_1_p7_shifted_entry_ablation.png
177:0:p1_visible_points,177,C,Training/Rectal resection/2/269923,0,50,p1_visible_points,2,0,False,False,2,0.90366304,0.00460398,0,0.13725720,"[0.8845871090888977, 0.8773573637008667, 0.9036630392074585]","[0.1372571963491692, 0.1263262599469496, 0.00460397622890464]",0.020437,outputs/c6_sam1_vit_h_pilot/predictions/177_0_p1_visible_points.png
177:0:p2_visible_skeleton,177,C,Training/Rectal resection/2/269923,0,50,p2_visible_skeleton,2,0,False,False,2,0.90366304,0.00460398,0,0.13725720,"[0.8845871090888977, 0.8773573637008667, 0.9036630392074585]","[0.1372571963491692, 0.1263262599469496, 0.00460397622890464]",0.005509,outputs/c6_sam1_vit_h_pilot/predictions/177_0_p2_visible_skeleton.png
177:0:p3_visible_box,177,C,Training/Rectal resection/2/269923,0,50,p3_visible_box,0,0,True,False,2,0.96882868,0.11900888,2,0.11900888,"[0.905576765537262, 0.9572817087173462, 0.9688286781311035]","[0.06509524462107716, 0.07393939393939394, 0.11900888499562007]",0.005260,outputs/c6_sam1_vit_h_pilot/predictions/177_0_p3_visible_box.png
177:0:p4_visible_points_box,177,C,Training/Rectal resection/2/269923,0,50,p4_visible_points_box,2,0,True,False,2,0.97944462,0.13970322,0,0.55105558,"[0.7990473508834839, 0.9581656455993652, 0.9794446229934692]","[0.5510555794915984, 0.13142204744386654, 0.1397032211364459]",0.006042,outputs/c6_sam1_vit_h_pilot/predictions/177_0_p4_visible_points_box.png
177:0:p5_visible_points_negatives,177,C,Training/Rectal resection/2/269923,0,50,p5_visible_points_negatives,2,0,False,False,2,0.90366304,0.00460398,0,0.13725720,"[0.8845871090888977, 0.8773573637008667, 0.9036630392074585]","[0.1372571963491692, 0.1263262599469496, 0.00460397622890464]",0.005404,outputs/c6_sam1_vit_h_pilot/predictions/177_0_p5_visible_points_negatives.png
177:0:p6_visible_points_box_negatives,177,C,Training/Rectal resection/2/269923,0,50,p6_visible_points_box_negatives,2,0,True,False,2,0.97944462,0.13970322,0,0.55105558,"[0.7990473508834839, 0.9581656455993652, 0.9794446229934692]","[0.5510555794915984, 0.13142204744386654, 0.1397032211364459]",0.005677,outputs/c6_sam1_vit_h_pilot/predictions/177_0_p6_visible_points_box_negatives.png
177:0:p7_shifted_entry_ablation,177,C,Training/Rectal resection/2/269923,0,50,p7_shifted_entry_ablation,3,0,False,True,1,0.95588410,0.13124644,0,0.43030303,"[0.7557138204574585, 0.9558840990066528, 0.9205490350723267]","[0.4303030303030303, 0.13124644280022765, 0.004574922812262896]",0.005436,outputs/c6_sam1_vit_h_pilot/predictions/177_0_p7_shifted_entry_ablation.png
30:0:p1_visible_points,30,B,Training/Rectal resection/2/39000,0,50,p1_visible_points,3,0,False,False,0,0.99051183,0.94372783,0,0.94372783,"[0.9905118346214294, 0.8782457113265991, 0.8751894235610962]","[0.9437278339682122, 0.7341842951599049, 0.13635746996212497]",0.020395,outputs/c6_sam1_vit_h_pilot/predictions/030_0_p1_visible_points.png
30:0:p2_visible_skeleton,30,B,Training/Rectal resection/2/39000,0,50,p2_visible_skeleton,20,0,False,False,1,0.98209846,0.95167973,1,0.95167973,"[0.9659599661827087, 0.9820984601974487, 0.973076343536377]","[0.9292647254354474, 0.9516797297653921, 0.49762726488352027]",0.006055,outputs/c6_sam1_vit_h_pilot/predictions/030_0_p2_visible_skeleton.png
30:0:p3_visible_box,30,B,Training/Rectal resection/2/39000,0,50,p3_visible_box,0,0,True,False,2,0.99411786,0.95247792,2,0.95247792,"[0.9780083298683167, 0.9891800880432129, 0.9941178560256958]","[0.7962164750957854, 0.9459100448978508, 0.9524779182313429]",0.004927,outputs/c6_sam1_vit_h_pilot/predictions/030_0_p3_visible_box.png
30:0:p4_visible_points_box,30,B,Training/Rectal resection/2/39000,0,50,p4_visible_points_box,3,0,True,False,1,0.99315631,0.95133013,2,0.95166649,"[0.9883818626403809, 0.9931563138961792, 0.9862416982650757]","[0.9358640136199191, 0.9513301328806726, 0.9516664908764898]",0.006252,outputs/c6_sam1_vit_h_pilot/predictions/030_0_p4_visible_points_box.png
30:0:p5_visible_points_negatives,30,B,Training/Rectal resection/2/39000,0,50,p5_visible_points_negatives,3,7,False,False,0,0.95785522,0.93914592,1,0.95453348,"[0.957855224609375, 0.9129794836044312, 0.8721157312393188]","[0.9391459169301906, 0.9545334808492704, 0.28197246074894566]",0.005702,outputs/c6_sam1_vit_h_pilot/predictions/030_0_p5_visible_points_negatives.png
30:0:p6_visible_points_box_negatives,30,B,Training/Rectal resection/2/39000,0,50,p6_visible_points_box_negatives,3,7,True,False,1,0.98242533,0.94841723,2,0.95401571,"[0.97834712266922, 0.982425332069397, 0.9598909616470337]","[0.9257593100327415, 0.9484172260991854, 0.954015714813057]",0.006280,outputs/c6_sam1_vit_h_pilot/predictions/030_0_p6_visible_points_box_negatives.png
30:0:p7_shifted_entry_ablation,30,B,Training/Rectal resection/2/39000,0,50,p7_shifted_entry_ablation,3,0,False,False,0,0.99051183,0.94372783,0,0.94372783,"[0.9905118346214294, 0.8782457113265991, 0.8751894235610962]","[0.9437278339682122, 0.7341842951599049, 0.13635746996212497]",0.005679,outputs/c6_sam1_vit_h_pilot/predictions/030_0_p7_shifted_entry_ablation.png
30:1:p1_visible_points,30,B,Training/Rectal resection/2/39000,1,150,p1_visible_points,3,0,False,False,0,0.96906638,0.91436926,0,0.91436926,"[0.9690663814544678, 0.9343689680099487, 0.7108722925186157]","[0.9143692564745196, 0.3721707818930041, 0.06654719235364397]",0.005425,outputs/c6_sam1_vit_h_pilot/predictions/030_1_p1_visible_points.png
30:1:p2_visible_skeleton,30,B,Training/Rectal resection/2/39000,1,150,p2_visible_skeleton,12,0,False,False,1,0.96167219,0.91924686,1,0.91924686,"[0.9099472165107727, 0.9616721868515015, 0.9184203147888184]","[0.8946356058986963, 0.9192468619246862, 0.9051473640514737]",0.005829,outputs/c6_sam1_vit_h_pilot/predictions/030_1_p2_visible_skeleton.png
30:1:p3_visible_box,30,B,Training/Rectal resection/2/39000,1,150,p3_visible_box,0,0,True,False,1,0.97388208,0.91983299,1,0.91983299,"[0.97376948595047, 0.9738820791244507, 0.962417721748352]","[0.9106310885218127, 0.9198329853862213, 0.9102381437003867]",0.004888,outputs/c6_sam1_vit_h_pilot/predictions/030_1_p3_visible_box.png
30:1:p4_visible_points_box,30,B,Training/Rectal resection/2/39000,1,150,p4_visible_points_box,3,0,True,False,1,0.96775436,0.91745770,1,0.91745770,"[0.9648360013961792, 0.9677543640136719, 0.9566421508789062]","[0.9171920975199663, 0.9174576970697482, 0.8961835080087008]",0.005916,outputs/c6_sam1_vit_h_pilot/predictions/030_1_p4_visible_points_box.png
30:1:p5_visible_points_negatives,30,B,Training/Rectal resection/2/39000,1,150,p5_visible_points_negatives,3,7,False,False,0,0.93134272,0.92113565,0,0.92113565,"[0.9313427209854126, 0.7776926755905151, 0.748418927192688]","[0.9211356466876972, 0.8700918148075796, 0.07143647223656073]",0.006193,outputs/c6_sam1_vit_h_pilot/predictions/030_1_p5_visible_points_negatives.png
30:1:p6_visible_points_box_negatives,30,B,Training/Rectal resection/2/39000,1,150,p6_visible_points_box_negatives,3,7,True,False,0,0.94131255,0.91875923,0,0.91875923,"[0.9413125514984131, 0.9120880365371704, 0.8395276069641113]","[0.9187592319054653, 0.9166666666666666, 0.6679223413503332]",0.006104,outputs/c6_sam1_vit_h_pilot/predictions/030_1_p6_visible_points_box_negatives.png
30:1:p7_shifted_entry_ablation,30,B,Training/Rectal resection/2/39000,1,150,p7_shifted_entry_ablation,3,0,False,False,0,0.96906638,0.91436926,0,0.91436926,"[0.9690663814544678, 0.9343689680099487, 0.7108722925186157]","[0.9143692564745196, 0.3721707818930041, 0.06654719235364397]",0.005644,outputs/c6_sam1_vit_h_pilot/predictions/030_1_p7_shifted_entry_ablation.png
30:2:p1_visible_points,30,A,Training/Rectal resection/2/39000,2,100,p1_visible_points,4,0,False,False,2,0.95302725,0.02923404,0,0.88581519,"[0.9339779615402222, 0.7406773567199707, 0.9530272483825684]","[0.8858151854031784, 0.30741112673227555, 0.029234044580269035]",0.005437,outputs/c6_sam1_vit_h_pilot/predictions/030_2_p1_visible_points.png
30:2:p2_visible_skeleton,30,A,Training/Rectal resection/2/39000,2,100,p2_visible_skeleton,18,0,False,False,1,0.95196974,0.88772846,1,0.88772846,"[0.9211941361427307, 0.9519697427749634, 0.915786623954773]","[0.8339824732229796, 0.8877284595300261, 0.18278912204761458]",0.005827,outputs/c6_sam1_vit_h_pilot/predictions/030_2_p2_visible_skeleton.png
30:2:p3_visible_box,30,A,Training/Rectal resection/2/39000,2,100,p3_visible_box,0,0,True,False,1,0.96330047,0.87779649,2,0.88474295,"[0.9578719139099121, 0.9633004665374756, 0.958782434463501]","[0.8483591557887031, 0.8777964878518162, 0.884742951907131]",0.004894,outputs/c6_sam1_vit_h_pilot/predictions/030_2_p3_visible_box.png
30:2:p4_visible_points_box,30,A,Training/Rectal resection/2/39000,2,100,p4_visible_points_box,4,0,True,False,1,0.96001780,0.88115232,1,0.88115232,"[0.9522282481193542, 0.9600178003311157, 0.8974804878234863]","[0.8806416856219322, 0.8811523209703755, 0.8764070755800597]",0.005927,outputs/c6_sam1_vit_h_pilot/predictions/030_2_p4_visible_points_box.png
30:2:p5_visible_points_negatives,30,A,Training/Rectal resection/2/39000,2,100,p5_visible_points_negatives,4,6,False,False,2,0.81709552,0.01452764,0,0.88459704,"[0.8021390438079834, 0.6740810871124268, 0.8170955181121826]","[0.8845970433953266, 0.2734670154024993, 0.014527642176521185]",0.005482,outputs/c6_sam1_vit_h_pilot/predictions/030_2_p5_visible_points_negatives.png
30:2:p6_visible_points_box_negatives,30,A,Training/Rectal resection/2/39000,2,100,p6_visible_points_box_negatives,4,6,True,False,0,0.91060549,0.87924392,1,0.88275137,"[0.9106054902076721, 0.8667320013046265, 0.8084853887557983]","[0.8792439200577895, 0.8827513721826463, 0.09163403010427972]",0.006045,outputs/c6_sam1_vit_h_pilot/predictions/030_2_p6_visible_points_box_negatives.png
30:2:p7_shifted_entry_ablation,30,A,Training/Rectal resection/2/39000,2,100,p7_shifted_entry_ablation,4,0,False,False,2,0.95302725,0.02923404,0,0.88581519,"[0.9339779615402222, 0.7406773567199707, 0.9530272483825684]","[0.8858151854031784, 0.30741112673227555, 0.029234044580269035]",0.005464,outputs/c6_sam1_vit_h_pilot/predictions/030_2_p7_shifted_entry_ablation.png
141:0:p1_visible_points,141,A,Training/Rectal resection/3/105000,0,150,p1_visible_points,4,0,False,False,2,0.98107040,0.01774130,0,0.26625111,"[0.8054189085960388, 0.9303245544433594, 0.9810703992843628]","[0.26625111308993765, 0.038085431475453395, 0.01774130423393745]",0.020374,outputs/c6_sam1_vit_h_pilot/predictions/141_0_p1_visible_points.png
141:0:p2_visible_skeleton,141,A,Training/Rectal resection/3/105000,0,150,p2_visible_skeleton,16,0,False,False,2,0.89221430,0.02036129,0,0.63034752,"[0.820231556892395, 0.7817789316177368, 0.892214298248291]","[0.6303475169170777, 0.479706029731084, 0.02036129224630916]",0.005876,outputs/c6_sam1_vit_h_pilot/predictions/141_0_p2_visible_skeleton.png
141:0:p3_visible_box,141,A,Training/Rectal resection/3/105000,0,150,p3_visible_box,0,0,True,False,2,0.89648938,0.23995855,1,0.42456658,"[0.8099562525749207, 0.8468999862670898, 0.8964893817901611]","[0.19725870335626433, 0.42456658059756547, 0.23995854922279794]",0.004891,outputs/c6_sam1_vit_h_pilot/predictions/141_0_p3_visible_box.png
141:0:p4_visible_points_box,141,A,Training/Rectal resection/3/105000,0,150,p4_visible_points_box,4,0,True,False,2,0.93449426,0.20567125,0,0.52179849,"[0.7835496068000793, 0.8675583600997925, 0.9344942569732666]","[0.5217984891235096, 0.24470459426453867, 0.20567125128168864]",0.005913,outputs/c6_sam1_vit_h_pilot/predictions/141_0_p4_visible_points_box.png
141:0:p5_visible_points_negatives,141,A,Training/Rectal resection/3/105000,0,150,p5_visible_points_negatives,4,3,False,False,1,0.95898819,0.02548484,0,0.24407493,"[0.8142555356025696, 0.9589881896972656, 0.9573554992675781]","[0.24407493159334878, 0.02548483561595357, 0.019616181478596045]",0.005702,outputs/c6_sam1_vit_h_pilot/predictions/141_0_p5_visible_points_negatives.png
141:0:p6_visible_points_box_negatives,141,A,Training/Rectal resection/3/105000,0,150,p6_visible_points_box_negatives,4,3,True,False,2,0.93097138,0.17862736,0,0.44235821,"[0.8383548855781555, 0.8768284320831299, 0.9309713840484619]","[0.44235821356822747, 0.24367393031912668, 0.1786273606632888]",0.005873,outputs/c6_sam1_vit_h_pilot/predictions/141_0_p6_visible_points_box_negatives.png
141:0:p7_shifted_entry_ablation,141,A,Training/Rectal resection/3/105000,0,150,p7_shifted_entry_ablation,4,0,False,False,2,0.98107040,0.01774130,0,0.26625111,"[0.8054189085960388, 0.9303245544433594, 0.9810703992843628]","[0.26625111308993765, 0.038085431475453395, 0.01774130423393745]",0.006256,outputs/c6_sam1_vit_h_pilot/predictions/141_0_p7_shifted_entry_ablation.png
141:1:p1_visible_points,141,C,Training/Rectal resection/3/105000,1,50,p1_visible_points,1,0,False,False,0,0.97196895,0.50352482,0,0.50352482,"[0.971968948841095, 0.8044717311859131, 0.6792495250701904]","[0.503524823758812, 0.33437226064088826, 0.09771846749892381]",0.006442,outputs/c6_sam1_vit_h_pilot/predictions/141_1_p1_visible_points.png
141:1:p2_visible_skeleton,141,C,Training/Rectal resection/3/105000,1,50,p2_visible_skeleton,1,0,False,False,0,0.97196895,0.50352482,0,0.50352482,"[0.971968948841095, 0.8044717311859131, 0.6792495250701904]","[0.503524823758812, 0.33437226064088826, 0.09771846749892381]",0.005958,outputs/c6_sam1_vit_h_pilot/predictions/141_1_p2_visible_skeleton.png
141:1:p3_visible_box,141,C,Training/Rectal resection/3/105000,1,50,p3_visible_box,0,0,True,False,1,0.79248190,0.12183978,1,0.12183978,"[0.6914110779762268, 0.7924818992614746, 0.7016909122467041]","[0.09291698400609291, 0.12183978068839477, 0.08550746493741516]",0.004904,outputs/c6_sam1_vit_h_pilot/predictions/141_1_p3_visible_box.png
141:1:p4_visible_points_box,141,C,Training/Rectal resection/3/105000,1,50,p4_visible_points_box,1,0,True,False,1,0.88004768,0.13767895,1,0.13767895,"[0.7992201447486877, 0.8800476789474487, 0.8192223310470581]","[0.11348057882711349, 0.1376789521778861, 0.13291717417783191]",0.005704,outputs/c6_sam1_vit_h_pilot/predictions/141_1_p4_visible_points_box.png
141:1:p5_visible_points_negatives,141,C,Training/Rectal resection/3/105000,1,50,p5_visible_points_negatives,1,6,False,False,0,0.91018522,0.48403722,0,0.48403722,"[0.9101852178573608, 0.8514430522918701, 0.757722020149231]","[0.4840372226198998, 0.3353599691179309, 0.10137035485608283]",0.005511,outputs/c6_sam1_vit_h_pilot/predictions/141_1_p5_visible_points_negatives.png
141:1:p6_visible_points_box_negatives,141,C,Training/Rectal resection/3/105000,1,50,p6_visible_points_box_negatives,1,6,True,False,0,0.86735040,0.18120301,0,0.18120301,"[0.8673503994941711, 0.8401447534561157, 0.7867331504821777]","[0.181203007518797, 0.17163271511097597, 0.12459840759882665]",0.005748,outputs/c6_sam1_vit_h_pilot/predictions/141_1_p6_visible_points_box_negatives.png
141:1:p7_shifted_entry_ablation,141,C,Training/Rectal resection/3/105000,1,50,p7_shifted_entry_ablation,2,0,False,True,0,0.97765642,0.50434783,0,0.50434783,"[0.9776564240455627, 0.8320786952972412, 0.7682305574417114]","[0.5043478260869565, 0.3377808299813598, 0.10258128423260693]",0.005471,outputs/c6_sam1_vit_h_pilot/predictions/141_1_p7_shifted_entry_ablation.png
141:2:p1_visible_points,141,C,Training/Rectal resection/3/105000,2,100,p1_visible_points,2,0,False,False,2,0.98343456,0.02794211,0,0.43976957,"[0.8624410629272461, 0.9233211278915405, 0.9834345579147339]","[0.4397695710317869, 0.293181897120628, 0.027942107313272957]",0.005426,outputs/c6_sam1_vit_h_pilot/predictions/141_2_p1_visible_points.png
141:2:p2_visible_skeleton,141,C,Training/Rectal resection/3/105000,2,100,p2_visible_skeleton,2,0,False,False,2,0.98343456,0.02794211,0,0.43976957,"[0.8624410629272461, 0.9233211278915405, 0.9834345579147339]","[0.4397695710317869, 0.293181897120628, 0.027942107313272957]",0.005433,outputs/c6_sam1_vit_h_pilot/predictions/141_2_p2_visible_skeleton.png
141:2:p3_visible_box,141,C,Training/Rectal resection/3/105000,2,100,p3_visible_box,0,0,True,False,1,0.83468258,0.35906516,2,0.39935096,"[0.6429994106292725, 0.8346825838088989, 0.8316657543182373]","[0.20425177157148813, 0.3590651558073654, 0.3993509592440584]",0.004861,outputs/c6_sam1_vit_h_pilot/predictions/141_2_p3_visible_box.png
141:2:p4_visible_points_box,141,C,Training/Rectal resection/3/105000,2,100,p4_visible_points_box,2,0,True,False,2,0.88462543,0.51766139,2,0.51766139,"[0.6526402235031128, 0.8687137365341187, 0.8846254348754883]","[0.45685997171145687, 0.5041136141038198, 0.5176613885505481]",0.005714,outputs/c6_sam1_vit_h_pilot/predictions/141_2_p4_visible_points_box.png
141:2:p5_visible_points_negatives,141,C,Training/Rectal resection/3/105000,2,100,p5_visible_points_negatives,2,5,False,False,1,0.94939601,0.28986561,0,0.53309010,"[0.7821257710456848, 0.949396014213562, 0.9278157949447632]","[0.5330900983074897, 0.28986561374341924, 0.26328562538892347]",0.005563,outputs/c6_sam1_vit_h_pilot/predictions/141_2_p5_visible_points_negatives.png
141:2:p6_visible_points_box_negatives,141,C,Training/Rectal resection/3/105000,2,100,p6_visible_points_box_negatives,2,5,True,False,2,0.83966553,0.62822406,2,0.62822406,"[0.7087569236755371, 0.8106088638305664, 0.8396655321121216]","[0.46935323383084576, 0.5755432036382011, 0.6282240555796786]",0.005709,outputs/c6_sam1_vit_h_pilot/predictions/141_2_p6_visible_points_box_negatives.png
141:2:p7_shifted_entry_ablation,141,C,Training/Rectal resection/3/105000,2,100,p7_shifted_entry_ablation,3,0,False,True,2,0.95822561,0.02759364,1,0.26504870,"[0.9007598757743835, 0.8750735521316528, 0.9582256078720093]","[0.0006387444109864039, 0.26504870397886743, 0.02759363936983214]",0.005413,outputs/c6_sam1_vit_h_pilot/predictions/141_2_p7_shifted_entry_ablation.png
149:0:p1_visible_points,149,C,Training/Rectal resection/3/148500,0,50,p1_visible_points,2,0,False,False,0,0.92786878,0.17817190,1,0.81882674,"[0.9278687834739685, 0.9238729476928711, 0.6124254465103149]","[0.1781718963165075, 0.8188267394270122, 0.010110282942013302]",0.020425,outputs/c6_sam1_vit_h_pilot/predictions/149_0_p1_visible_points.png
149:0:p2_visible_skeleton,149,C,Training/Rectal resection/3/148500,0,50,p2_visible_skeleton,2,0,False,False,0,0.92786878,0.17817190,1,0.81882674,"[0.9278687834739685, 0.9238729476928711, 0.6124254465103149]","[0.1781718963165075, 0.8188267394270122, 0.010110282942013302]",0.005515,outputs/c6_sam1_vit_h_pilot/predictions/149_0_p2_visible_skeleton.png
149:0:p3_visible_box,149,C,Training/Rectal resection/3/148500,0,50,p3_visible_box,0,0,True,False,1,0.94009912,0.17326057,2,0.20768602,"[0.9129653573036194, 0.9400991201400757, 0.9114556312561035]","[0.1625750136388434, 0.17326057298772168, 0.20768601798855274]",0.004865,outputs/c6_sam1_vit_h_pilot/predictions/149_0_p3_visible_box.png
149:0:p4_visible_points_box,149,C,Training/Rectal resection/3/148500,0,50,p4_visible_points_box,2,0,True,False,1,0.95868862,0.21527967,2,0.31268759,"[0.9332035183906555, 0.9586886167526245, 0.9529743194580078]","[0.17266775777414076, 0.21527967257844474, 0.31268758526603]",0.005706,outputs/c6_sam1_vit_h_pilot/predictions/149_0_p4_visible_points_box.png
149:0:p5_visible_points_negatives,149,C,Training/Rectal resection/3/148500,0,50,p5_visible_points_negatives,2,0,False,False,0,0.92786878,0.17817190,1,0.81882674,"[0.9278687834739685, 0.9238729476928711, 0.6124254465103149]","[0.1781718963165075, 0.8188267394270122, 0.010110282942013302]",0.005686,outputs/c6_sam1_vit_h_pilot/predictions/149_0_p5_visible_points_negatives.png
149:0:p6_visible_points_box_negatives,149,C,Training/Rectal resection/3/148500,0,50,p6_visible_points_box_negatives,2,0,True,False,1,0.95868862,0.21527967,2,0.31268759,"[0.9332035183906555, 0.9586886167526245, 0.9529743194580078]","[0.17266775777414076, 0.21527967257844474, 0.31268758526603]",0.005798,outputs/c6_sam1_vit_h_pilot/predictions/149_0_p6_visible_points_box_negatives.png
149:0:p7_shifted_entry_ablation,149,C,Training/Rectal resection/3/148500,0,50,p7_shifted_entry_ablation,3,0,False,True,1,0.95760643,0.82319236,1,0.82319236,"[0.9376423954963684, 0.9576064348220825, 0.771430253982544]","[0.17735334242837653, 0.8231923601637108, 0.010368754117583062]",0.005657,outputs/c6_sam1_vit_h_pilot/predictions/149_0_p7_shifted_entry_ablation.png
91:0:p1_visible_points,91,B,Training/Rectal resection/3/54000,0,50,p1_visible_points,3,0,False,False,2,0.97892499,0.03140337,1,0.90295076,"[0.9661761522293091, 0.9655152559280396, 0.9789249897003174]","[0.8543670642554829, 0.9029507568499713, 0.03140337236989164]",0.020380,outputs/c6_sam1_vit_h_pilot/predictions/091_0_p1_visible_points.png
91:0:p2_visible_skeleton,91,B,Training/Rectal resection/3/54000,0,50,p2_visible_skeleton,14,0,False,False,1,0.95408356,0.89829207,1,0.89829207,"[0.9498885273933411, 0.9540835618972778, 0.9176359176635742]","[0.8498460946517892, 0.8982920744578776, 0.030768146711640916]",0.005849,outputs/c6_sam1_vit_h_pilot/predictions/091_0_p2_visible_skeleton.png
91:0:p3_visible_box,91,B,Training/Rectal resection/3/54000,0,50,p3_visible_box,0,0,True,False,1,0.97146916,0.86236063,2,0.89826612,"[0.9603801369667053, 0.9714691638946533, 0.9706274271011353]","[0.8313287789858559, 0.8623606305267205, 0.8982661174441996]",0.004917,outputs/c6_sam1_vit_h_pilot/predictions/091_0_p3_visible_box.png
91:0:p4_visible_points_box,91,B,Training/Rectal resection/3/54000,0,50,p4_visible_points_box,3,0,True,False,1,0.96868956,0.89986572,2,0.90484791,"[0.9645122289657593, 0.9686895608901978, 0.9331396818161011]","[0.8614156568570879, 0.8998657203145981, 0.9048479087452471]",0.005716,outputs/c6_sam1_vit_h_pilot/predictions/091_0_p4_visible_points_box.png
91:0:p5_visible_points_negatives,91,B,Training/Rectal resection/3/54000,0,50,p5_visible_points_negatives,3,0,False,False,2,0.97892499,0.03140337,1,0.90295076,"[0.9661761522293091, 0.9655152559280396, 0.9789249897003174]","[0.8543670642554829, 0.9029507568499713, 0.03140337236989164]",0.005491,outputs/c6_sam1_vit_h_pilot/predictions/091_0_p5_visible_points_negatives.png
91:0:p6_visible_points_box_negatives,91,B,Training/Rectal resection/3/54000,0,50,p6_visible_points_box_negatives,3,0,True,False,1,0.96868956,0.89986572,2,0.90484791,"[0.9645122289657593, 0.9686895608901978, 0.9331396818161011]","[0.8614156568570879, 0.8998657203145981, 0.9048479087452471]",0.005686,outputs/c6_sam1_vit_h_pilot/predictions/091_0_p6_visible_points_box_negatives.png
91:0:p7_shifted_entry_ablation,91,B,Training/Rectal resection/3/54000,0,50,p7_shifted_entry_ablation,3,0,False,False,2,0.97892499,0.03140337,1,0.90295076,"[0.9661761522293091, 0.9655152559280396, 0.9789249897003174]","[0.8543670642554829, 0.9029507568499713, 0.03140337236989164]",0.005446,outputs/c6_sam1_vit_h_pilot/predictions/091_0_p7_shifted_entry_ablation.png
140:0:p1_visible_points,140,A,Training/Rectal resection/6/223500,0,50,p1_visible_points,4,0,False,False,1,0.96689141,0.88972890,1,0.88972890,"[0.870866596698761, 0.9668914079666138, 0.7595150470733643]","[0.6598595290090303, 0.8897288996515268, 0.11046464287564862]",0.020385,outputs/c6_sam1_vit_h_pilot/predictions/140_0_p1_visible_points.png
140:0:p2_visible_skeleton,140,A,Training/Rectal resection/6/223500,0,50,p2_visible_skeleton,18,0,False,False,2,0.96729457,0.89494508,2,0.89494508,"[0.9302768111228943, 0.9536639451980591, 0.9672945737838745]","[0.7912120493358634, 0.8727068292105574, 0.8949450809023267]",0.006092,outputs/c6_sam1_vit_h_pilot/predictions/140_0_p2_visible_skeleton.png
140:0:p3_visible_box,140,A,Training/Rectal resection/6/223500,0,50,p3_visible_box,0,0,True,False,2,0.98472464,0.89672693,2,0.89672693,"[0.9632980227470398, 0.9835084676742554, 0.9847246408462524]","[0.7919160789426894, 0.8749778224614111, 0.8967269289849935]",0.005123,outputs/c6_sam1_vit_h_pilot/predictions/140_0_p3_visible_box.png
140:0:p4_visible_points_box,140,A,Training/Rectal resection/6/223500,0,50,p4_visible_points_box,4,0,True,False,2,0.98247743,0.91692127,2,0.91692127,"[0.9088290929794312, 0.9774420261383057, 0.9824774265289307]","[0.8702105014191107, 0.8884422110552764, 0.9169212690951821]",0.005804,outputs/c6_sam1_vit_h_pilot/predictions/140_0_p4_visible_points_box.png
140:0:p5_visible_points_negatives,140,A,Training/Rectal resection/6/223500,0,50,p5_visible_points_negatives,4,0,False,False,1,0.96689141,0.88972890,1,0.88972890,"[0.870866596698761, 0.9668914079666138, 0.7595150470733643]","[0.6598595290090303, 0.8897288996515268, 0.11046464287564862]",0.005477,outputs/c6_sam1_vit_h_pilot/predictions/140_0_p5_visible_points_negatives.png
140:0:p6_visible_points_box_negatives,140,A,Training/Rectal resection/6/223500,0,50,p6_visible_points_box_negatives,4,0,True,False,2,0.98247743,0.91692127,2,0.91692127,"[0.9088290929794312, 0.9774420261383057, 0.9824774265289307]","[0.8702105014191107, 0.8884422110552764, 0.9169212690951821]",0.005709,outputs/c6_sam1_vit_h_pilot/predictions/140_0_p6_visible_points_box_negatives.png
140:0:p7_shifted_entry_ablation,140,A,Training/Rectal resection/6/223500,0,50,p7_shifted_entry_ablation,4,0,False,False,1,0.96689141,0.88972890,1,0.88972890,"[0.870866596698761, 0.9668914079666138, 0.7595150470733643]","[0.6598595290090303, 0.8897288996515268, 0.11046464287564862]",0.005461,outputs/c6_sam1_vit_h_pilot/predictions/140_0_p7_shifted_entry_ablation.png
92:0:p1_visible_points,92,B,Training/Rectal resection/6/388500,0,100,p1_visible_points,2,0,False,False,2,1.01270306,0.01916396,0,0.93337326,"[0.9787359833717346, 0.9563916921615601, 1.0127030611038208]","[0.9333732594699805, 0.30320937830306527, 0.01916395830998543]",0.020416,outputs/c6_sam1_vit_h_pilot/predictions/092_0_p1_visible_points.png
92:0:p2_visible_skeleton,92,B,Training/Rectal resection/6/388500,0,100,p2_visible_skeleton,7,0,False,False,0,0.97057474,0.93598564,0,0.93598564,"[0.9705747365951538, 0.9687472581863403, 0.8898227214813232]","[0.9359856416392461, 0.3062993642843383, 0.02970041806490317]",0.005796,outputs/c6_sam1_vit_h_pilot/predictions/092_0_p2_visible_skeleton.png
92:0:p3_visible_box,92,B,Training/Rectal resection/6/388500,0,100,p3_visible_box,0,0,True,False,0,0.98394293,0.91600181,1,0.92958801,"[0.9839429259300232, 0.9828879833221436, 0.9762574434280396]","[0.9160018064127653, 0.9295880149812734, 0.9277477740475842]",0.004961,outputs/c6_sam1_vit_h_pilot/predictions/092_0_p3_visible_box.png
92:0:p4_visible_points_box,92,B,Training/Rectal resection/6/388500,0,100,p4_visible_points_box,2,0,True,False,1,0.98248863,0.93225569,1,0.93225569,"[0.9823392033576965, 0.9824886322021484, 0.9805611371994019]","[0.9291397688034829, 0.9322556943423953, 0.9221134465879643]",0.005787,outputs/c6_sam1_vit_h_pilot/predictions/092_0_p4_visible_points_box.png
92:0:p5_visible_points_negatives,92,B,Training/Rectal resection/6/388500,0,100,p5_visible_points_negatives,2,3,False,False,0,0.96233398,0.93132404,0,0.93132404,"[0.9623339772224426, 0.8011031150817871, 0.7672911882400513]","[0.9313240365871945, 0.308979990239141, 0.7669601242879337]",0.005510,outputs/c6_sam1_vit_h_pilot/predictions/092_0_p5_visible_points_negatives.png
92:0:p6_visible_points_box_negatives,92,B,Training/Rectal resection/6/388500,0,100,p6_visible_points_box_negatives,2,3,True,False,1,0.97315872,0.93193872,1,0.93193872,"[0.9713161587715149, 0.9731587171554565, 0.9705511331558228]","[0.9258869512928443, 0.9319387153800825, 0.9169173470849449]",0.005747,outputs/c6_sam1_vit_h_pilot/predictions/092_0_p6_visible_points_box_negatives.png
92:0:p7_shifted_entry_ablation,92,B,Training/Rectal resection/6/388500,0,100,p7_shifted_entry_ablation,2,0,False,False,2,1.01270306,0.01916396,0,0.93337326,"[0.9787359833717346, 0.9563916921615601, 1.0127030611038208]","[0.9333732594699805, 0.30320937830306527, 0.01916395830998543]",0.005484,outputs/c6_sam1_vit_h_pilot/predictions/092_0_p7_shifted_entry_ablation.png
92:1:p1_visible_points,92,B,Training/Rectal resection/6/388500,1,50,p1_visible_points,3,0,False,False,2,0.99371481,0.04184555,0,0.87636943,"[0.9853411316871643, 0.9705836772918701, 0.9937148094177246]","[0.8763694309806785, 0.6082598607888631, 0.0418455537991047]",0.006082,outputs/c6_sam1_vit_h_pilot/predictions/092_1_p1_visible_points.png
92:1:p2_visible_skeleton,92,B,Training/Rectal resection/6/388500,1,50,p2_visible_skeleton,17,0,False,False,1,0.96248579,0.87608107,1,0.87608107,"[0.9241757988929749, 0.9624857902526855, 0.9289133548736572]","[0.8715287139390672, 0.8760810721595035, 0.1461860470199906]",0.006248,outputs/c6_sam1_vit_h_pilot/predictions/092_1_p2_visible_skeleton.png
92:1:p3_visible_box,92,B,Training/Rectal resection/6/388500,1,50,p3_visible_box,0,0,True,False,1,0.98592341,0.87248635,2,0.87627703,"[0.9790166616439819, 0.9859234094619751, 0.9812670946121216]","[0.8708400429414922, 0.8724863497136769, 0.8762770333023749]",0.005037,outputs/c6_sam1_vit_h_pilot/predictions/092_1_p3_visible_box.png
92:1:p4_visible_points_box,92,B,Training/Rectal resection/6/388500,1,50,p4_visible_points_box,3,0,True,False,1,0.98088586,0.87457717,2,0.87819748,"[0.9765049815177917, 0.9808858633041382, 0.9462095499038696]","[0.8712546816479401, 0.8745771705246402, 0.8781974817760106]",0.005763,outputs/c6_sam1_vit_h_pilot/predictions/092_1_p4_visible_points_box.png
92:1:p5_visible_points_negatives,92,B,Training/Rectal resection/6/388500,1,50,p5_visible_points_negatives,3,2,False,False,0,0.96109873,0.87594010,0,0.87594010,"[0.9610987305641174, 0.9462572336196899, 0.88603675365448]","[0.8759400998336107, 0.614284374413806, 0.04161450868694932]",0.005879,outputs/c6_sam1_vit_h_pilot/predictions/092_1_p5_visible_points_negatives.png
92:1:p6_visible_points_box_negatives,92,B,Training/Rectal resection/6/388500,1,50,p6_visible_points_box_negatives,3,2,True,False,0,0.97328812,0.87582837,2,0.87790698,"[0.9732881188392639, 0.9688379764556885, 0.9367964267730713]","[0.8758283686993774, 0.8743868487339255, 0.877906976744186]",0.006124,outputs/c6_sam1_vit_h_pilot/predictions/092_1_p6_visible_points_box_negatives.png
92:1:p7_shifted_entry_ablation,92,B,Training/Rectal resection/6/388500,1,50,p7_shifted_entry_ablation,3,0,False,False,2,0.99371481,0.04184555,0,0.87636943,"[0.9853411316871643, 0.9705836772918701, 0.9937148094177246]","[0.8763694309806785, 0.6082598607888631, 0.0418455537991047]",0.007240,outputs/c6_sam1_vit_h_pilot/predictions/092_1_p7_shifted_entry_ablation.png
56:0:p1_visible_points,56,B,Training/Rectal resection/6/39000,0,50,p1_visible_points,2,0,False,False,1,1.00913739,0.96558888,1,0.96558888,"[0.9423907399177551, 1.0091373920440674, 0.8373062610626221]","[0.952724064407029, 0.9655888750397146, 0.33080346763211216]",0.020833,outputs/c6_sam1_vit_h_pilot/predictions/056_0_p1_visible_points.png
56:0:p2_visible_skeleton,56,B,Training/Rectal resection/6/39000,0,50,p2_visible_skeleton,22,0,False,False,1,0.97959661,0.96647976,2,0.96858971,"[0.9143031239509583, 0.9795966148376465, 0.969061017036438]","[0.8935165834829002, 0.9664797629832766, 0.9685897122759025]",0.005897,outputs/c6_sam1_vit_h_pilot/predictions/056_0_p2_visible_skeleton.png
56:0:p3_visible_box,56,B,Training/Rectal resection/6/39000,0,50,p3_visible_box,0,0,True,False,2,1.00673783,0.96493503,2,0.96493503,"[0.9474705457687378, 1.0015816688537598, 1.0067378282546997]","[0.786747401451265, 0.9631328492935636, 0.9649350331563364]",0.004916,outputs/c6_sam1_vit_h_pilot/predictions/056_0_p3_visible_box.png
56:0:p4_visible_points_box,56,B,Training/Rectal resection/6/39000,0,50,p4_visible_points_box,2,0,True,False,2,0.99798191,0.96535017,2,0.96535017,"[0.909567654132843, 0.9979782104492188, 0.9979819059371948]","[0.8506730745653827, 0.9636296750459841, 0.9653501688445162]",0.005765,outputs/c6_sam1_vit_h_pilot/predictions/056_0_p4_visible_points_box.png
56:0:p5_visible_points_negatives,56,B,Training/Rectal resection/6/39000,0,50,p5_visible_points_negatives,2,3,False,False,1,0.99127662,0.96604514,1,0.96604514,"[0.9328504800796509, 0.9912766218185425, 0.9511075019836426]","[0.7629792968271469, 0.966045142296369, 0.3544177339369448]",0.005506,outputs/c6_sam1_vit_h_pilot/predictions/056_0_p5_visible_points_negatives.png
56:0:p6_visible_points_box_negatives,56,B,Training/Rectal resection/6/39000,0,50,p6_visible_points_box_negatives,2,3,True,False,2,0.98573661,0.96522932,2,0.96522932,"[0.9375284910202026, 0.9819977283477783, 0.985736608505249]","[0.747084190924238, 0.9635167317276767, 0.9652293151154534]",0.005848,outputs/c6_sam1_vit_h_pilot/predictions/056_0_p6_visible_points_box_negatives.png
56:0:p7_shifted_entry_ablation,56,B,Training/Rectal resection/6/39000,0,50,p7_shifted_entry_ablation,2,0,False,False,1,1.00913739,0.96558888,1,0.96558888,"[0.9423907399177551, 1.0091373920440674, 0.8373062610626221]","[0.952724064407029, 0.9655888750397146, 0.33080346763211216]",0.005468,outputs/c6_sam1_vit_h_pilot/predictions/056_0_p7_shifted_entry_ablation.png
56:1:p1_visible_points,56,B,Training/Rectal resection/6/39000,1,100,p1_visible_points,3,0,False,False,1,0.98331606,0.93668231,1,0.93668231,"[0.9678922891616821, 0.9833160638809204, 0.8774169683456421]","[0.929135064736076, 0.9366823053743754, 0.10051840289852729]",0.005431,outputs/c6_sam1_vit_h_pilot/predictions/056_1_p1_visible_points.png
56:1:p2_visible_skeleton,56,B,Training/Rectal resection/6/39000,1,100,p2_visible_skeleton,21,0,False,False,1,0.95077777,0.92797763,1,0.92797763,"[0.9285048246383667, 0.9507777690887451, 0.8944686651229858]","[0.847428307834243, 0.9279776270926713, 0.9258650353660868]",0.005870,outputs/c6_sam1_vit_h_pilot/predictions/056_1_p2_visible_skeleton.png
56:1:p3_visible_box,56,B,Training/Rectal resection/6/39000,1,100,p3_visible_box,0,0,True,False,1,0.96185565,0.88667459,1,0.88667459,"[0.954118549823761, 0.9618556499481201, 0.957801103591919]","[0.8502975619120753, 0.8866745870539992, 0.8773482726423902]",0.004900,outputs/c6_sam1_vit_h_pilot/predictions/056_1_p3_visible_box.png
56:1:p4_visible_points_box,56,B,Training/Rectal resection/6/39000,1,100,p4_visible_points_box,3,0,True,False,2,0.97143579,0.93133816,2,0.93133816,"[0.9417285323143005, 0.9639843702316284, 0.9714357852935791]","[0.8849679720762533, 0.9133269415148609, 0.9313381624094548]",0.005736,outputs/c6_sam1_vit_h_pilot/predictions/056_1_p4_visible_points_box.png
56:1:p5_visible_points_negatives,56,B,Training/Rectal resection/6/39000,1,100,p5_visible_points_negatives,3,2,False,False,1,0.96371043,0.93379310,1,0.93379310,"[0.8604605197906494, 0.9637104272842407, 0.8843151330947876]","[0.8399569114761667, 0.9337931034482758, 0.1515190352386881]",0.005468,outputs/c6_sam1_vit_h_pilot/predictions/056_1_p5_visible_points_negatives.png
56:1:p6_visible_points_box_negatives,56,B,Training/Rectal resection/6/39000,1,100,p6_visible_points_box_negatives,3,2,True,False,1,0.98348904,0.93201838,2,0.93766422,"[0.959406852722168, 0.9834890365600586, 0.9277325868606567]","[0.8919644226345652, 0.9320183837610111, 0.9376642168995849]",0.005709,outputs/c6_sam1_vit_h_pilot/predictions/056_1_p6_visible_points_box_negatives.png
56:1:p7_shifted_entry_ablation,56,B,Training/Rectal resection/6/39000,1,100,p7_shifted_entry_ablation,3,0,False,False,1,0.98331606,0.93668231,1,0.93668231,"[0.9678922891616821, 0.9833160638809204, 0.8774169683456421]","[0.929135064736076, 0.9366823053743754, 0.10051840289852729]",0.005572,outputs/c6_sam1_vit_h_pilot/predictions/056_1_p7_shifted_entry_ablation.png
22:0:p1_visible_points,22,B,Training/Rectal resection/6/79500,0,50,p1_visible_points,3,0,False,False,0,0.98296696,0.94609899,0,0.94609899,"[0.982966959476471, 0.8824684619903564, 0.888802170753479]","[0.9460989932885906, 0.30419812390302076, 0.10845070002356781]",0.020372,outputs/c6_sam1_vit_h_pilot/predictions/022_0_p1_visible_points.png
22:0:p2_visible_skeleton,22,B,Training/Rectal resection/6/79500,0,50,p2_visible_skeleton,29,0,False,False,1,0.95473719,0.94467761,1,0.94467761,"[0.9344390630722046, 0.9547371864318848, 0.9126472473144531]","[0.8432419572285812, 0.9446776139761818, 0.9272423601868525]",0.005940,outputs/c6_sam1_vit_h_pilot/predictions/022_0_p2_visible_skeleton.png
22:0:p3_visible_box,22,B,Training/Rectal resection/6/79500,0,50,p3_visible_box,0,0,True,False,1,0.99915564,0.94649233,2,0.94796931,"[0.9881582856178284, 0.9991556406021118, 0.9954384565353394]","[0.9441429098382252, 0.9464923335433733, 0.9479693105344471]",0.004895,outputs/c6_sam1_vit_h_pilot/predictions/022_0_p3_visible_box.png
22:0:p4_visible_points_box,22,B,Training/Rectal resection/6/79500,0,50,p4_visible_points_box,3,0,True,False,1,0.98985445,0.94781582,1,0.94781582,"[0.9812148213386536, 0.9898544549942017, 0.9580467939376831]","[0.946454870608037, 0.9478158205430933, 0.9424010017217092]",0.005743,outputs/c6_sam1_vit_h_pilot/predictions/022_0_p4_visible_points_box.png
22:0:p5_visible_points_negatives,22,B,Training/Rectal resection/6/79500,0,50,p5_visible_points_negatives,3,3,False,False,0,0.97237188,0.94426479,0,0.94426479,"[0.9723718762397766, 0.941120982170105, 0.8233846426010132]","[0.9442647948050582, 0.9303445241115109, 0.002257965600869735]",0.005565,outputs/c6_sam1_vit_h_pilot/predictions/022_0_p5_visible_points_negatives.png
22:0:p6_visible_points_box_negatives,22,B,Training/Rectal resection/6/79500,0,50,p6_visible_points_box_negatives,3,3,True,False,1,0.98901856,0.94586917,1,0.94586917,"[0.9735639095306396, 0.9890185594558716, 0.9554544687271118]","[0.9425202458519085, 0.945869170677819, 0.942703694000524]",0.005739,outputs/c6_sam1_vit_h_pilot/predictions/022_0_p6_visible_points_box_negatives.png
22:0:p7_shifted_entry_ablation,22,B,Training/Rectal resection/6/79500,0,50,p7_shifted_entry_ablation,3,0,False,False,0,0.98296696,0.94609899,0,0.94609899,"[0.982966959476471, 0.8824684619903564, 0.888802170753479]","[0.9460989932885906, 0.30419812390302076, 0.10845070002356781]",0.005509,outputs/c6_sam1_vit_h_pilot/predictions/022_0_p7_shifted_entry_ablation.png
22:1:p1_visible_points,22,B,Training/Rectal resection/6/79500,1,100,p1_visible_points,3,0,False,False,0,0.90568513,0.79767458,0,0.79767458,"[0.9056851267814636, 0.8695592880249023, 0.8808802366256714]","[0.7976745805193901, 0.10260612288285735, 0.03951761767739834]",0.005440,outputs/c6_sam1_vit_h_pilot/predictions/022_1_p1_visible_points.png
22:1:p2_visible_skeleton,22,B,Training/Rectal resection/6/79500,1,100,p2_visible_skeleton,12,0,False,False,0,0.91551799,0.90216769,0,0.90216769,"[0.9155179858207703, 0.851706862449646, 0.8773775100708008]","[0.9021676891615542, 0.8116892272983643, 0.10027346514411525]",0.005831,outputs/c6_sam1_vit_h_pilot/predictions/022_1_p2_visible_skeleton.png
22:1:p3_visible_box,22,B,Training/Rectal resection/6/79500,1,100,p3_visible_box,0,0,True,False,2,0.95889580,0.75830915,1,0.79973137,"[0.8812640309333801, 0.9542291164398193, 0.9588958024978638]","[0.7830440106605201, 0.7997313728262406, 0.7583091532577156]",0.004881,outputs/c6_sam1_vit_h_pilot/predictions/022_1_p3_visible_box.png
22:1:p4_visible_points_box,22,B,Training/Rectal resection/6/79500,1,100,p4_visible_points_box,3,0,True,False,1,0.96310902,0.78368818,0,0.82243464,"[0.9320980310440063, 0.963109016418457, 0.9610142707824707]","[0.8224346440727062, 0.7836881844772464, 0.7257476752953004]",0.005694,outputs/c6_sam1_vit_h_pilot/predictions/022_1_p4_visible_points_box.png
22:1:p5_visible_points_negatives,22,B,Training/Rectal resection/6/79500,1,100,p5_visible_points_negatives,3,3,False,False,0,0.88687104,0.90547901,0,0.90547901,"[0.8868710398674011, 0.7863688468933105, 0.8219588994979858]","[0.9054790131368151, 0.13338733005496095, 0.07079917341689099]",0.005491,outputs/c6_sam1_vit_h_pilot/predictions/022_1_p5_visible_points_negatives.png
22:1:p6_visible_points_box_negatives,22,B,Training/Rectal resection/6/79500,1,100,p6_visible_points_box_negatives,3,3,True,False,1,0.95049405,0.79481492,0,0.86369645,"[0.9167844653129578, 0.9504940509796143, 0.9472057819366455]","[0.8636964466215691, 0.7948149175100513, 0.7627611742925152]",0.005690,outputs/c6_sam1_vit_h_pilot/predictions/022_1_p6_visible_points_box_negatives.png
22:1:p7_shifted_entry_ablation,22,B,Training/Rectal resection/6/79500,1,100,p7_shifted_entry_ablation,3,0,False,False,0,0.90568513,0.79767458,0,0.79767458,"[0.9056851267814636, 0.8695592880249023, 0.8808802366256714]","[0.7976745805193901, 0.10260612288285735, 0.03951761767739834]",0.005877,outputs/c6_sam1_vit_h_pilot/predictions/022_1_p7_shifted_entry_ablation.png
51:0:p1_visible_points,51,B,Training/Rectal resection/6/85500,0,50,p1_visible_points,3,0,False,False,2,1.02730477,0.10720457,0,0.21871425,"[0.6811193823814392, 1.0105855464935303, 1.027304768562317]","[0.2187142483011482, 0.1072064733841155, 0.10720456630798747]",0.020786,outputs/c6_sam1_vit_h_pilot/predictions/051_0_p1_visible_points.png
51:0:p2_visible_skeleton,51,B,Training/Rectal resection/6/85500,0,50,p2_visible_skeleton,33,0,False,False,2,0.91438031,0.13380801,0,0.29283029,"[0.8671790361404419, 0.8598244190216064, 0.9143803119659424]","[0.29283029141666406, 0.28643641545812726, 0.13380800760277023]",0.005909,outputs/c6_sam1_vit_h_pilot/predictions/051_0_p2_visible_skeleton.png
51:0:p3_visible_box,51,B,Training/Rectal resection/6/85500,0,50,p3_visible_box,0,0,True,False,0,0.89764923,0.23774177,1,0.34596593,"[0.8976492285728455, 0.8786638975143433, 0.854365348815918]","[0.23774177493263768, 0.34596593159910205, 0.19365950066551044]",0.004864,outputs/c6_sam1_vit_h_pilot/predictions/051_0_p3_visible_box.png
51:0:p4_visible_points_box,51,B,Training/Rectal resection/6/85500,0,50,p4_visible_points_box,3,0,True,False,2,0.89298332,0.20438060,0,0.26231403,"[0.8649156093597412, 0.8405240774154663, 0.8929833173751831]","[0.2623140282030273, 0.22899560566536528, 0.2043806047139116]",0.005696,outputs/c6_sam1_vit_h_pilot/predictions/051_0_p4_visible_points_box.png
51:0:p5_visible_points_negatives,51,B,Training/Rectal resection/6/85500,0,50,p5_visible_points_negatives,3,3,False,False,2,0.93421292,0.12625381,0,0.21549586,"[0.6960790753364563, 0.8291704654693604, 0.9342129230499268]","[0.21549585908269223, 0.17902935025600347, 0.12625381442133815]",0.005579,outputs/c6_sam1_vit_h_pilot/predictions/051_0_p5_visible_points_negatives.png
51:0:p6_visible_points_box_negatives,51,B,Training/Rectal resection/6/85500,0,50,p6_visible_points_box_negatives,3,3,True,False,2,0.90823638,0.41202540,2,0.41202540,"[0.7471076250076294, 0.8712795972824097, 0.9082363843917847]","[0.3128072496100768, 0.26746574714330257, 0.41202539602715615]",0.005720,outputs/c6_sam1_vit_h_pilot/predictions/051_0_p6_visible_points_box_negatives.png
51:0:p7_shifted_entry_ablation,51,B,Training/Rectal resection/6/85500,0,50,p7_shifted_entry_ablation,3,0,False,False,2,1.02730477,0.10720457,0,0.21871425,"[0.6811193823814392, 1.0105855464935303, 1.027304768562317]","[0.2187142483011482, 0.1072064733841155, 0.10720456630798747]",0.005509,outputs/c6_sam1_vit_h_pilot/predictions/051_0_p7_shifted_entry_ablation.png
51:1:p1_visible_points,51,B,Training/Rectal resection/6/85500,1,100,p1_visible_points,3,0,False,False,2,0.95472240,0.05594326,0,0.58020054,"[0.9477563500404358, 0.9392110109329224, 0.9547224044799805]","[0.5802005411427662, 0.199492505859837, 0.05594325866631463]",0.005505,outputs/c6_sam1_vit_h_pilot/predictions/051_1_p1_visible_points.png
51:1:p2_visible_skeleton,51,B,Training/Rectal resection/6/85500,1,100,p2_visible_skeleton,18,0,False,False,1,0.93844962,0.24016017,0,0.73200952,"[0.9231468439102173, 0.9384496212005615, 0.9328914880752563]","[0.732009524962667, 0.24016016804516213, 0.20577324625705273]",0.005980,outputs/c6_sam1_vit_h_pilot/predictions/051_1_p2_visible_skeleton.png
51:1:p3_visible_box,51,B,Training/Rectal resection/6/85500,1,100,p3_visible_box,0,0,True,False,2,0.96813810,0.47367048,0,0.92834875,"[0.9578959345817566, 0.951408863067627, 0.9681380987167358]","[0.9283487477917489, 0.5817766039680494, 0.4736704832946454]",0.004932,outputs/c6_sam1_vit_h_pilot/predictions/051_1_p3_visible_box.png
51:1:p4_visible_points_box,51,B,Training/Rectal resection/6/85500,1,100,p4_visible_points_box,3,0,True,False,2,0.96868217,0.38650229,0,0.80410398,"[0.9482404589653015, 0.9562293291091919, 0.9686821699142456]","[0.8041039793465682, 0.4863812191543284, 0.3865022904308543]",0.005686,outputs/c6_sam1_vit_h_pilot/predictions/051_1_p4_visible_points_box.png
51:1:p5_visible_points_negatives,51,B,Training/Rectal resection/6/85500,1,100,p5_visible_points_negatives,3,3,False,False,0,0.93849826,0.67821057,0,0.67821057,"[0.9384982585906982, 0.917611837387085, 0.928888201713562]","[0.6782105698080607, 0.20513192229631777, 0.07390273681539974]",0.005489,outputs/c6_sam1_vit_h_pilot/predictions/051_1_p5_visible_points_negatives.png
51:1:p6_visible_points_box_negatives,51,B,Training/Rectal resection/6/85500,1,100,p6_visible_points_box_negatives,3,3,True,False,2,0.96220326,0.45352512,0,0.79619276,"[0.9441847205162048, 0.9581812620162964, 0.9622032642364502]","[0.7961927582534611, 0.545997538794009, 0.45352512256426847]",0.005735,outputs/c6_sam1_vit_h_pilot/predictions/051_1_p6_visible_points_box_negatives.png
51:1:p7_shifted_entry_ablation,51,B,Training/Rectal resection/6/85500,1,100,p7_shifted_entry_ablation,3,0,False,False,2,0.95472240,0.05594326,0,0.58020054,"[0.9477563500404358, 0.9392110109329224, 0.9547224044799805]","[0.5802005411427662, 0.199492505859837, 0.05594325866631463]",0.005443,outputs/c6_sam1_vit_h_pilot/predictions/051_1_p7_shifted_entry_ablation.png
43:0:p1_visible_points,43,C,Training/Rectal resection/7/318000,0,50,p1_visible_points,2,0,False,False,2,0.98402476,0.03751770,0,0.80944126,"[0.920318603515625, 0.8248997926712036, 0.9840247631072998]","[0.8094412588345112, 0.36944436359402744, 0.03751769769639123]",0.020642,outputs/c6_sam1_vit_h_pilot/predictions/043_0_p1_visible_points.png
43:0:p2_visible_skeleton,43,C,Training/Rectal resection/7/318000,0,50,p2_visible_skeleton,2,0,False,False,2,0.98402476,0.03751770,0,0.80944126,"[0.920318603515625, 0.8248997926712036, 0.9840247631072998]","[0.8094412588345112, 0.36944436359402744, 0.03751769769639123]",0.005484,outputs/c6_sam1_vit_h_pilot/predictions/043_0_p2_visible_skeleton.png
43:0:p3_visible_box,43,C,Training/Rectal resection/7/318000,0,50,p3_visible_box,0,0,True,False,2,0.59076834,0.01303718,1,0.18948725,"[0.39231014251708984, 0.5684311389923096, 0.5907683372497559]","[0.009921638018200202, 0.18948725293612145, 0.013037180106228875]",0.004837,outputs/c6_sam1_vit_h_pilot/predictions/043_0_p3_visible_box.png
43:0:p4_visible_points_box,43,C,Training/Rectal resection/7/318000,0,50,p4_visible_points_box,2,0,True,False,2,0.77133608,0.10727586,1,0.26285714,"[0.6552793383598328, 0.7475439310073853, 0.7713360786437988]","[0.17052958694807718, 0.26285714285714284, 0.10727586015229837]",0.005788,outputs/c6_sam1_vit_h_pilot/predictions/043_0_p4_visible_points_box.png
43:0:p5_visible_points_negatives,43,C,Training/Rectal resection/7/318000,0,50,p5_visible_points_negatives,2,0,False,False,2,0.98402476,0.03751770,0,0.80944126,"[0.920318603515625, 0.8248997926712036, 0.9840247631072998]","[0.8094412588345112, 0.36944436359402744, 0.03751769769639123]",0.005488,outputs/c6_sam1_vit_h_pilot/predictions/043_0_p5_visible_points_negatives.png
43:0:p6_visible_points_box_negatives,43,C,Training/Rectal resection/7/318000,0,50,p6_visible_points_box_negatives,2,0,True,False,2,0.77133608,0.10727586,1,0.26285714,"[0.6552793383598328, 0.7475439310073853, 0.7713360786437988]","[0.17052958694807718, 0.26285714285714284, 0.10727586015229837]",0.005643,outputs/c6_sam1_vit_h_pilot/predictions/043_0_p6_visible_points_box_negatives.png
43:0:p7_shifted_entry_ablation,43,C,Training/Rectal resection/7/318000,0,50,p7_shifted_entry_ablation,3,0,False,True,2,0.98821592,0.03745973,0,0.80682036,"[0.9215067625045776, 0.8602920770645142, 0.9882159233093262]","[0.8068203588990357, 0.36255346020264645, 0.03745973100167451]",0.005414,outputs/c6_sam1_vit_h_pilot/predictions/043_0_p7_shifted_entry_ablation.png
21:0:p1_visible_points,21,A,Training/Rectal resection/7/66000,0,50,p1_visible_points,4,0,False,False,2,0.96107316,0.03326561,0,0.85681875,"[0.9325825572013855, 0.8576858043670654, 0.9610731601715088]","[0.8568187547264936, 0.07657729651975866, 0.0332656054699762]",0.021925,outputs/c6_sam1_vit_h_pilot/predictions/021_0_p1_visible_points.png
21:0:p2_visible_skeleton,21,A,Training/Rectal resection/7/66000,0,50,p2_visible_skeleton,13,0,False,False,2,0.94831634,0.04897695,1,0.76651163,"[0.9183325171470642, 0.939617395401001, 0.9483163356781006]","[0.5808656036446469, 0.7665116279069767, 0.04897694853843745]",0.005824,outputs/c6_sam1_vit_h_pilot/predictions/021_0_p2_visible_skeleton.png
21:0:p3_visible_box,21,A,Training/Rectal resection/7/66000,0,50,p3_visible_box,0,0,True,False,1,0.98351324,0.74108199,2,0.76278205,"[0.9771038889884949, 0.9835132360458374, 0.983086347579956]","[0.7243128964059197, 0.7410819949281487, 0.7627820501985971]",0.005381,outputs/c6_sam1_vit_h_pilot/predictions/021_0_p3_visible_box.png
21:0:p4_visible_points_box,21,A,Training/Rectal resection/7/66000,0,50,p4_visible_points_box,4,0,True,False,2,0.97083533,0.86327236,2,0.86327236,"[0.8587161898612976, 0.9639416933059692, 0.9708353281021118]","[0.5279760916486801, 0.7632135306553911, 0.8632723594369046]",0.006514,outputs/c6_sam1_vit_h_pilot/predictions/021_0_p4_visible_points_box.png
21:0:p5_visible_points_negatives,21,A,Training/Rectal resection/7/66000,0,50,p5_visible_points_negatives,4,1,False,False,2,0.92960775,0.03336047,0,0.87070198,"[0.9014177918434143, 0.8173041343688965, 0.9296077489852905]","[0.8707019756200084, 0.5541754349946106, 0.03336046964936822]",0.005481,outputs/c6_sam1_vit_h_pilot/predictions/021_0_p5_visible_points_negatives.png
21:0:p6_visible_points_box_negatives,21,A,Training/Rectal resection/7/66000,0,50,p6_visible_points_box_negatives,4,1,True,False,2,0.96545029,0.85551907,2,0.85551907,"[0.8468829989433289, 0.934249758720398, 0.9654502868652344]","[0.30431904683104416, 0.7546723044397463, 0.8555190704723415]",0.005682,outputs/c6_sam1_vit_h_pilot/predictions/021_0_p6_visible_points_box_negatives.png
21:0:p7_shifted_entry_ablation,21,A,Training/Rectal resection/7/66000,0,50,p7_shifted_entry_ablation,4,0,False,False,2,0.96107316,0.03326561,0,0.85681875,"[0.9325825572013855, 0.8576858043670654, 0.9610731601715088]","[0.8568187547264936, 0.07657729651975866, 0.0332656054699762]",0.005430,outputs/c6_sam1_vit_h_pilot/predictions/021_0_p7_shifted_entry_ablation.png
21:1:p1_visible_points,21,C,Training/Rectal resection/7/66000,1,100,p1_visible_points,1,0,False,False,0,0.93936926,0.89344609,0,0.89344609,"[0.939369261264801, 0.9376612901687622, 0.7803919315338135]","[0.893446088794926, 0.7932042382170259, 0.006256409668788422]",0.005710,outputs/c6_sam1_vit_h_pilot/predictions/021_1_p1_visible_points.png
21:1:p2_visible_skeleton,21,C,Training/Rectal resection/7/66000,1,100,p2_visible_skeleton,1,0,False,False,0,0.93936926,0.89344609,0,0.89344609,"[0.939369261264801, 0.9376612901687622, 0.7803919315338135]","[0.893446088794926, 0.7932042382170259, 0.006256409668788422]",0.005414,outputs/c6_sam1_vit_h_pilot/predictions/021_1_p2_visible_skeleton.png
21:1:p3_visible_box,21,C,Training/Rectal resection/7/66000,1,100,p3_visible_box,0,0,True,False,2,0.89086044,0.29693637,2,0.29693637,"[0.8472869992256165, 0.8857438564300537, 0.8908604383468628]","[0.29105760963026656, 0.2758476349937212, 0.2969363707776905]",0.004879,outputs/c6_sam1_vit_h_pilot/predictions/021_1_p3_visible_box.png
21:1:p4_visible_points_box,21,C,Training/Rectal resection/7/66000,1,100,p4_visible_points_box,1,0,True,False,2,0.91861582,0.32963110,0,0.34600432,"[0.8930230140686035, 0.9165410995483398, 0.9186158180236816]","[0.34600431965442763, 0.3271578947368421, 0.32963109877032926]",0.005714,outputs/c6_sam1_vit_h_pilot/predictions/021_1_p4_visible_points_box.png
21:1:p5_visible_points_negatives,21,C,Training/Rectal resection/7/66000,1,100,p5_visible_points_negatives,1,4,False,False,0,0.94083840,0.88389831,0,0.88389831,"[0.9408383965492249, 0.9289093017578125, 0.7710683345794678]","[0.8838983050847458, 0.8211946050096339, 0.03813183029160701]",0.005570,outputs/c6_sam1_vit_h_pilot/predictions/021_1_p5_visible_points_negatives.png
21:1:p6_visible_points_box_negatives,21,C,Training/Rectal resection/7/66000,1,100,p6_visible_points_box_negatives,1,4,True,False,1,0.92105198,0.67157895,2,0.70618354,"[0.8884372711181641, 0.9210519790649414, 0.9160734415054321]","[0.5458458889367198, 0.671578947368421, 0.7061835368255218]",0.005768,outputs/c6_sam1_vit_h_pilot/predictions/021_1_p6_visible_points_box_negatives.png
21:1:p7_shifted_entry_ablation,21,C,Training/Rectal resection/7/66000,1,100,p7_shifted_entry_ablation,2,0,False,True,1,0.94478619,0.79588840,0,0.89297800,"[0.9439307451248169, 0.9447861909866333, 0.7725311517715454]","[0.8929780033840947, 0.7958883994126285, 0.006228096525483128]",0.005781,outputs/c6_sam1_vit_h_pilot/predictions/021_1_p7_shifted_entry_ablation.png
116:0:p1_visible_points,116,B,Training/Rectal resection/8/102000,0,100,p1_visible_points,3,0,False,False,1,0.97100925,0.80334267,1,0.80334267,"[0.809853732585907, 0.9710092544555664, 0.8219490051269531]","[0.13587483269488163, 0.8033426695440562, 0.06880948455966707]",0.020447,outputs/c6_sam1_vit_h_pilot/predictions/116_0_p1_visible_points.png
116:0:p2_visible_skeleton,116,B,Training/Rectal resection/8/102000,0,100,p2_visible_skeleton,26,0,False,False,0,0.94927400,0.80785323,1,0.83041686,"[0.9492740035057068, 0.939548134803772, 0.7816718816757202]","[0.8078532346314773, 0.8304168575355017, 0.2046808109777159]",0.005900,outputs/c6_sam1_vit_h_pilot/predictions/116_0_p2_visible_skeleton.png
116:0:p3_visible_box,116,B,Training/Rectal resection/8/102000,0,100,p3_visible_box,0,0,True,False,1,0.98399973,0.80065254,2,0.81509867,"[0.9750576019287109, 0.9839997291564941, 0.9800096750259399]","[0.7898030554021719, 0.8006525435411975, 0.8150986691142726]",0.004891,outputs/c6_sam1_vit_h_pilot/predictions/116_0_p3_visible_box.png
116:0:p4_visible_points_box,116,B,Training/Rectal resection/8/102000,0,100,p4_visible_points_box,3,0,True,False,1,0.97781479,0.80957842,2,0.82129939,"[0.9716339707374573, 0.977814793586731, 0.9293054342269897]","[0.7957335294928969, 0.8095784210284875, 0.8212993910535232]",0.005712,outputs/c6_sam1_vit_h_pilot/predictions/116_0_p4_visible_points_box.png
116:0:p5_visible_points_negatives,116,B,Training/Rectal resection/8/102000,0,100,p5_visible_points_negatives,3,1,False,False,1,0.96492696,0.80255362,1,0.80255362,"[0.7876121401786804, 0.9649269580841064, 0.9253342151641846]","[0.13421331979508008, 0.8025536214577688, 0.1086842274609065]",0.005470,outputs/c6_sam1_vit_h_pilot/predictions/116_0_p5_visible_points_negatives.png
116:0:p6_visible_points_box_negatives,116,B,Training/Rectal resection/8/102000,0,100,p6_visible_points_box_negatives,3,1,True,False,1,0.97879338,0.80999771,2,0.82060667,"[0.9701054096221924, 0.9787933826446533, 0.9322159290313721]","[0.79536573031125, 0.8099977069479477, 0.8206066706318342]",0.005699,outputs/c6_sam1_vit_h_pilot/predictions/116_0_p6_visible_points_box_negatives.png
116:0:p7_shifted_entry_ablation,116,B,Training/Rectal resection/8/102000,0,100,p7_shifted_entry_ablation,3,0,False,False,1,0.97100925,0.80334267,1,0.80334267,"[0.809853732585907, 0.9710092544555664, 0.8219490051269531]","[0.13587483269488163, 0.8033426695440562, 0.06880948455966707]",0.005455,outputs/c6_sam1_vit_h_pilot/predictions/116_0_p7_shifted_entry_ablation.png
116:1:p1_visible_points,116,C,Training/Rectal resection/8/102000,1,50,p1_visible_points,1,0,False,False,1,0.95517969,0.83466252,1,0.83466252,"[0.8950026631355286, 0.9551796913146973, 0.8223201036453247]","[0.3775108310358409, 0.834662517020035, 0.014669888823221806]",0.005475,outputs/c6_sam1_vit_h_pilot/predictions/116_1_p1_visible_points.png
116:1:p2_visible_skeleton,116,C,Training/Rectal resection/8/102000,1,50,p2_visible_skeleton,1,0,False,False,1,0.95517969,0.83466252,1,0.83466252,"[0.8950026631355286, 0.9551796913146973, 0.8223201036453247]","[0.3775108310358409, 0.834662517020035, 0.014669888823221806]",0.005418,outputs/c6_sam1_vit_h_pilot/predictions/116_1_p2_visible_skeleton.png
116:1:p3_visible_box,116,C,Training/Rectal resection/8/102000,1,50,p3_visible_box,0,0,True,False,2,0.81150293,0.06269758,2,0.06269758,"[0.7267393469810486, 0.8108928203582764, 0.8115029335021973]","[0.05411216627844472, 0.06144750985309925, 0.06269757639620653]",0.005098,outputs/c6_sam1_vit_h_pilot/predictions/116_1_p3_visible_box.png
116:1:p4_visible_points_box,116,C,Training/Rectal resection/8/102000,1,50,p4_visible_points_box,1,0,True,False,1,0.82890809,0.08697215,1,0.08697215,"[0.7527900338172913, 0.8289080858230591, 0.8288271427154541]","[0.07503556187766713, 0.08697214734950584, 0.08213408213408213]",0.005695,outputs/c6_sam1_vit_h_pilot/predictions/116_1_p4_visible_points_box.png
116:1:p5_visible_points_negatives,116,C,Training/Rectal resection/8/102000,1,50,p5_visible_points_negatives,1,3,False,False,1,0.92961895,0.84139002,1,0.84139002,"[0.8973179459571838, 0.9296189546585083, 0.7229920625686646]","[0.6572099393465075, 0.8413900213550767, 0.011302609983662016]",0.005726,outputs/c6_sam1_vit_h_pilot/predictions/116_1_p5_visible_points_negatives.png
116:1:p6_visible_points_box_negatives,116,C,Training/Rectal resection/8/102000,1,50,p6_visible_points_box_negatives,1,3,True,False,2,0.81648135,0.06740051,1,0.08256549,"[0.7348160147666931, 0.8125492334365845, 0.816481351852417]","[0.05712365591397849, 0.08256549232158988, 0.06740050804403049]",0.005742,outputs/c6_sam1_vit_h_pilot/predictions/116_1_p6_visible_points_box_negatives.png
116:1:p7_shifted_entry_ablation,116,C,Training/Rectal resection/8/102000,1,50,p7_shifted_entry_ablation,2,0,False,True,1,0.94909918,0.84675224,1,0.84675224,"[0.9335629940032959, 0.9490991830825806, 0.6919560432434082]","[0.7255169722980882, 0.8467522364838584, 0.014343803406211327]",0.005669,outputs/c6_sam1_vit_h_pilot/predictions/116_1_p7_shifted_entry_ablation.png
164:0:p1_visible_points,164,C,Training/Rectal resection/8/119297,0,50,p1_visible_points,2,0,False,False,0,0.98037547,0.82125124,1,0.85886571,"[0.9803754687309265, 0.9634872674942017, 0.45044517517089844]","[0.8212512413108243, 0.8588657105606258, 0.012109894462835639]",0.020395,outputs/c6_sam1_vit_h_pilot/predictions/164_0_p1_visible_points.png
164:0:p2_visible_skeleton,164,C,Training/Rectal resection/8/119297,0,50,p2_visible_skeleton,2,0,False,False,0,0.98037547,0.82125124,1,0.85886571,"[0.9803754687309265, 0.9634872674942017, 0.45044517517089844]","[0.8212512413108243, 0.8588657105606258, 0.012109894462835639]",0.005439,outputs/c6_sam1_vit_h_pilot/predictions/164_0_p2_visible_skeleton.png
164:0:p3_visible_box,164,C,Training/Rectal resection/8/119297,0,50,p3_visible_box,0,0,True,False,0,0.72902298,0.49915340,0,0.49915340,"[0.7290229797363281, 0.7023887634277344, 0.5936304330825806]","[0.499153403318659, 0.020425388251181634, 0.011939218523878437]",0.004957,outputs/c6_sam1_vit_h_pilot/predictions/164_0_p3_visible_box.png
164:0:p4_visible_points_box,164,C,Training/Rectal resection/8/119297,0,50,p4_visible_points_box,2,0,True,False,0,0.71363336,0.33647693,1,0.38205980,"[0.7136333584785461, 0.6752150058746338, 0.6631494760513306]","[0.336476928258673, 0.38205980066445183, 0.02526120883481021]",0.005722,outputs/c6_sam1_vit_h_pilot/predictions/164_0_p4_visible_points_box.png
164:0:p5_visible_points_negatives,164,C,Training/Rectal resection/8/119297,0,50,p5_visible_points_negatives,2,4,False,False,0,0.88975078,0.84503792,0,0.84503792,"[0.8897507786750793, 0.6380782127380371, 0.5852601528167725]","[0.8450379162545335, 0.6544964469492771, 0.00031523295715533777]",0.005555,outputs/c6_sam1_vit_h_pilot/predictions/164_0_p5_visible_points_negatives.png
164:0:p6_visible_points_box_negatives,164,C,Training/Rectal resection/8/119297,0,50,p6_visible_points_box_negatives,2,4,True,False,0,0.83741158,0.84361597,0,0.84361597,"[0.8374115824699402, 0.7113867998123169, 0.7657898664474487]","[0.8436159683272847, 0.03999603017070266, 0.015507672216780934]",0.005875,outputs/c6_sam1_vit_h_pilot/predictions/164_0_p6_visible_points_box_negatives.png
164:0:p7_shifted_entry_ablation,164,C,Training/Rectal resection/8/119297,0,50,p7_shifted_entry_ablation,3,0,False,True,0,0.97608095,0.82614466,1,0.85108481,"[0.9760809540748596, 0.9719773530960083, 0.5999495983123779]","[0.8261446582614466, 0.8510848126232742, 0.24188896899783704]",0.005913,outputs/c6_sam1_vit_h_pilot/predictions/164_0_p7_shifted_entry_ablation.png
164:1:p1_visible_points,164,A,Training/Rectal resection/8/119297,1,100,p1_visible_points,4,0,False,False,0,0.93347389,0.84529565,0,0.84529565,"[0.9334738850593567, 0.8518019914627075, 0.6466015577316284]","[0.8452956489401264, 0.8350101773771446, 0.02717274534028039]",0.005454,outputs/c6_sam1_vit_h_pilot/predictions/164_1_p1_visible_points.png
164:1:p2_visible_skeleton,164,A,Training/Rectal resection/8/119297,1,100,p2_visible_skeleton,29,0,False,False,1,0.91660464,0.84808304,1,0.84808304,"[0.8484147787094116, 0.9166046380996704, 0.8859670162200928]","[0.3893301785814884, 0.8480830383392333, 0.7924861051731509]",0.006187,outputs/c6_sam1_vit_h_pilot/predictions/164_1_p2_visible_skeleton.png
164:1:p3_visible_box,164,A,Training/Rectal resection/8/119297,1,100,p3_visible_box,0,0,True,False,1,0.97545028,0.84210853,2,0.86299330,"[0.9588106274604797, 0.9754502773284912, 0.9732999801635742]","[0.8140878315423318, 0.8421085309822427, 0.8629932985852569]",0.004865,outputs/c6_sam1_vit_h_pilot/predictions/164_1_p3_visible_box.png
164:1:p4_visible_points_box,164,A,Training/Rectal resection/8/119297,1,100,p4_visible_points_box,4,0,True,False,1,0.96469855,0.87102769,2,0.87543827,"[0.9534078240394592, 0.9646985530853271, 0.8743042945861816]","[0.8455713487679225, 0.8710276900204423, 0.8754382727440487]",0.006262,outputs/c6_sam1_vit_h_pilot/predictions/164_1_p4_visible_points_box.png
164:1:p5_visible_points_negatives,164,A,Training/Rectal resection/8/119297,1,100,p5_visible_points_negatives,4,2,False,False,0,0.91373199,0.84889991,1,0.86861227,"[0.9137319922447205, 0.7339681386947632, 0.6854966282844543]","[0.8488999070343973, 0.8686122692078618, 0.010590958257248864]",0.005806,outputs/c6_sam1_vit_h_pilot/predictions/164_1_p5_visible_points_negatives.png
164:1:p6_visible_points_box_negatives,164,A,Training/Rectal resection/8/119297,1,100,p6_visible_points_box_negatives,4,2,True,False,1,0.95887208,0.86900186,2,0.88326728,"[0.9503074288368225, 0.9588720798492432, 0.8161258697509766]","[0.8385073885508506, 0.8690018598884067, 0.8832672776814466]",0.005850,outputs/c6_sam1_vit_h_pilot/predictions/164_1_p6_visible_points_box_negatives.png
164:1:p7_shifted_entry_ablation,164,A,Training/Rectal resection/8/119297,1,100,p7_shifted_entry_ablation,4,0,False,False,0,0.93347389,0.84529565,0,0.84529565,"[0.9334738850593567, 0.8518019914627075, 0.6466015577316284]","[0.8452956489401264, 0.8350101773771446, 0.02717274534028039]",0.005436,outputs/c6_sam1_vit_h_pilot/predictions/164_1_p7_shifted_entry_ablation.png
107:0:p1_visible_points,107,B,Training/Rectal resection/8/119822,0,250,p1_visible_points,2,0,False,False,1,0.96728492,0.37891423,0,0.79206049,"[0.9475420117378235, 0.9672849178314209, 0.6908076405525208]","[0.7920604914933838, 0.3789142273655548, 0.13494625445106326]",0.020416,outputs/c6_sam1_vit_h_pilot/predictions/107_0_p1_visible_points.png
107:0:p2_visible_skeleton,107,B,Training/Rectal resection/8/119822,0,250,p2_visible_skeleton,12,0,False,False,1,0.91398835,0.40279434,0,0.82382348,"[0.9090960621833801, 0.9139883518218994, 0.860074520111084]","[0.8238234787105672, 0.4027943431589709, 0.37473073736536866]",0.005895,outputs/c6_sam1_vit_h_pilot/predictions/107_0_p2_visible_skeleton.png
107:0:p3_visible_box,107,B,Training/Rectal resection/8/119822,0,250,p3_visible_box,0,0,True,False,0,0.95083672,0.78239059,1,0.79680248,"[0.950836718082428, 0.9493581056594849, 0.8677535057067871]","[0.7823905898633454, 0.7968024755028366, 0.3412090251170711]",0.004950,outputs/c6_sam1_vit_h_pilot/predictions/107_0_p3_visible_box.png
107:0:p4_visible_points_box,107,B,Training/Rectal resection/8/119822,0,250,p4_visible_points_box,2,0,True,False,0,0.94795024,0.80010295,1,0.80661101,"[0.9479502439498901, 0.9461758136749268, 0.8620266914367676]","[0.8001029512697323, 0.8066110069858579, 0.4773385761589404]",0.005715,outputs/c6_sam1_vit_h_pilot/predictions/107_0_p4_visible_points_box.png
107:0:p5_visible_points_negatives,107,B,Training/Rectal resection/8/119822,0,250,p5_visible_points_negatives,2,5,False,False,1,0.94793189,0.37698919,0,0.78210852,"[0.9307786822319031, 0.9479318857192993, 0.7961421012878418]","[0.7821085164835165, 0.3769891924091567, 0.20337301587301587]",0.005582,outputs/c6_sam1_vit_h_pilot/predictions/107_0_p5_visible_points_negatives.png
107:0:p6_visible_points_box_negatives,107,B,Training/Rectal resection/8/119822,0,250,p6_visible_points_box_negatives,2,5,True,False,0,0.95517641,0.78347334,2,0.79348193,"[0.9551764130592346, 0.9470001459121704, 0.8688889741897583]","[0.7834733413337905, 0.7864901561439239, 0.7934819317798041]",0.005702,outputs/c6_sam1_vit_h_pilot/predictions/107_0_p6_visible_points_box_negatives.png
107:0:p7_shifted_entry_ablation,107,B,Training/Rectal resection/8/119822,0,250,p7_shifted_entry_ablation,2,0,False,False,1,0.96728492,0.37891423,0,0.79206049,"[0.9475420117378235, 0.9672849178314209, 0.6908076405525208]","[0.7920604914933838, 0.3789142273655548, 0.13494625445106326]",0.005890,outputs/c6_sam1_vit_h_pilot/predictions/107_0_p7_shifted_entry_ablation.png
107:1:p1_visible_points,107,B,Training/Rectal resection/8/119822,1,150,p1_visible_points,3,0,False,False,1,0.97546434,0.69204823,0,0.83687566,"[0.9426957964897156, 0.9754643440246582, 0.8471075296401978]","[0.8368756641870351, 0.6920482301399604, 0.04219383947641554]",0.005451,outputs/c6_sam1_vit_h_pilot/predictions/107_1_p1_visible_points.png
107:1:p2_visible_skeleton,107,B,Training/Rectal resection/8/119822,1,150,p2_visible_skeleton,28,0,False,False,0,0.92420572,0.84759114,0,0.84759114,"[0.9242057204246521, 0.9227787256240845, 0.8927439451217651]","[0.8475911427061819, 0.6920087722673233, 0.4843536341643]",0.005991,outputs/c6_sam1_vit_h_pilot/predictions/107_1_p2_visible_skeleton.png
107:1:p3_visible_box,107,B,Training/Rectal resection/8/119822,1,150,p3_visible_box,0,0,True,False,1,0.97181714,0.85045141,1,0.85045141,"[0.9682202935218811, 0.971817135810852, 0.9632599353790283]","[0.8427216128075897, 0.8504514124842248, 0.8497825036249396]",0.004853,outputs/c6_sam1_vit_h_pilot/predictions/107_1_p3_visible_box.png
107:1:p4_visible_points_box,107,B,Training/Rectal resection/8/119822,1,150,p4_visible_points_box,3,0,True,False,1,0.97044516,0.85150711,1,0.85150711,"[0.9632279276847839, 0.9704451560974121, 0.9574223756790161]","[0.843609536837991, 0.8515071135760791, 0.8498703294592258]",0.005781,outputs/c6_sam1_vit_h_pilot/predictions/107_1_p4_visible_points_box.png
107:1:p5_visible_points_negatives,107,B,Training/Rectal resection/8/119822,1,150,p5_visible_points_negatives,3,4,False,False,1,0.95698369,0.71752761,0,0.82522102,"[0.9339262843132019, 0.9569836854934692, 0.85317063331604]","[0.8252210239968911, 0.7175276081064682, 0.13917194896894808]",0.005434,outputs/c6_sam1_vit_h_pilot/predictions/107_1_p5_visible_points_negatives.png
107:1:p6_visible_points_box_negatives,107,B,Training/Rectal resection/8/119822,1,150,p6_visible_points_box_negatives,3,4,True,False,0,0.95235461,0.75848138,1,0.83374595,"[0.9523546099662781, 0.9515999555587769, 0.9497292041778564]","[0.7584813823314676, 0.8337459531517806, 0.8321924320212968]",0.006315,outputs/c6_sam1_vit_h_pilot/predictions/107_1_p6_visible_points_box_negatives.png
107:1:p7_shifted_entry_ablation,107,B,Training/Rectal resection/8/119822,1,150,p7_shifted_entry_ablation,3,0,False,False,1,0.97546434,0.69204823,0,0.83687566,"[0.9426957964897156, 0.9754643440246582, 0.8471075296401978]","[0.8368756641870351, 0.6920482301399604, 0.04219383947641554]",0.005412,outputs/c6_sam1_vit_h_pilot/predictions/107_1_p7_shifted_entry_ablation.png
107:2:p1_visible_points,107,C,Training/Rectal resection/8/119822,2,100,p1_visible_points,2,0,False,False,1,0.93301046,0.55505165,1,0.55505165,"[0.9066902995109558, 0.933010458946228, 0.6274631023406982]","[0.32869785082174463, 0.5550516502897456, 0.010839815615096515]",0.005444,outputs/c6_sam1_vit_h_pilot/predictions/107_2_p1_visible_points.png
107:2:p2_visible_skeleton,107,C,Training/Rectal resection/8/119822,2,100,p2_visible_skeleton,2,0,False,False,1,0.93301046,0.55505165,1,0.55505165,"[0.9066902995109558, 0.933010458946228, 0.6274631023406982]","[0.32869785082174463, 0.5550516502897456, 0.010839815615096515]",0.005502,outputs/c6_sam1_vit_h_pilot/predictions/107_2_p2_visible_skeleton.png
107:2:p3_visible_box,107,C,Training/Rectal resection/8/119822,2,100,p3_visible_box,0,0,True,False,2,0.83897591,0.78889445,2,0.78889445,"[0.8155696988105774, 0.8164045810699463, 0.8389759063720703]","[0.31100963977676305, 0.377090724784592, 0.7888944472236118]",0.005028,outputs/c6_sam1_vit_h_pilot/predictions/107_2_p3_visible_box.png
107:2:p4_visible_points_box,107,C,Training/Rectal resection/8/119822,2,100,p4_visible_points_box,2,0,True,False,2,0.84832978,0.59501997,2,0.59501997,"[0.8022282123565674, 0.8294118642807007, 0.8483297824859619]","[0.30679216484355126, 0.5480671414038657, 0.5950199671129903]",0.005681,outputs/c6_sam1_vit_h_pilot/predictions/107_2_p4_visible_points_box.png
107:2:p5_visible_points_negatives,107,C,Training/Rectal resection/8/119822,2,100,p5_visible_points_negatives,2,5,False,False,2,0.86971724,0.02024998,0,0.33293317,"[0.6685869097709656, 0.8297778367996216, 0.8697172403335571]","[0.3329331732693077, 0.16254920591828423, 0.02024998440938288]",0.005475,outputs/c6_sam1_vit_h_pilot/predictions/107_2_p5_visible_points_negatives.png
107:2:p6_visible_points_box_negatives,107,C,Training/Rectal resection/8/119822,2,100,p6_visible_points_box_negatives,2,5,True,False,2,0.84331393,0.29756795,2,0.29756795,"[0.74862140417099, 0.8117392063140869, 0.8433139324188232]","[0.24689875950380152, 0.24606905495218026, 0.29756795422031473]",0.005741,outputs/c6_sam1_vit_h_pilot/predictions/107_2_p6_visible_points_box_negatives.png
107:2:p7_shifted_entry_ablation,107,C,Training/Rectal resection/8/119822,2,100,p7_shifted_entry_ablation,3,0,False,True,1,0.93629408,0.53793799,1,0.53793799,"[0.9180309176445007, 0.9362940788269043, 0.8001645803451538]","[0.33055134041476986, 0.5379379884043358, 0.015557143201175214]",0.005430,outputs/c6_sam1_vit_h_pilot/predictions/107_2_p7_shifted_entry_ablation.png
199:0:p1_visible_points,199,A,Training/Rectal resection/8/18000,0,50,p1_visible_points,4,0,False,False,1,0.86959326,0.85249396,1,0.85249396,"[0.8432239890098572, 0.8695932626724243, 0.8650636672973633]","[0.8029690087532529, 0.8524939556095381, 0.3440124527780132]",0.020989,outputs/c6_sam1_vit_h_pilot/predictions/199_0_p1_visible_points.png
199:0:p2_visible_skeleton,199,A,Training/Rectal resection/8/18000,0,50,p2_visible_skeleton,52,0,False,False,2,0.90358233,0.70085773,2,0.70085773,"[0.7957220673561096, 0.8322122097015381, 0.9035823345184326]","[0.4523742938643101, 0.5496222294211698, 0.7008577274158011]",0.006190,outputs/c6_sam1_vit_h_pilot/predictions/199_0_p2_visible_skeleton.png
199:0:p3_visible_box,199,A,Training/Rectal resection/8/18000,0,50,p3_visible_box,0,0,True,False,2,0.85292637,0.68922328,2,0.68922328,"[0.7620108723640442, 0.8205841779708862, 0.8529263734817505]","[0.3077379554192886, 0.5268651984097948, 0.6892232814627939]",0.005447,outputs/c6_sam1_vit_h_pilot/predictions/199_0_p3_visible_box.png
199:0:p4_visible_points_box,199,A,Training/Rectal resection/8/18000,0,50,p4_visible_points_box,4,0,True,False,2,0.95400727,0.76846159,1,0.82780066,"[0.8499714732170105, 0.9232299327850342, 0.9540072679519653]","[0.72572785966622, 0.8278006584925477, 0.768461587558241]",0.005711,outputs/c6_sam1_vit_h_pilot/predictions/199_0_p4_visible_points_box.png
199:0:p5_visible_points_negatives,199,A,Training/Rectal resection/8/18000,0,50,p5_visible_points_negatives,4,1,False,False,1,0.92162168,0.85434892,1,0.85434892,"[0.8125103712081909, 0.9216216802597046, 0.8229035139083862]","[0.7969029255478655, 0.854348921357578, 0.3478714976743363]",0.005484,outputs/c6_sam1_vit_h_pilot/predictions/199_0_p5_visible_points_negatives.png
199:0:p6_visible_points_box_negatives,199,A,Training/Rectal resection/8/18000,0,50,p6_visible_points_box_negatives,4,1,True,False,2,0.94557834,0.79327459,1,0.82543387,"[0.8375973105430603, 0.9084595441818237, 0.9455783367156982]","[0.6895025603511339, 0.8254338683883196, 0.7932745861411036]",0.005709,outputs/c6_sam1_vit_h_pilot/predictions/199_0_p6_visible_points_box_negatives.png
199:0:p7_shifted_entry_ablation,199,A,Training/Rectal resection/8/18000,0,50,p7_shifted_entry_ablation,4,0,False,False,1,0.86959326,0.85249396,1,0.85249396,"[0.8432239890098572, 0.8695932626724243, 0.8650636672973633]","[0.8029690087532529, 0.8524939556095381, 0.3440124527780132]",0.005428,outputs/c6_sam1_vit_h_pilot/predictions/199_0_p7_shifted_entry_ablation.png
199:1:p1_visible_points,199,C,Training/Rectal resection/8/18000,1,100,p1_visible_points,1,0,False,False,1,0.94542181,0.84149031,1,0.84149031,"[0.8089106678962708, 0.9454218149185181, 0.7231743335723877]","[0.4522758288512483, 0.8414903083530003, 0.10711692084241103]",0.005469,outputs/c6_sam1_vit_h_pilot/predictions/199_1_p1_visible_points.png
199:1:p2_visible_skeleton,199,C,Training/Rectal resection/8/18000,1,100,p2_visible_skeleton,1,0,False,False,1,0.94542181,0.84149031,1,0.84149031,"[0.8089106678962708, 0.9454218149185181, 0.7231743335723877]","[0.4522758288512483, 0.8414903083530003, 0.10711692084241103]",0.005429,outputs/c6_sam1_vit_h_pilot/predictions/199_1_p2_visible_skeleton.png
199:1:p3_visible_box,199,C,Training/Rectal resection/8/18000,1,100,p3_visible_box,0,0,True,False,2,0.74449539,0.00852041,0,0.01154753,"[0.5992369055747986, 0.7226477861404419, 0.7444953918457031]","[0.01154752866903744, 0.010059568424789932, 0.008520406178267128]",0.004892,outputs/c6_sam1_vit_h_pilot/predictions/199_1_p3_visible_box.png
199:1:p4_visible_points_box,199,C,Training/Rectal resection/8/18000,1,100,p4_visible_points_box,1,0,True,False,2,0.74528325,0.01133928,0,0.01392979,"[0.62736976146698, 0.7364795207977295, 0.7452832460403442]","[0.013929793839051182, 0.013905946674062041, 0.011339282235124499]",0.005693,outputs/c6_sam1_vit_h_pilot/predictions/199_1_p4_visible_points_box.png
199:1:p5_visible_points_negatives,199,C,Training/Rectal resection/8/18000,1,100,p5_visible_points_negatives,1,4,False,False,1,0.90713739,0.80788063,1,0.80788063,"[0.575251579284668, 0.907137393951416, 0.6417397260665894]","[0.19238484994382923, 0.807880633843544, 0.7765392983929458]",0.005659,outputs/c6_sam1_vit_h_pilot/predictions/199_1_p5_visible_points_negatives.png
199:1:p6_visible_points_box_negatives,199,C,Training/Rectal resection/8/18000,1,100,p6_visible_points_box_negatives,1,4,True,False,2,0.72977173,0.01112896,1,0.01344743,"[0.6174733638763428, 0.724608302116394, 0.7297717332839966]","[0.012098208990629819, 0.013447432762836185, 0.011128958237723726]",0.005765,outputs/c6_sam1_vit_h_pilot/predictions/199_1_p6_visible_points_box_negatives.png
199:1:p7_shifted_entry_ablation,199,C,Training/Rectal resection/8/18000,1,100,p7_shifted_entry_ablation,2,0,False,True,1,0.95335352,0.84224672,1,0.84224672,"[0.930608332157135, 0.9533535242080688, 0.7732564210891724]","[0.7704102111262744, 0.8422467183422272, 0.10489060782551983]",0.005669,outputs/c6_sam1_vit_h_pilot/predictions/199_1_p7_shifted_entry_ablation.png
183:0:p1_visible_points,183,C,Training/Rectal resection/8/252015,0,50,p1_visible_points,2,0,False,False,2,0.95843327,0.04284004,0,0.60920170,"[0.8113495111465454, 0.8978022336959839, 0.9584332704544067]","[0.6092016979323566, 0.12098273403280024, 0.042840035793241395]",0.020608,outputs/c6_sam1_vit_h_pilot/predictions/183_0_p1_visible_points.png
183:0:p2_visible_skeleton,183,C,Training/Rectal resection/8/252015,0,50,p2_visible_skeleton,2,0,False,False,2,0.95843327,0.04284004,0,0.60920170,"[0.8113495111465454, 0.8978022336959839, 0.9584332704544067]","[0.6092016979323566, 0.12098273403280024, 0.042840035793241395]",0.005578,outputs/c6_sam1_vit_h_pilot/predictions/183_0_p2_visible_skeleton.png
183:0:p3_visible_box,183,C,Training/Rectal resection/8/252015,0,50,p3_visible_box,0,0,True,False,1,0.76156414,0.01062005,0,0.04834530,"[0.5879875421524048, 0.7615641355514526, 0.757286787033081]","[0.04834529505582137, 0.010620047381749856, 0.021704241497898357]",0.004950,outputs/c6_sam1_vit_h_pilot/predictions/183_0_p3_visible_box.png
183:0:p4_visible_points_box,183,C,Training/Rectal resection/8/252015,0,50,p4_visible_points_box,2,0,True,False,2,0.86402011,0.07109980,2,0.07109980,"[0.7558484673500061, 0.8373621702194214, 0.8640201091766357]","[0.03159685965115829, 0.05108001097651809, 0.0710998016689743]",0.005842,outputs/c6_sam1_vit_h_pilot/predictions/183_0_p4_visible_points_box.png
183:0:p5_visible_points_negatives,183,C,Training/Rectal resection/8/252015,0,50,p5_visible_points_negatives,2,0,False,False,2,0.95843327,0.04284004,0,0.60920170,"[0.8113495111465454, 0.8978022336959839, 0.9584332704544067]","[0.6092016979323566, 0.12098273403280024, 0.042840035793241395]",0.005649,outputs/c6_sam1_vit_h_pilot/predictions/183_0_p5_visible_points_negatives.png
183:0:p6_visible_points_box_negatives,183,C,Training/Rectal resection/8/252015,0,50,p6_visible_points_box_negatives,2,0,True,False,2,0.86402011,0.07109980,2,0.07109980,"[0.7558484673500061, 0.8373621702194214, 0.8640201091766357]","[0.03159685965115829, 0.05108001097651809, 0.0710998016689743]",0.006427,outputs/c6_sam1_vit_h_pilot/predictions/183_0_p6_visible_points_box_negatives.png
183:0:p7_shifted_entry_ablation,183,C,Training/Rectal resection/8/252015,0,50,p7_shifted_entry_ablation,3,0,False,True,0,0.93480748,0.00083393,2,0.04308551,"[0.9348074793815613, 0.9028811454772949, 0.8904201984405518]","[0.0008339253173549124, 0.0014786872878159185, 0.04308550621993769]",0.005857,outputs/c6_sam1_vit_h_pilot/predictions/183_0_p7_shifted_entry_ablation.png
7:0:p1_visible_points,7,C,Training/Rectal resection/8/252115,0,50,p1_visible_points,1,0,False,False,1,0.94022334,0.87007481,1,0.87007481,"[0.6907604336738586, 0.9402233362197876, 0.7308570146560669]","[0.503651473180559, 0.870074812967581, 0.05489738027698982]",0.020676,outputs/c6_sam1_vit_h_pilot/predictions/007_0_p1_visible_points.png
7:0:p2_visible_skeleton,7,C,Training/Rectal resection/8/252115,0,50,p2_visible_skeleton,1,0,False,False,1,0.94022334,0.87007481,1,0.87007481,"[0.6907604336738586, 0.9402233362197876, 0.7308570146560669]","[0.503651473180559, 0.870074812967581, 0.05489738027698982]",0.005485,outputs/c6_sam1_vit_h_pilot/predictions/007_0_p2_visible_skeleton.png
7:0:p3_visible_box,7,C,Training/Rectal resection/8/252115,0,50,p3_visible_box,0,0,True,False,2,0.88359821,0.16120081,2,0.16120081,"[0.8122097849845886, 0.8682483434677124, 0.8835982084274292]","[0.10494450050454086, 0.12471598081292602, 0.1612008072653885]",0.004888,outputs/c6_sam1_vit_h_pilot/predictions/007_0_p3_visible_box.png
7:0:p4_visible_points_box,7,C,Training/Rectal resection/8/252115,0,50,p4_visible_points_box,1,0,True,False,2,0.90576363,0.18223120,2,0.18223120,"[0.8358612060546875, 0.8864454030990601, 0.9057636260986328]","[0.11355034065102196, 0.14217171717171717, 0.18223119636547197]",0.005710,outputs/c6_sam1_vit_h_pilot/predictions/007_0_p4_visible_points_box.png
7:0:p5_visible_points_negatives,7,C,Training/Rectal resection/8/252115,0,50,p5_visible_points_negatives,1,0,False,False,1,0.94022334,0.87007481,1,0.87007481,"[0.6907604336738586, 0.9402233362197876, 0.7308570146560669]","[0.503651473180559, 0.870074812967581, 0.05489738027698982]",0.005476,outputs/c6_sam1_vit_h_pilot/predictions/007_0_p5_visible_points_negatives.png
7:0:p6_visible_points_box_negatives,7,C,Training/Rectal resection/8/252115,0,50,p6_visible_points_box_negatives,1,0,True,False,2,0.90576363,0.18223120,2,0.18223120,"[0.8358612060546875, 0.8864454030990601, 0.9057636260986328]","[0.11355034065102196, 0.14217171717171717, 0.18223119636547197]",0.005680,outputs/c6_sam1_vit_h_pilot/predictions/007_0_p6_visible_points_box_negatives.png
7:0:p7_shifted_entry_ablation,7,C,Training/Rectal resection/8/252115,0,50,p7_shifted_entry_ablation,2,0,False,True,0,0.94853741,0.88027819,0,0.88027819,"[0.9485374093055725, 0.8994282484054565, 0.8190715312957764]","[0.8802781917536016, 0.062404030296233676, 0.04922625037395632]",0.005481,outputs/c6_sam1_vit_h_pilot/predictions/007_0_p7_shifted_entry_ablation.png
45:0:p1_visible_points,45,C,Training/Rectal resection/8/252365,0,50,p1_visible_points,1,0,False,False,1,0.97824454,0.90135255,1,0.90135255,"[0.9500654339790344, 0.9782445430755615, 0.9653254747390747]","[0.8510015166570786, 0.901352551047052, 0.03968306053963712]",0.020437,outputs/c6_sam1_vit_h_pilot/predictions/045_0_p1_visible_points.png
45:0:p2_visible_skeleton,45,C,Training/Rectal resection/8/252365,0,50,p2_visible_skeleton,1,0,False,False,1,0.97824454,0.90135255,1,0.90135255,"[0.9500654339790344, 0.9782445430755615, 0.9653254747390747]","[0.8510015166570786, 0.901352551047052, 0.03968306053963712]",0.005600,outputs/c6_sam1_vit_h_pilot/predictions/045_0_p2_visible_skeleton.png
45:0:p3_visible_box,45,C,Training/Rectal resection/8/252365,0,50,p3_visible_box,0,0,True,False,2,0.84655726,0.05194940,2,0.05194940,"[0.7403541207313538, 0.8249078989028931, 0.8465572595596313]","[0.029625779625779627, 0.04843856253596276, 0.05194939858979677]",0.005049,outputs/c6_sam1_vit_h_pilot/predictions/045_0_p3_visible_box.png
45:0:p4_visible_points_box,45,C,Training/Rectal resection/8/252365,0,50,p4_visible_points_box,1,0,True,False,2,0.86170924,0.06195195,2,0.06195195,"[0.7801231145858765, 0.8447383642196655, 0.8617092370986938]","[0.03402950955943475, 0.05321264127249895, 0.06195195351009184]",0.006262,outputs/c6_sam1_vit_h_pilot/predictions/045_0_p4_visible_points_box.png
45:0:p5_visible_points_negatives,45,C,Training/Rectal resection/8/252365,0,50,p5_visible_points_negatives,1,0,False,False,1,0.97824454,0.90135255,1,0.90135255,"[0.9500654339790344, 0.9782445430755615, 0.9653254747390747]","[0.8510015166570786, 0.901352551047052, 0.03968306053963712]",0.005579,outputs/c6_sam1_vit_h_pilot/predictions/045_0_p5_visible_points_negatives.png
45:0:p6_visible_points_box_negatives,45,C,Training/Rectal resection/8/252365,0,50,p6_visible_points_box_negatives,1,0,True,False,2,0.86170924,0.06195195,2,0.06195195,"[0.7801231145858765, 0.8447383642196655, 0.8617092370986938]","[0.03402950955943475, 0.05321264127249895, 0.06195195351009184]",0.006035,outputs/c6_sam1_vit_h_pilot/predictions/045_0_p6_visible_points_box_negatives.png
45:0:p7_shifted_entry_ablation,45,C,Training/Rectal resection/8/252365,0,50,p7_shifted_entry_ablation,2,0,False,True,1,0.98098683,0.91204429,1,0.91204429,"[0.9689691662788391, 0.9809868335723877, 0.9751566648483276]","[0.8779568767008583, 0.9120442912357672, 0.039846649714976076]",0.006211,outputs/c6_sam1_vit_h_pilot/predictions/045_0_p7_shifted_entry_ablation.png
50:0:p1_visible_points,50,A,Training/Rectal resection/8/51317,0,100,p1_visible_points,4,0,False,False,1,0.86530566,0.54678411,0,0.54757666,"[0.8642714619636536, 0.8653056621551514, 0.8006945848464966]","[0.5475766590925063, 0.5467841147720727, 0.15490089858414505]",0.020383,outputs/c6_sam1_vit_h_pilot/predictions/050_0_p1_visible_points.png
50:0:p2_visible_skeleton,50,A,Training/Rectal resection/8/51317,0,100,p2_visible_skeleton,63,0,False,False,2,0.92507005,0.37834810,2,0.37834810,"[0.7322162985801697, 0.8533085584640503, 0.92507004737854]","[0.10061856601047499, 0.1609256496865159, 0.3783480993877588]",0.006368,outputs/c6_sam1_vit_h_pilot/predictions/050_0_p2_visible_skeleton.png
50:0:p3_visible_box,50,A,Training/Rectal resection/8/51317,0,100,p3_visible_box,0,0,True,False,2,0.82974863,0.65130399,2,0.65130399,"[0.803881824016571, 0.7415637969970703, 0.8297486305236816]","[0.21628012611553465, 0.2235708849096663, 0.6513039893942939]",0.004954,outputs/c6_sam1_vit_h_pilot/predictions/050_0_p3_visible_box.png
50:0:p4_visible_points_box,50,A,Training/Rectal resection/8/51317,0,100,p4_visible_points_box,4,0,True,False,2,0.91502059,0.59771109,1,0.69235558,"[0.7442822456359863, 0.8716413974761963, 0.9150205850601196]","[0.4266248728055299, 0.6923555806140907, 0.5977110885045778]",0.005714,outputs/c6_sam1_vit_h_pilot/predictions/050_0_p4_visible_points_box.png
50:0:p5_visible_points_negatives,50,A,Training/Rectal resection/8/51317,0,100,p5_visible_points_negatives,4,3,False,False,1,0.83378220,0.54481399,1,0.54481399,"[0.7292150855064392, 0.8337821960449219, 0.8257499933242798]","[0.4862709945272693, 0.5448139851034906, 0.16889321283186973]",0.005525,outputs/c6_sam1_vit_h_pilot/predictions/050_0_p5_visible_points_negatives.png
50:0:p6_visible_points_box_negatives,50,A,Training/Rectal resection/8/51317,0,100,p6_visible_points_box_negatives,4,3,True,False,2,0.90316665,0.54174110,1,0.63734010,"[0.7002890706062317, 0.806742787361145, 0.903166651725769]","[0.350197369165168, 0.6373401046695993, 0.5417410968796321]",0.005906,outputs/c6_sam1_vit_h_pilot/predictions/050_0_p6_visible_points_box_negatives.png
50:0:p7_shifted_entry_ablation,50,A,Training/Rectal resection/8/51317,0,100,p7_shifted_entry_ablation,4,0,False,False,1,0.86530566,0.54678411,0,0.54757666,"[0.8642714619636536, 0.8653056621551514, 0.8006945848464966]","[0.5475766590925063, 0.5467841147720727, 0.15490089858414505]",0.005955,outputs/c6_sam1_vit_h_pilot/predictions/050_0_p7_shifted_entry_ablation.png
50:1:p1_visible_points,50,B,Training/Rectal resection/8/51317,1,50,p1_visible_points,3,0,False,False,1,0.96722114,0.87689705,1,0.87689705,"[0.6980240941047668, 0.9672211408615112, 0.8031346797943115]","[0.009675335406619492, 0.8768970501281125, 0.130970824666929]",0.005463,outputs/c6_sam1_vit_h_pilot/predictions/050_1_p1_visible_points.png
50:1:p2_visible_skeleton,50,B,Training/Rectal resection/8/51317,1,50,p2_visible_skeleton,36,0,False,False,1,0.94166410,0.84591986,1,0.84591986,"[0.8267878890037537, 0.9416640996932983, 0.9299687147140503]","[0.6329739059109007, 0.8459198605698877, 0.779646159914681]",0.005923,outputs/c6_sam1_vit_h_pilot/predictions/050_1_p2_visible_skeleton.png
50:1:p3_visible_box,50,B,Training/Rectal resection/8/51317,1,50,p3_visible_box,0,0,True,False,2,0.97915864,0.85246789,2,0.85246789,"[0.7413269281387329, 0.9663745164871216, 0.9791586399078369]","[0.0002549069589599796, 0.8416528980790734, 0.8524678903597264]",0.005245,outputs/c6_sam1_vit_h_pilot/predictions/050_1_p3_visible_box.png
50:1:p4_visible_points_box,50,B,Training/Rectal resection/8/51317,1,50,p4_visible_points_box,3,0,True,False,2,0.96391165,0.80463735,1,0.84838411,"[0.8361878395080566, 0.9551812410354614, 0.9639116525650024]","[0.11551460715773879, 0.8483841090271576, 0.804637350770892]",0.005641,outputs/c6_sam1_vit_h_pilot/predictions/050_1_p4_visible_points_box.png
50:1:p5_visible_points_negatives,50,B,Training/Rectal resection/8/51317,1,50,p5_visible_points_negatives,3,4,False,False,1,0.91268206,0.88535815,1,0.88535815,"[0.7221184372901917, 0.912682056427002, 0.8808646202087402]","[0.0012864180566316314, 0.8853581460674157, 0.3263832022183192]",0.005466,outputs/c6_sam1_vit_h_pilot/predictions/050_1_p5_visible_points_negatives.png
50:1:p6_visible_points_box_negatives,50,B,Training/Rectal resection/8/51317,1,50,p6_visible_points_box_negatives,3,4,True,False,2,0.94222772,0.78154062,1,0.87540758,"[0.7436780333518982, 0.8891022205352783, 0.9422277212142944]","[0.003854725049689815, 0.875407579754551, 0.7815406162464986]",0.005682,outputs/c6_sam1_vit_h_pilot/predictions/050_1_p6_visible_points_box_negatives.png
50:1:p7_shifted_entry_ablation,50,B,Training/Rectal resection/8/51317,1,50,p7_shifted_entry_ablation,3,0,False,False,1,0.96722114,0.87689705,1,0.87689705,"[0.6980240941047668, 0.9672211408615112, 0.8031346797943115]","[0.009675335406619492, 0.8768970501281125, 0.130970824666929]",0.005428,outputs/c6_sam1_vit_h_pilot/predictions/050_1_p7_shifted_entry_ablation.png
156:0:p1_visible_points,156,B,Training/Rectal resection/8/51342,0,50,p1_visible_points,2,0,False,False,1,0.98215628,0.90312095,1,0.90312095,"[0.9394756555557251, 0.9821562767028809, 0.7499558925628662]","[0.8821338923675281, 0.9031209541911137, 0.1514088839670235]",0.020411,outputs/c6_sam1_vit_h_pilot/predictions/156_0_p1_visible_points.png
156:0:p2_visible_skeleton,156,B,Training/Rectal resection/8/51342,0,50,p2_visible_skeleton,25,0,False,False,1,0.94861174,0.90262709,2,0.92345378,"[0.8963049650192261, 0.9486117362976074, 0.9342658519744873]","[0.7877717691204061, 0.9026270859723523, 0.923453782649885]",0.005888,outputs/c6_sam1_vit_h_pilot/predictions/156_0_p2_visible_skeleton.png
156:0:p3_visible_box,156,B,Training/Rectal resection/8/51342,0,50,p3_visible_box,0,0,True,False,1,0.97873700,0.87720604,2,0.91543602,"[0.9434133768081665, 0.9787369966506958, 0.9746513366699219]","[0.8582701062215478, 0.8772060445621002, 0.9154360201303523]",0.005124,outputs/c6_sam1_vit_h_pilot/predictions/156_0_p3_visible_box.png
156:0:p4_visible_points_box,156,B,Training/Rectal resection/8/51342,0,50,p4_visible_points_box,2,0,True,False,1,0.97913337,0.90153770,2,0.93127110,"[0.9653328657150269, 0.9791333675384521, 0.9744303226470947]","[0.8982326504728556, 0.9015376984126984, 0.9312711003760327]",0.005648,outputs/c6_sam1_vit_h_pilot/predictions/156_0_p4_visible_points_box.png
156:0:p5_visible_points_negatives,156,B,Training/Rectal resection/8/51342,0,50,p5_visible_points_negatives,2,4,False,False,1,0.96309531,0.90895568,2,0.93986855,"[0.8137328624725342, 0.9630953073501587, 0.952251672744751]","[0.7168195213307995, 0.9089556761521721, 0.9398685535591244]",0.005441,outputs/c6_sam1_vit_h_pilot/predictions/156_0_p5_visible_points_negatives.png
156:0:p6_visible_points_box_negatives,156,B,Training/Rectal resection/8/51342,0,50,p6_visible_points_box_negatives,2,4,True,False,2,0.97507393,0.94237872,2,0.94237872,"[0.910167396068573, 0.9653537273406982, 0.9750739336013794]","[0.7437636098018138, 0.9025129505125097, 0.9423787244521054]",0.005692,outputs/c6_sam1_vit_h_pilot/predictions/156_0_p6_visible_points_box_negatives.png
156:0:p7_shifted_entry_ablation,156,B,Training/Rectal resection/8/51342,0,50,p7_shifted_entry_ablation,2,0,False,False,1,0.98215628,0.90312095,1,0.90312095,"[0.9394756555557251, 0.9821562767028809, 0.7499558925628662]","[0.8821338923675281, 0.9031209541911137, 0.1514088839670235]",0.005791,outputs/c6_sam1_vit_h_pilot/predictions/156_0_p7_shifted_entry_ablation.png
156:1:p1_visible_points,156,A,Training/Rectal resection/8/51342,1,100,p1_visible_points,4,0,False,False,0,0.91781348,0.65551895,0,0.65551895,"[0.9178134799003601, 0.8150002956390381, 0.8000761270523071]","[0.655518948361782, 0.44933303053940105, 0.11404308113542536]",0.006015,outputs/c6_sam1_vit_h_pilot/predictions/156_1_p1_visible_points.png
156:1:p2_visible_skeleton,156,A,Training/Rectal resection/8/51342,1,100,p2_visible_skeleton,50,0,False,False,2,0.92377496,0.54992150,2,0.54992150,"[0.851277768611908, 0.8893551826477051, 0.9237749576568604]","[0.3512825300898026, 0.5393800047569968, 0.5499214970040693]",0.006076,outputs/c6_sam1_vit_h_pilot/predictions/156_1_p2_visible_skeleton.png
156:1:p3_visible_box,156,A,Training/Rectal resection/8/51342,1,100,p3_visible_box,0,0,True,False,1,0.87550378,0.30504244,2,0.41658120,"[0.8555007576942444, 0.8755037784576416, 0.791345477104187]","[0.3203146846628512, 0.3050424363454818, 0.4165811965811966]",0.004856,outputs/c6_sam1_vit_h_pilot/predictions/156_1_p3_visible_box.png
156:1:p4_visible_points_box,156,A,Training/Rectal resection/8/51342,1,100,p4_visible_points_box,4,0,True,False,2,0.91602778,0.54249915,1,0.65972613,"[0.8838997483253479, 0.8818662166595459, 0.9160277843475342]","[0.3818162788263615, 0.6597261270796811, 0.5424991476304125]",0.006059,outputs/c6_sam1_vit_h_pilot/predictions/156_1_p4_visible_points_box.png
156:1:p5_visible_points_negatives,156,A,Training/Rectal resection/8/51342,1,100,p5_visible_points_negatives,4,2,False,False,0,0.90817142,0.63175752,1,0.63924342,"[0.9081714153289795, 0.8587743043899536, 0.7937822341918945]","[0.6317575209228681, 0.6392434163588223, 0.12259831509366369]",0.005460,outputs/c6_sam1_vit_h_pilot/predictions/156_1_p5_visible_points_negatives.png
156:1:p6_visible_points_box_negatives,156,A,Training/Rectal resection/8/51342,1,100,p6_visible_points_box_negatives,4,2,True,False,2,0.94310415,0.63445875,2,0.63445875,"[0.8680774569511414, 0.8905174732208252, 0.9431041479110718]","[0.3649316920449694, 0.6110957859379818, 0.634458747245025]",0.005686,outputs/c6_sam1_vit_h_pilot/predictions/156_1_p6_visible_points_box_negatives.png
156:1:p7_shifted_entry_ablation,156,A,Training/Rectal resection/8/51342,1,100,p7_shifted_entry_ablation,4,0,False,False,0,0.91781348,0.65551895,0,0.65551895,"[0.9178134799003601, 0.8150002956390381, 0.8000761270523071]","[0.655518948361782, 0.44933303053940105, 0.11404308113542536]",0.005438,outputs/c6_sam1_vit_h_pilot/predictions/156_1_p7_shifted_entry_ablation.png
85:0:p1_visible_points,85,C,Training/Rectal resection/8/8562,0,50,p1_visible_points,2,0,False,False,2,1.00716674,0.12790418,1,0.24751595,"[0.32783836126327515, 0.8879836797714233, 1.0071667432785034]","[0.09381700643261753, 0.24751594671359034, 0.12790417706939222]",0.020287,outputs/c6_sam1_vit_h_pilot/predictions/085_0_p1_visible_points.png
85:0:p2_visible_skeleton,85,C,Training/Rectal resection/8/8562,0,50,p2_visible_skeleton,2,0,False,False,2,1.00716674,0.12790418,1,0.24751595,"[0.32783836126327515, 0.8879836797714233, 1.0071667432785034]","[0.09381700643261753, 0.24751594671359034, 0.12790417706939222]",0.005467,outputs/c6_sam1_vit_h_pilot/predictions/085_0_p2_visible_skeleton.png
85:0:p3_visible_box,85,C,Training/Rectal resection/8/8562,0,50,p3_visible_box,0,0,True,False,2,0.83315694,0.15278028,2,0.15278028,"[0.6993951201438904, 0.8152022361755371, 0.833156943321228]","[0.052575301452565434, 0.12366424802110818, 0.1527802830296968]",0.005309,outputs/c6_sam1_vit_h_pilot/predictions/085_0_p3_visible_box.png
85:0:p4_visible_points_box,85,C,Training/Rectal resection/8/8562,0,50,p4_visible_points_box,2,0,True,False,2,0.87995744,0.20846693,2,0.20846693,"[0.7574341297149658, 0.8677048683166504, 0.8799574375152588]","[0.13403922706248286, 0.16880915151016376, 0.2084669346831817]",0.005680,outputs/c6_sam1_vit_h_pilot/predictions/085_0_p4_visible_points_box.png
85:0:p5_visible_points_negatives,85,C,Training/Rectal resection/8/8562,0,50,p5_visible_points_negatives,2,0,False,False,2,1.00716674,0.12790418,1,0.24751595,"[0.32783836126327515, 0.8879836797714233, 1.0071667432785034]","[0.09381700643261753, 0.24751594671359034, 0.12790417706939222]",0.005431,outputs/c6_sam1_vit_h_pilot/predictions/085_0_p5_visible_points_negatives.png
85:0:p6_visible_points_box_negatives,85,C,Training/Rectal resection/8/8562,0,50,p6_visible_points_box_negatives,2,0,True,False,2,0.87995744,0.20846693,2,0.20846693,"[0.7574341297149658, 0.8677048683166504, 0.8799574375152588]","[0.13403922706248286, 0.16880915151016376, 0.2084669346831817]",0.005647,outputs/c6_sam1_vit_h_pilot/predictions/085_0_p6_visible_points_box_negatives.png
85:0:p7_shifted_entry_ablation,85,C,Training/Rectal resection/8/8562,0,50,p7_shifted_entry_ablation,3,0,False,True,2,0.97148061,0.12822892,1,0.57958561,"[0.4184364080429077, 0.8749614953994751, 0.9714806079864502]","[0.39444147514698025, 0.5795856136028595, 0.1282289182744418]",0.005575,outputs/c6_sam1_vit_h_pilot/predictions/085_0_p7_shifted_entry_ablation.png
146:0:p1_visible_points,146,B,Training/Rectal resection/9/113745,0,50,p1_visible_points,3,0,False,False,1,0.97259247,0.81531927,1,0.81531927,"[0.9686079621315002, 0.9725924730300903, 0.776688814163208]","[0.7811857939536249, 0.8153192735793791, 0.04680356140210155]",0.020393,outputs/c6_sam1_vit_h_pilot/predictions/146_0_p1_visible_points.png
146:0:p2_visible_skeleton,146,B,Training/Rectal resection/9/113745,0,50,p2_visible_skeleton,12,0,False,False,1,0.96272480,0.80680152,2,0.80896743,"[0.9403273463249207, 0.9627248048782349, 0.9523876905441284]","[0.756237158790725, 0.8068015244796247, 0.8089674309916752]",0.005831,outputs/c6_sam1_vit_h_pilot/predictions/146_0_p2_visible_skeleton.png
146:0:p3_visible_box,146,B,Training/Rectal resection/9/113745,0,50,p3_visible_box,0,0,True,False,1,0.96999621,0.81210611,2,0.82850488,"[0.9656144380569458, 0.9699962139129639, 0.9632834196090698]","[0.778690930437335, 0.8121061116810787, 0.8285048769835492]",0.005052,outputs/c6_sam1_vit_h_pilot/predictions/146_0_p3_visible_box.png
146:0:p4_visible_points_box,146,B,Training/Rectal resection/9/113745,0,50,p4_visible_points_box,3,0,True,False,1,0.96928763,0.81634446,2,0.83359977,"[0.9666593074798584, 0.969287633895874, 0.9635955095291138]","[0.7878209831254586, 0.8163444639718805, 0.8335997674756576]",0.005678,outputs/c6_sam1_vit_h_pilot/predictions/146_0_p4_visible_points_box.png
146:0:p5_visible_points_negatives,146,B,Training/Rectal resection/9/113745,0,50,p5_visible_points_negatives,3,0,False,False,1,0.97259247,0.81531927,1,0.81531927,"[0.9686079621315002, 0.9725924730300903, 0.776688814163208]","[0.7811857939536249, 0.8153192735793791, 0.04680356140210155]",0.005445,outputs/c6_sam1_vit_h_pilot/predictions/146_0_p5_visible_points_negatives.png
146:0:p6_visible_points_box_negatives,146,B,Training/Rectal resection/9/113745,0,50,p6_visible_points_box_negatives,3,0,True,False,1,0.96928763,0.81634446,2,0.83359977,"[0.9666593074798584, 0.969287633895874, 0.9635955095291138]","[0.7878209831254586, 0.8163444639718805, 0.8335997674756576]",0.005778,outputs/c6_sam1_vit_h_pilot/predictions/146_0_p6_visible_points_box_negatives.png
146:0:p7_shifted_entry_ablation,146,B,Training/Rectal resection/9/113745,0,50,p7_shifted_entry_ablation,3,0,False,False,1,0.97259247,0.81531927,1,0.81531927,"[0.9686079621315002, 0.9725924730300903, 0.776688814163208]","[0.7811857939536249, 0.8153192735793791, 0.04680356140210155]",0.005663,outputs/c6_sam1_vit_h_pilot/predictions/146_0_p7_shifted_entry_ablation.png
152:0:p1_visible_points,152,A,Training/Rectal resection/9/113820,0,100,p1_visible_points,4,0,False,False,1,0.97922993,0.75162824,1,0.75162824,"[0.819159209728241, 0.9792299270629883, 0.7935794591903687]","[0.3719492352749756, 0.751628240197994, 0.07201705054268008]",0.020464,outputs/c6_sam1_vit_h_pilot/predictions/152_0_p1_visible_points.png
152:0:p2_visible_skeleton,152,A,Training/Rectal resection/9/113820,0,100,p2_visible_skeleton,22,0,False,False,2,0.92572832,0.82022983,2,0.82022983,"[0.859399139881134, 0.9234693050384521, 0.9257283210754395]","[0.5099928390078771, 0.7202136668620936, 0.8202298253586964]",0.005887,outputs/c6_sam1_vit_h_pilot/predictions/152_0_p2_visible_skeleton.png
152:0:p3_visible_box,152,A,Training/Rectal resection/9/113820,0,100,p3_visible_box,0,0,True,False,2,0.96457267,0.74926686,2,0.74926686,"[0.9267232418060303, 0.9578589200973511, 0.9645726680755615]","[0.6017263843648208, 0.6828799478742467, 0.749266862170088]",0.005115,outputs/c6_sam1_vit_h_pilot/predictions/152_0_p3_visible_box.png
152:0:p4_visible_points_box,152,A,Training/Rectal resection/9/113820,0,100,p4_visible_points_box,4,0,True,False,2,0.96473682,0.83960299,2,0.83960299,"[0.9210829138755798, 0.9634717702865601, 0.964736819267273]","[0.6609347011887314, 0.7770180065774478, 0.8396029938171168]",0.005796,outputs/c6_sam1_vit_h_pilot/predictions/152_0_p4_visible_points_box.png
152:0:p5_visible_points_negatives,152,A,Training/Rectal resection/9/113820,0,100,p5_visible_points_negatives,4,3,False,False,2,0.88621676,0.11481077,1,0.71296507,"[0.723516583442688, 0.870173454284668, 0.8862167596817017]","[0.2101477575994272, 0.7129650727515381, 0.11481077147016011]",0.005745,outputs/c6_sam1_vit_h_pilot/predictions/152_0_p5_visible_points_negatives.png
152:0:p6_visible_points_box_negatives,152,A,Training/Rectal resection/9/113820,0,100,p6_visible_points_box_negatives,4,3,True,False,2,0.95745611,0.78399524,2,0.78399524,"[0.8508782982826233, 0.944049596786499, 0.957456111907959]","[0.6651246131291741, 0.7618489201602658, 0.7839952430131756]",0.006056,outputs/c6_sam1_vit_h_pilot/predictions/152_0_p6_visible_points_box_negatives.png
152:0:p7_shifted_entry_ablation,152,A,Training/Rectal resection/9/113820,0,100,p7_shifted_entry_ablation,4,0,False,False,1,0.97922993,0.75162824,1,0.75162824,"[0.819159209728241, 0.9792299270629883, 0.7935794591903687]","[0.3719492352749756, 0.751628240197994, 0.07201705054268008]",0.005416,outputs/c6_sam1_vit_h_pilot/predictions/152_0_p7_shifted_entry_ablation.png
152:1:p1_visible_points,152,B,Training/Rectal resection/9/113820,1,50,p1_visible_points,3,0,False,False,0,0.94468349,0.83991636,0,0.83991636,"[0.9446834921836853, 0.9258303642272949, 0.7746011018753052]","[0.8399163568773235, 0.7668639053254438, 0.15996488881457951]",0.006644,outputs/c6_sam1_vit_h_pilot/predictions/152_1_p1_visible_points.png
152:1:p2_visible_skeleton,152,B,Training/Rectal resection/9/113820,1,50,p2_visible_skeleton,9,0,False,False,1,0.94838786,0.78957018,2,0.86660797,"[0.9350143671035767, 0.948387861251831, 0.9025981426239014]","[0.8161372594481799, 0.7895701772255042, 0.8666079683028836]",0.005414,outputs/c6_sam1_vit_h_pilot/predictions/152_1_p2_visible_skeleton.png
152:1:p3_visible_box,152,B,Training/Rectal resection/9/113820,1,50,p3_visible_box,0,0,True,False,0,0.94585878,0.81152321,1,0.87669071,"[0.9458587765693665, 0.9435772895812988, 0.9445449113845825]","[0.8115232097037556, 0.8766907123534716, 0.7671554252199414]",0.004897,outputs/c6_sam1_vit_h_pilot/predictions/152_1_p3_visible_box.png
152:1:p4_visible_points_box,152,B,Training/Rectal resection/9/113820,1,50,p4_visible_points_box,3,0,True,False,1,0.95346439,0.78541459,0,0.84804262,"[0.9497159719467163, 0.9534643888473511, 0.9450099468231201]","[0.8480426221913365, 0.7854145854145854, 0.7648080262396295]",0.008106,outputs/c6_sam1_vit_h_pilot/predictions/152_1_p4_visible_points_box.png
152:1:p5_visible_points_negatives,152,B,Training/Rectal resection/9/113820,1,50,p5_visible_points_negatives,3,4,False,False,0,0.92169541,0.84679860,0,0.84679860,"[0.9216954112052917, 0.9146667718887329, 0.7569620609283447]","[0.8467986030267753, 0.764381402679275, 0.46822857142857144]",0.005779,outputs/c6_sam1_vit_h_pilot/predictions/152_1_p5_visible_points_negatives.png
152:1:p6_visible_points_box_negatives,152,B,Training/Rectal resection/9/113820,1,50,p6_visible_points_box_negatives,3,4,True,False,1,0.93928707,0.76209992,0,0.86714584,"[0.9199652075767517, 0.9392870664596558, 0.9361922740936279]","[0.8671458381636912, 0.7620999219359875, 0.7388392857142857]",0.005687,outputs/c6_sam1_vit_h_pilot/predictions/152_1_p6_visible_points_box_negatives.png
152:1:p7_shifted_entry_ablation,152,B,Training/Rectal resection/9/113820,1,50,p7_shifted_entry_ablation,3,0,False,False,0,0.94468349,0.83991636,0,0.83991636,"[0.9446834921836853, 0.9258303642272949, 0.7746011018753052]","[0.8399163568773235, 0.7668639053254438, 0.15996488881457951]",0.005425,outputs/c6_sam1_vit_h_pilot/predictions/152_1_p7_shifted_entry_ablation.png
6:0:p1_visible_points,6,C,Training/Rectal resection/9/136446,0,50,p1_visible_points,1,0,False,False,1,0.90451241,0.49194708,0,0.64488889,"[0.8469875454902649, 0.9045124053955078, 0.6801397800445557]","[0.6448888888888888, 0.4919470808167961, 0.01572897761645493]",0.020649,outputs/c6_sam1_vit_h_pilot/predictions/006_0_p1_visible_points.png
6:0:p2_visible_skeleton,6,C,Training/Rectal resection/9/136446,0,50,p2_visible_skeleton,1,0,False,False,1,0.90451241,0.49194708,0,0.64488889,"[0.8469875454902649, 0.9045124053955078, 0.6801397800445557]","[0.6448888888888888, 0.4919470808167961, 0.01572897761645493]",0.005470,outputs/c6_sam1_vit_h_pilot/predictions/006_0_p2_visible_skeleton.png
6:0:p3_visible_box,6,C,Training/Rectal resection/9/136446,0,50,p3_visible_box,0,0,True,False,2,0.90469539,0.20807601,2,0.20807601,"[0.865757405757904, 0.9031530618667603, 0.9046953916549683]","[0.11144353029169783, 0.1790350232672055, 0.20807600950118765]",0.004895,outputs/c6_sam1_vit_h_pilot/predictions/006_0_p3_visible_box.png
6:0:p4_visible_points_box,6,C,Training/Rectal resection/9/136446,0,50,p4_visible_points_box,1,0,True,False,2,0.92199922,0.21764706,2,0.21764706,"[0.892079770565033, 0.9192912578582764, 0.9219992160797119]","[0.1743119266055046, 0.19254204240799416, 0.21764705882352942]",0.005796,outputs/c6_sam1_vit_h_pilot/predictions/006_0_p4_visible_points_box.png
6:0:p5_visible_points_negatives,6,C,Training/Rectal resection/9/136446,0,50,p5_visible_points_negatives,1,0,False,False,1,0.90451241,0.49194708,0,0.64488889,"[0.8469875454902649, 0.9045124053955078, 0.6801397800445557]","[0.6448888888888888, 0.4919470808167961, 0.01572897761645493]",0.005458,outputs/c6_sam1_vit_h_pilot/predictions/006_0_p5_visible_points_negatives.png
6:0:p6_visible_points_box_negatives,6,C,Training/Rectal resection/9/136446,0,50,p6_visible_points_box_negatives,1,0,True,False,2,0.92199922,0.21764706,2,0.21764706,"[0.892079770565033, 0.9192912578582764, 0.9219992160797119]","[0.1743119266055046, 0.19254204240799416, 0.21764705882352942]",0.006122,outputs/c6_sam1_vit_h_pilot/predictions/006_0_p6_visible_points_box_negatives.png
6:0:p7_shifted_entry_ablation,6,C,Training/Rectal resection/9/136446,0,50,p7_shifted_entry_ablation,2,0,False,True,1,0.91456151,0.49139525,0,0.72102722,"[0.868914783000946, 0.9145615100860596, 0.6568574905395508]","[0.721027216856892, 0.491395249608875, 0.03120126052772601]",0.006379,outputs/c6_sam1_vit_h_pilot/predictions/006_0_p7_shifted_entry_ablation.png
191:0:p1_visible_points,191,B,Training/Rectal resection/9/141000,0,50,p1_visible_points,3,0,False,False,2,0.99443781,0.06838397,0,0.37079631,"[0.7027992606163025, 0.9674767255783081, 0.9944378137588501]","[0.370796305976651, 0.10872680736029296, 0.06838397495196755]",0.020634,outputs/c6_sam1_vit_h_pilot/predictions/191_0_p1_visible_points.png
191:0:p2_visible_skeleton,191,B,Training/Rectal resection/9/141000,0,50,p2_visible_skeleton,22,0,False,False,2,0.91238499,0.20108216,0,0.66637937,"[0.8157959580421448, 0.8903610706329346, 0.9123849868774414]","[0.6663793674998343, 0.43854800073705547, 0.2010821583727415]",0.005950,outputs/c6_sam1_vit_h_pilot/predictions/191_0_p2_visible_skeleton.png
191:0:p3_visible_box,191,B,Training/Rectal resection/9/141000,0,50,p3_visible_box,0,0,True,False,1,0.86308146,0.52290860,0,0.73700317,"[0.8079542517662048, 0.8630814552307129, 0.839006781578064]","[0.7370031736436452, 0.5229085994958289, 0.4197556946951946]",0.004860,outputs/c6_sam1_vit_h_pilot/predictions/191_0_p3_visible_box.png
191:0:p4_visible_points_box,191,B,Training/Rectal resection/9/141000,0,50,p4_visible_points_box,3,0,True,False,2,0.93924630,0.35427183,0,0.69531514,"[0.7470877766609192, 0.883344292640686, 0.9392462968826294]","[0.695315144539977, 0.44272602595210464, 0.3542718294403511]",0.006057,outputs/c6_sam1_vit_h_pilot/predictions/191_0_p4_visible_points_box.png
191:0:p5_visible_points_negatives,191,B,Training/Rectal resection/9/141000,0,50,p5_visible_points_negatives,3,0,False,False,2,0.99443781,0.06838397,0,0.37079631,"[0.7027992606163025, 0.9674767255783081, 0.9944378137588501]","[0.370796305976651, 0.10872680736029296, 0.06838397495196755]",0.005775,outputs/c6_sam1_vit_h_pilot/predictions/191_0_p5_visible_points_negatives.png
191:0:p6_visible_points_box_negatives,191,B,Training/Rectal resection/9/141000,0,50,p6_visible_points_box_negatives,3,0,True,False,2,0.93924630,0.35427183,0,0.69531514,"[0.7470877766609192, 0.883344292640686, 0.9392462968826294]","[0.695315144539977, 0.44272602595210464, 0.3542718294403511]",0.005624,outputs/c6_sam1_vit_h_pilot/predictions/191_0_p6_visible_points_box_negatives.png
191:0:p7_shifted_entry_ablation,191,B,Training/Rectal resection/9/141000,0,50,p7_shifted_entry_ablation,3,0,False,False,2,0.99443781,0.06838397,0,0.37079631,"[0.7027992606163025, 0.9674767255783081, 0.9944378137588501]","[0.370796305976651, 0.10872680736029296, 0.06838397495196755]",0.005385,outputs/c6_sam1_vit_h_pilot/predictions/191_0_p7_shifted_entry_ablation.png
36:0:p1_visible_points,36,C,Training/Rectal resection/9/16500,0,50,p1_visible_points,1,0,False,False,1,1.00521469,0.95742376,1,0.95742376,"[0.7862955927848816, 1.0052146911621094, 0.8635317087173462]","[0.6742403701896137, 0.9574237553064886, 0.15961216013650825]",0.020501,outputs/c6_sam1_vit_h_pilot/predictions/036_0_p1_visible_points.png
36:0:p2_visible_skeleton,36,C,Training/Rectal resection/9/16500,0,50,p2_visible_skeleton,1,0,False,False,1,1.00521469,0.95742376,1,0.95742376,"[0.7862955927848816, 1.0052146911621094, 0.8635317087173462]","[0.6742403701896137, 0.9574237553064886, 0.15961216013650825]",0.005764,outputs/c6_sam1_vit_h_pilot/predictions/036_0_p2_visible_skeleton.png
36:0:p3_visible_box,36,C,Training/Rectal resection/9/16500,0,50,p3_visible_box,0,0,True,False,2,0.65393198,0.01603564,2,0.01603564,"[0.4646170735359192, 0.6403818726539612, 0.6539319753646851]","[0.0053202041515626975, 0.013992587905631383, 0.016035642778549398]",0.005367,outputs/c6_sam1_vit_h_pilot/predictions/036_0_p3_visible_box.png
36:0:p4_visible_points_box,36,C,Training/Rectal resection/9/16500,0,50,p4_visible_points_box,1,0,True,False,1,0.78075886,0.01803546,2,0.01976313,"[0.6893088221549988, 0.7807588577270508, 0.7594707012176514]","[0.014400723654454998, 0.01803545586107091, 0.01976313172407558]",0.005690,outputs/c6_sam1_vit_h_pilot/predictions/036_0_p4_visible_points_box.png
36:0:p5_visible_points_negatives,36,C,Training/Rectal resection/9/16500,0,50,p5_visible_points_negatives,1,0,False,False,1,1.00521469,0.95742376,1,0.95742376,"[0.7862955927848816, 1.0052146911621094, 0.8635317087173462]","[0.6742403701896137, 0.9574237553064886, 0.15961216013650825]",0.005524,outputs/c6_sam1_vit_h_pilot/predictions/036_0_p5_visible_points_negatives.png
36:0:p6_visible_points_box_negatives,36,C,Training/Rectal resection/9/16500,0,50,p6_visible_points_box_negatives,1,0,True,False,1,0.78075886,0.01803546,2,0.01976313,"[0.6893088221549988, 0.7807588577270508, 0.7594707012176514]","[0.014400723654454998, 0.01803545586107091, 0.01976313172407558]",0.005644,outputs/c6_sam1_vit_h_pilot/predictions/036_0_p6_visible_points_box_negatives.png
36:0:p7_shifted_entry_ablation,36,C,Training/Rectal resection/9/16500,0,50,p7_shifted_entry_ablation,2,0,False,True,1,1.00216997,0.95932137,1,0.95932137,"[0.9534196257591248, 1.0021699666976929, 0.9053653478622437]","[0.7940486078509263, 0.9593213700776188, 0.16020574657163078]",0.005413,outputs/c6_sam1_vit_h_pilot/predictions/036_0_p7_shifted_entry_ablation.png
39:0:p1_visible_points,39,B,Training/Rectal resection/9/169500,0,50,p1_visible_points,3,0,False,False,1,0.99375856,0.94367143,1,0.94367143,"[0.8936270475387573, 0.9937585592269897, 0.8507161140441895]","[0.931215959855578, 0.9436714268277798, 0.26575567003412054]",0.020463,outputs/c6_sam1_vit_h_pilot/predictions/039_0_p1_visible_points.png
39:0:p2_visible_skeleton,39,B,Training/Rectal resection/9/169500,0,50,p2_visible_skeleton,14,0,False,False,1,0.97823179,0.93858094,2,0.94366626,"[0.852684497833252, 0.9782317876815796, 0.9419502019882202]","[0.32301562978853815, 0.9385809448145206, 0.9436662606577345]",0.005884,outputs/c6_sam1_vit_h_pilot/predictions/039_0_p2_visible_skeleton.png
39:0:p3_visible_box,39,B,Training/Rectal resection/9/169500,0,50,p3_visible_box,0,0,True,False,1,0.99416792,0.93794662,2,0.94299982,"[0.9913358092308044, 0.9941679239273071, 0.9917361736297607]","[0.9329906370479163, 0.9379466194344347, 0.9429998173071068]",0.004913,outputs/c6_sam1_vit_h_pilot/predictions/039_0_p3_visible_box.png
39:0:p4_visible_points_box,39,B,Training/Rectal resection/9/169500,0,50,p4_visible_points_box,3,0,True,False,2,0.99295700,0.94476248,2,0.94476248,"[0.9327313303947449, 0.9925200939178467, 0.9929569959640503]","[0.9345365555215662, 0.9395382924148039, 0.9447624847746651]",0.005681,outputs/c6_sam1_vit_h_pilot/predictions/039_0_p4_visible_points_box.png
39:0:p5_visible_points_negatives,39,B,Training/Rectal resection/9/169500,0,50,p5_visible_points_negatives,3,0,False,False,1,0.99375856,0.94367143,1,0.94367143,"[0.8936270475387573, 0.9937585592269897, 0.8507161140441895]","[0.931215959855578, 0.9436714268277798, 0.26575567003412054]",0.005444,outputs/c6_sam1_vit_h_pilot/predictions/039_0_p5_visible_points_negatives.png
39:0:p6_visible_points_box_negatives,39,B,Training/Rectal resection/9/169500,0,50,p6_visible_points_box_negatives,3,0,True,False,2,0.99295700,0.94476248,2,0.94476248,"[0.9327313303947449, 0.9925200939178467, 0.9929569959640503]","[0.9345365555215662, 0.9395382924148039, 0.9447624847746651]",0.005710,outputs/c6_sam1_vit_h_pilot/predictions/039_0_p6_visible_points_box_negatives.png
39:0:p7_shifted_entry_ablation,39,B,Training/Rectal resection/9/169500,0,50,p7_shifted_entry_ablation,3,0,False,False,1,0.99375856,0.94367143,1,0.94367143,"[0.8936270475387573, 0.9937585592269897, 0.8507161140441895]","[0.931215959855578, 0.9436714268277798, 0.26575567003412054]",0.005815,outputs/c6_sam1_vit_h_pilot/predictions/039_0_p7_shifted_entry_ablation.png
10:0:p1_visible_points,10,A,Training/Rectal resection/9/186000,0,50,p1_visible_points,4,0,False,False,1,0.97366607,0.93583745,1,0.93583745,"[0.9649261832237244, 0.9736660718917847, 0.8859957456588745]","[0.9321985877430041, 0.9358374490945325, 0.13493712280408082]",0.020359,outputs/c6_sam1_vit_h_pilot/predictions/010_0_p1_visible_points.png
10:0:p2_visible_skeleton,10,A,Training/Rectal resection/9/186000,0,50,p2_visible_skeleton,33,0,False,False,1,0.94972551,0.92988946,2,0.93560370,"[0.8420055508613586, 0.9497255086898804, 0.9444807767868042]","[0.29217980295566504, 0.9298894594829837, 0.9356037018745571]",0.005929,outputs/c6_sam1_vit_h_pilot/predictions/010_0_p2_visible_skeleton.png
10:0:p3_visible_box,10,A,Training/Rectal resection/9/186000,0,50,p3_visible_box,0,0,True,False,2,0.97562861,0.92202981,2,0.92202981,"[0.8433718681335449, 0.9229272603988647, 0.9756286144256592]","[0.3502522483000658, 0.8078529657477026, 0.9220298114861902]",0.004922,outputs/c6_sam1_vit_h_pilot/predictions/010_0_p3_visible_box.png
10:0:p4_visible_points_box,10,A,Training/Rectal resection/9/186000,0,50,p4_visible_points_box,4,0,True,False,1,0.98169327,0.92811283,2,0.93341578,"[0.8604194521903992, 0.9816932678222656, 0.973639965057373]","[0.4325974224886769, 0.9281128256469411, 0.9334157771413695]",0.006168,outputs/c6_sam1_vit_h_pilot/predictions/010_0_p4_visible_points_box.png
10:0:p5_visible_points_negatives,10,A,Training/Rectal resection/9/186000,0,50,p5_visible_points_negatives,4,3,False,False,1,0.93456244,0.93430975,1,0.93430975,"[0.90423983335495, 0.9345624446868896, 0.813923716545105]","[0.8830829379722369, 0.9343097511006495, 0.2274901146479931]",0.005490,outputs/c6_sam1_vit_h_pilot/predictions/010_0_p5_visible_points_negatives.png
10:0:p6_visible_points_box_negatives,10,A,Training/Rectal resection/9/186000,0,50,p6_visible_points_box_negatives,4,3,True,False,1,0.97995830,0.92601432,2,0.92872340,"[0.8591774702072144, 0.9799582958221436, 0.9581761360168457]","[0.3532865907099036, 0.9260143198090692, 0.9287234042553192]",0.005760,outputs/c6_sam1_vit_h_pilot/predictions/010_0_p6_visible_points_box_negatives.png
10:0:p7_shifted_entry_ablation,10,A,Training/Rectal resection/9/186000,0,50,p7_shifted_entry_ablation,4,0,False,False,1,0.97366607,0.93583745,1,0.93583745,"[0.9649261832237244, 0.9736660718917847, 0.8859957456588745]","[0.9321985877430041, 0.9358374490945325, 0.13493712280408082]",0.006028,outputs/c6_sam1_vit_h_pilot/predictions/010_0_p7_shifted_entry_ablation.png
10:1:p1_visible_points,10,B,Training/Rectal resection/9/186000,1,100,p1_visible_points,3,0,False,False,0,0.97030240,0.86720221,1,0.88466311,"[0.970302402973175, 0.9575201272964478, 0.7659823894500732]","[0.8672022091125894, 0.8846631095669438, 0.05591983795507914]",0.005395,outputs/c6_sam1_vit_h_pilot/predictions/010_1_p1_visible_points.png
10:1:p2_visible_skeleton,10,B,Training/Rectal resection/9/186000,1,100,p2_visible_skeleton,17,0,False,False,2,0.94663870,0.88359168,2,0.88359168,"[0.8866180777549744, 0.9445168972015381, 0.9466387033462524]","[0.7582944367352088, 0.8590940417267089, 0.8835916754153029]",0.005839,outputs/c6_sam1_vit_h_pilot/predictions/010_1_p2_visible_skeleton.png
10:1:p3_visible_box,10,B,Training/Rectal resection/9/186000,1,100,p3_visible_box,0,0,True,False,1,0.96847928,0.87277625,2,0.88272368,"[0.965833842754364, 0.9684792757034302, 0.9625140428543091]","[0.8526137006982449, 0.8727762465547482, 0.8827236777063767]",0.004857,outputs/c6_sam1_vit_h_pilot/predictions/010_1_p3_visible_box.png
10:1:p4_visible_points_box,10,B,Training/Rectal resection/9/186000,1,100,p4_visible_points_box,3,0,True,False,1,0.96964824,0.87747060,2,0.88360869,"[0.9671807885169983, 0.9696482419967651, 0.9510735273361206]","[0.8609329812649315, 0.8774706029522141, 0.883608687581214]",0.005695,outputs/c6_sam1_vit_h_pilot/predictions/010_1_p4_visible_points_box.png
10:1:p5_visible_points_negatives,10,B,Training/Rectal resection/9/186000,1,100,p5_visible_points_negatives,3,4,False,False,1,0.95131397,0.87103014,1,0.87103014,"[0.9482941627502441, 0.9513139724731445, 0.8391879796981812]","[0.8541850220264318, 0.8710301366444125, 0.2210327549548746]",0.005442,outputs/c6_sam1_vit_h_pilot/predictions/010_1_p5_visible_points_negatives.png
10:1:p6_visible_points_box_negatives,10,B,Training/Rectal resection/9/186000,1,100,p6_visible_points_box_negatives,3,4,True,False,1,0.96221304,0.87388965,2,0.87888737,"[0.955734372138977, 0.9622130393981934, 0.9411594867706299]","[0.8534113796576033, 0.873889653446766, 0.8788873745508611]",0.005887,outputs/c6_sam1_vit_h_pilot/predictions/010_1_p6_visible_points_box_negatives.png
10:1:p7_shifted_entry_ablation,10,B,Training/Rectal resection/9/186000,1,100,p7_shifted_entry_ablation,3,0,False,False,0,0.97030240,0.86720221,1,0.88466311,"[0.970302402973175, 0.9575201272964478, 0.7659823894500732]","[0.8672022091125894, 0.8846631095669438, 0.05591983795507914]",0.005413,outputs/c6_sam1_vit_h_pilot/predictions/010_1_p7_shifted_entry_ablation.png
187:0:p1_visible_points,187,A,Training/Rectal resection/9/187500,0,50,p1_visible_points,4,0,False,False,2,0.96367908,0.11047405,0,0.55623935,"[0.7539571523666382, 0.8886271715164185, 0.9636790752410889]","[0.5562393469094824, 0.39076562434593326, 0.11047404555624667]",0.020366,outputs/c6_sam1_vit_h_pilot/predictions/187_0_p1_visible_points.png
187:0:p2_visible_skeleton,187,A,Training/Rectal resection/9/187500,0,50,p2_visible_skeleton,27,0,False,False,2,0.92107248,0.49544506,1,0.65403837,"[0.7797262072563171, 0.8664239645004272, 0.9210724830627441]","[0.4385507315106822, 0.6540383685313558, 0.4954450559878535]",0.005922,outputs/c6_sam1_vit_h_pilot/predictions/187_0_p2_visible_skeleton.png
187:0:p3_visible_box,187,A,Training/Rectal resection/9/187500,0,50,p3_visible_box,0,0,True,False,0,0.90525085,0.58695189,2,0.67226628,"[0.9052508473396301, 0.8976763486862183, 0.8550910949707031]","[0.5869518944231588, 0.5848741279146882, 0.6722662836445388]",0.004898,outputs/c6_sam1_vit_h_pilot/predictions/187_0_p3_visible_box.png
187:0:p4_visible_points_box,187,A,Training/Rectal resection/9/187500,0,50,p4_visible_points_box,4,0,True,False,2,0.95458245,0.69041308,0,0.75061466,"[0.8955820202827454, 0.8918585777282715, 0.9545824527740479]","[0.7506146639405782, 0.6896943160625962, 0.6904130792299507]",0.005706,outputs/c6_sam1_vit_h_pilot/predictions/187_0_p4_visible_points_box.png
187:0:p5_visible_points_negatives,187,A,Training/Rectal resection/9/187500,0,50,p5_visible_points_negatives,4,4,False,False,2,0.91942334,0.13707771,0,0.67802302,"[0.739278256893158, 0.9034383296966553, 0.9194233417510986]","[0.678023021516085, 0.6214935491681367, 0.1370777144445989]",0.005459,outputs/c6_sam1_vit_h_pilot/predictions/187_0_p5_visible_points_negatives.png
187:0:p6_visible_points_box_negatives,187,A,Training/Rectal resection/9/187500,0,50,p6_visible_points_box_negatives,4,4,True,False,2,0.95094359,0.77631465,2,0.77631465,"[0.8680300116539001, 0.9092528820037842, 0.9509435892105103]","[0.7603357004519045, 0.7563998043371922, 0.7763146495711687]",0.006311,outputs/c6_sam1_vit_h_pilot/predictions/187_0_p6_visible_points_box_negatives.png
187:0:p7_shifted_entry_ablation,187,A,Training/Rectal resection/9/187500,0,50,p7_shifted_entry_ablation,4,0,False,False,2,0.96367908,0.11047405,0,0.55623935,"[0.7539571523666382, 0.8886271715164185, 0.9636790752410889]","[0.5562393469094824, 0.39076562434593326, 0.11047404555624667]",0.005427,outputs/c6_sam1_vit_h_pilot/predictions/187_0_p7_shifted_entry_ablation.png
187:1:p1_visible_points,187,A,Training/Rectal resection/9/187500,1,100,p1_visible_points,4,0,False,False,2,0.94151688,0.05224746,0,0.76774535,"[0.8665467500686646, 0.8218339681625366, 0.9415168762207031]","[0.767745352980834, 0.3096320953726462, 0.052247459245617626]",0.005430,outputs/c6_sam1_vit_h_pilot/predictions/187_1_p1_visible_points.png
187:1:p2_visible_skeleton,187,A,Training/Rectal resection/9/187500,1,100,p2_visible_skeleton,23,0,False,False,0,0.83756375,0.80604246,0,0.80604246,"[0.8375637531280518, 0.7914794683456421, 0.8119204044342041]","[0.8060424605334785, 0.7018585772270882, 0.43079956079057696]",0.005910,outputs/c6_sam1_vit_h_pilot/predictions/187_1_p2_visible_skeleton.png
187:1:p3_visible_box,187,A,Training/Rectal resection/9/187500,1,100,p3_visible_box,0,0,True,False,1,0.94443369,0.78916449,1,0.78916449,"[0.9257506132125854, 0.9444336891174316, 0.9075204133987427]","[0.7242585804731756, 0.7891644908616188, 0.675595969525682]",0.004878,outputs/c6_sam1_vit_h_pilot/predictions/187_1_p3_visible_box.png
187:1:p4_visible_points_box,187,A,Training/Rectal resection/9/187500,1,100,p4_visible_points_box,4,0,True,False,2,0.89617825,0.42968103,0,0.84971819,"[0.8826000690460205, 0.866101861000061, 0.8961782455444336]","[0.8497181877303274, 0.5745092520931542, 0.42968102734051367]",0.005709,outputs/c6_sam1_vit_h_pilot/predictions/187_1_p4_visible_points_box.png
187:1:p5_visible_points_negatives,187,A,Training/Rectal resection/9/187500,1,100,p5_visible_points_negatives,4,4,False,False,0,0.81275511,0.77332238,0,0.77332238,"[0.8127551078796387, 0.7228825092315674, 0.808895468711853]","[0.7733223774308409, 0.5893357919403788, 0.30760484119642306]",0.006051,outputs/c6_sam1_vit_h_pilot/predictions/187_1_p5_visible_points_negatives.png
187:1:p6_visible_points_box_negatives,187,A,Training/Rectal resection/9/187500,1,100,p6_visible_points_box_negatives,4,4,True,False,0,0.89107794,0.77134881,1,0.81215036,"[0.8910779356956482, 0.8518372774124146, 0.8172481060028076]","[0.7713488066564484, 0.8121503633606943, 0.6246579885581627]",0.005671,outputs/c6_sam1_vit_h_pilot/predictions/187_1_p6_visible_points_box_negatives.png
187:1:p7_shifted_entry_ablation,187,A,Training/Rectal resection/9/187500,1,100,p7_shifted_entry_ablation,4,0,False,False,2,0.94151688,0.05224746,0,0.76774535,"[0.8665467500686646, 0.8218339681625366, 0.9415168762207031]","[0.767745352980834, 0.3096320953726462, 0.052247459245617626]",0.005421,outputs/c6_sam1_vit_h_pilot/predictions/187_1_p7_shifted_entry_ablation.png
12:0:p1_visible_points,12,B,Training/Rectal resection/9/265500,0,50,p1_visible_points,2,0,False,False,0,0.99977034,0.95893159,0,0.95893159,"[0.9997703433036804, 0.8353339433670044, 0.8990582227706909]","[0.9589315944573328, 0.25705196182396606, 0.04673809516744949]",0.020662,outputs/c6_sam1_vit_h_pilot/predictions/012_0_p1_visible_points.png
12:0:p2_visible_skeleton,12,B,Training/Rectal resection/9/265500,0,50,p2_visible_skeleton,19,0,False,False,1,0.98390353,0.96232211,1,0.96232211,"[0.9533975720405579, 0.9839035272598267, 0.9682066440582275]","[0.9354778028592927, 0.9623221114663657, 0.9506233194817892]",0.005880,outputs/c6_sam1_vit_h_pilot/predictions/012_0_p2_visible_skeleton.png
12:0:p3_visible_box,12,B,Training/Rectal resection/9/265500,0,50,p3_visible_box,0,0,True,False,0,1.00011480,0.94663908,2,0.96844736,"[1.0001147985458374, 0.9968575239181519, 0.9906214475631714]","[0.9466390770002509, 0.9594382797316783, 0.9684473601999375]",0.004904,outputs/c6_sam1_vit_h_pilot/predictions/012_0_p3_visible_box.png
12:0:p4_visible_points_box,12,B,Training/Rectal resection/9/265500,0,50,p4_visible_points_box,2,0,True,False,0,0.99604231,0.95096564,2,0.96913695,"[0.9960423111915588, 0.9941284656524658, 0.9887926578521729]","[0.9509656383245548, 0.9666061023745379, 0.9691369547632381]",0.005670,outputs/c6_sam1_vit_h_pilot/predictions/012_0_p4_visible_points_box.png
12:0:p5_visible_points_negatives,12,B,Training/Rectal resection/9/265500,0,50,p5_visible_points_negatives,2,0,False,False,0,0.99977034,0.95893159,0,0.95893159,"[0.9997703433036804, 0.8353339433670044, 0.8990582227706909]","[0.9589315944573328, 0.25705196182396606, 0.04673809516744949]",0.005842,outputs/c6_sam1_vit_h_pilot/predictions/012_0_p5_visible_points_negatives.png
12:0:p6_visible_points_box_negatives,12,B,Training/Rectal resection/9/265500,0,50,p6_visible_points_box_negatives,2,0,True,False,0,0.99604231,0.95096564,2,0.96913695,"[0.9960423111915588, 0.9941284656524658, 0.9887926578521729]","[0.9509656383245548, 0.9666061023745379, 0.9691369547632381]",0.005696,outputs/c6_sam1_vit_h_pilot/predictions/012_0_p6_visible_points_box_negatives.png
12:0:p7_shifted_entry_ablation,12,B,Training/Rectal resection/9/265500,0,50,p7_shifted_entry_ablation,2,0,False,False,0,0.99977034,0.95893159,0,0.95893159,"[0.9997703433036804, 0.8353339433670044, 0.8990582227706909]","[0.9589315944573328, 0.25705196182396606, 0.04673809516744949]",0.005432,outputs/c6_sam1_vit_h_pilot/predictions/012_0_p7_shifted_entry_ablation.png
52:0:p1_visible_points,52,A,Training/Rectal resection/9/26989,0,50,p1_visible_points,4,0,False,False,0,0.97973269,0.91016713,0,0.91016713,"[0.9797326922416687, 0.8121588230133057, 0.9001065492630005]","[0.9101671309192201, 0.9024435623914662, 0.0443109987357775]",0.020926,outputs/c6_sam1_vit_h_pilot/predictions/052_0_p1_visible_points.png
52:0:p2_visible_skeleton,52,A,Training/Rectal resection/9/26989,0,50,p2_visible_skeleton,26,0,False,False,0,0.92836016,0.90248896,1,0.90426254,"[0.9283601641654968, 0.9096782207489014, 0.8842136859893799]","[0.9024889628255167, 0.9042625377829868, 0.22272799554742784]",0.005882,outputs/c6_sam1_vit_h_pilot/predictions/052_0_p2_visible_skeleton.png
52:0:p3_visible_box,52,A,Training/Rectal resection/9/26989,0,50,p3_visible_box,0,0,True,False,1,0.98100722,0.91748072,2,0.91835306,"[0.9735419154167175, 0.9810072183609009, 0.9796673059463501]","[0.9126722297690666, 0.9174807197943444, 0.9183530609647448]",0.004865,outputs/c6_sam1_vit_h_pilot/predictions/052_0_p3_visible_box.png
52:0:p4_visible_points_box,52,A,Training/Rectal resection/9/26989,0,50,p4_visible_points_box,4,0,True,False,1,0.97343671,0.90882316,0,0.91244504,"[0.9685402512550354, 0.973436713218689, 0.9039617776870728]","[0.9124450391894475, 0.9088231607970924, 0.8279484413150872]",0.005704,outputs/c6_sam1_vit_h_pilot/predictions/052_0_p4_visible_points_box.png
52:0:p5_visible_points_negatives,52,A,Training/Rectal resection/9/26989,0,50,p5_visible_points_negatives,4,0,False,False,0,0.97973269,0.91016713,0,0.91016713,"[0.9797326922416687, 0.8121588230133057, 0.9001065492630005]","[0.9101671309192201, 0.9024435623914662, 0.0443109987357775]",0.005424,outputs/c6_sam1_vit_h_pilot/predictions/052_0_p5_visible_points_negatives.png
52:0:p6_visible_points_box_negatives,52,A,Training/Rectal resection/9/26989,0,50,p6_visible_points_box_negatives,4,0,True,False,1,0.97343671,0.90882316,0,0.91244504,"[0.9685402512550354, 0.973436713218689, 0.9039617776870728]","[0.9124450391894475, 0.9088231607970924, 0.8279484413150872]",0.005699,outputs/c6_sam1_vit_h_pilot/predictions/052_0_p6_visible_points_box_negatives.png
52:0:p7_shifted_entry_ablation,52,A,Training/Rectal resection/9/26989,0,50,p7_shifted_entry_ablation,4,0,False,False,0,0.97973269,0.91016713,0,0.91016713,"[0.9797326922416687, 0.8121588230133057, 0.9001065492630005]","[0.9101671309192201, 0.9024435623914662, 0.0443109987357775]",0.005713,outputs/c6_sam1_vit_h_pilot/predictions/052_0_p7_shifted_entry_ablation.png
159:0:p1_visible_points,159,C,Training/Rectal resection/9/306000,0,50,p1_visible_points,1,0,False,False,1,0.95156753,0.87111293,1,0.87111293,"[0.9490463137626648, 0.951567530632019, 0.8478301763534546]","[0.8516806722689075, 0.8711129296235679, 0.006157193718891646]",0.020516,outputs/c6_sam1_vit_h_pilot/predictions/159_0_p1_visible_points.png
159:0:p2_visible_skeleton,159,C,Training/Rectal resection/9/306000,0,50,p2_visible_skeleton,1,0,False,False,1,0.95156753,0.87111293,1,0.87111293,"[0.9490463137626648, 0.951567530632019, 0.8478301763534546]","[0.8516806722689075, 0.8711129296235679, 0.006157193718891646]",0.005510,outputs/c6_sam1_vit_h_pilot/predictions/159_0_p2_visible_skeleton.png
159:0:p3_visible_box,159,C,Training/Rectal resection/9/306000,0,50,p3_visible_box,0,0,True,False,1,0.94612718,0.46548822,2,0.52303183,"[0.9166051149368286, 0.94612717628479, 0.9458907842636108]","[0.42000844238075136, 0.4654882154882155, 0.5230318257956449]",0.004893,outputs/c6_sam1_vit_h_pilot/predictions/159_0_p3_visible_box.png
159:0:p4_visible_points_box,159,C,Training/Rectal resection/9/306000,0,50,p4_visible_points_box,1,0,True,False,2,0.95214057,0.52803347,2,0.52803347,"[0.9246577620506287, 0.951706051826477, 0.9521405696868896]","[0.42712721145745575, 0.4810924369747899, 0.5280334728033472]",0.005705,outputs/c6_sam1_vit_h_pilot/predictions/159_0_p4_visible_points_box.png
159:0:p5_visible_points_negatives,159,C,Training/Rectal resection/9/306000,0,50,p5_visible_points_negatives,1,0,False,False,1,0.95156753,0.87111293,1,0.87111293,"[0.9490463137626648, 0.951567530632019, 0.8478301763534546]","[0.8516806722689075, 0.8711129296235679, 0.006157193718891646]",0.005476,outputs/c6_sam1_vit_h_pilot/predictions/159_0_p5_visible_points_negatives.png
159:0:p6_visible_points_box_negatives,159,C,Training/Rectal resection/9/306000,0,50,p6_visible_points_box_negatives,1,0,True,False,2,0.95214057,0.52803347,2,0.52803347,"[0.9246577620506287, 0.951706051826477, 0.9521405696868896]","[0.42712721145745575, 0.4810924369747899, 0.5280334728033472]",0.005719,outputs/c6_sam1_vit_h_pilot/predictions/159_0_p6_visible_points_box_negatives.png
159:0:p7_shifted_entry_ablation,159,C,Training/Rectal resection/9/306000,0,50,p7_shifted_entry_ablation,2,0,False,True,1,0.94846344,0.87131148,1,0.87131148,"[0.919026792049408, 0.9484634399414062, 0.9022278785705566]","[0.8185263157894737, 0.8713114754098361, 0.006140462337217171]",0.005436,outputs/c6_sam1_vit_h_pilot/predictions/159_0_p7_shifted_entry_ablation.png
176:0:p1_visible_points,176,C,Training/Rectal resection/9/337500,0,50,p1_visible_points,1,0,False,False,1,0.94150126,0.05725844,0,0.38648649,"[0.7125978469848633, 0.941501259803772, 0.8638806343078613]","[0.3864864864864865, 0.057258439050622084, 0.014842501883948757]",0.020599,outputs/c6_sam1_vit_h_pilot/predictions/176_0_p1_visible_points.png
176:0:p2_visible_skeleton,176,C,Training/Rectal resection/9/337500,0,50,p2_visible_skeleton,1,0,False,False,1,0.94150126,0.05725844,0,0.38648649,"[0.7125978469848633, 0.941501259803772, 0.8638806343078613]","[0.3864864864864865, 0.057258439050622084, 0.014842501883948757]",0.005513,outputs/c6_sam1_vit_h_pilot/predictions/176_0_p2_visible_skeleton.png
176:0:p3_visible_box,176,C,Training/Rectal resection/9/337500,0,50,p3_visible_box,0,0,True,False,2,0.81025076,0.16516228,2,0.16516228,"[0.6680067181587219, 0.7886186838150024, 0.8102507591247559]","[0.12249228395061729, 0.13378509196515004, 0.16516228154407528]",0.004884,outputs/c6_sam1_vit_h_pilot/predictions/176_0_p3_visible_box.png
176:0:p4_visible_points_box,176,C,Training/Rectal resection/9/337500,0,50,p4_visible_points_box,1,0,True,False,2,0.82700479,0.20593870,2,0.20593870,"[0.6901243329048157, 0.8035298585891724, 0.8270047903060913]","[0.1474111282843895, 0.16353419879868242, 0.20593869731800765]",0.005694,outputs/c6_sam1_vit_h_pilot/predictions/176_0_p4_visible_points_box.png
176:0:p5_visible_points_negatives,176,C,Training/Rectal resection/9/337500,0,50,p5_visible_points_negatives,1,0,False,False,1,0.94150126,0.05725844,0,0.38648649,"[0.7125978469848633, 0.941501259803772, 0.8638806343078613]","[0.3864864864864865, 0.057258439050622084, 0.014842501883948757]",0.005738,outputs/c6_sam1_vit_h_pilot/predictions/176_0_p5_visible_points_negatives.png
176:0:p6_visible_points_box_negatives,176,C,Training/Rectal resection/9/337500,0,50,p6_visible_points_box_negatives,1,0,True,False,2,0.82700479,0.20593870,2,0.20593870,"[0.6901243329048157, 0.8035298585891724, 0.8270047903060913]","[0.1474111282843895, 0.16353419879868242, 0.20593869731800765]",0.005682,outputs/c6_sam1_vit_h_pilot/predictions/176_0_p6_visible_points_box_negatives.png
176:0:p7_shifted_entry_ablation,176,C,Training/Rectal resection/9/337500,0,50,p7_shifted_entry_ablation,2,0,False,True,1,0.95963633,0.05604390,0,0.45636294,"[0.86166912317276, 0.9596363306045532, 0.8677215576171875]","[0.45636293733179545, 0.056043903259120495, 0.014873389338993692]",0.005436,outputs/c6_sam1_vit_h_pilot/predictions/176_0_p7_shifted_entry_ablation.png
153:0:p1_visible_points,153,B,Training/Rectal resection/9/355500,0,150,p1_visible_points,3,0,False,False,0,0.97020906,0.93991594,0,0.93991594,"[0.9702090620994568, 0.866273045539856, 0.5574148297309875]","[0.9399159445856898, 0.5972011353884745, 0.5714745032473796]",0.020708,outputs/c6_sam1_vit_h_pilot/predictions/153_0_p1_visible_points.png
153:0:p2_visible_skeleton,153,B,Training/Rectal resection/9/355500,0,150,p2_visible_skeleton,18,0,False,False,1,0.96021497,0.94032342,1,0.94032342,"[0.9174103140830994, 0.9602149724960327, 0.9252563714981079]","[0.9014775725593668, 0.9403234220135629, 0.9394252102574686]",0.005891,outputs/c6_sam1_vit_h_pilot/predictions/153_0_p2_visible_skeleton.png
153:0:p3_visible_box,153,B,Training/Rectal resection/9/355500,0,150,p3_visible_box,0,0,True,False,1,0.99117017,0.93837228,1,0.93837228,"[0.978507936000824, 0.9911701679229736, 0.9885921478271484]","[0.9317452805384656, 0.9383722753645914, 0.9383707079600186]",0.004893,outputs/c6_sam1_vit_h_pilot/predictions/153_0_p3_visible_box.png
153:0:p4_visible_points_box,153,B,Training/Rectal resection/9/355500,0,150,p4_visible_points_box,3,0,True,False,1,0.98387587,0.94032182,1,0.94032182,"[0.9759986996650696, 0.9838758707046509, 0.9637843370437622]","[0.9372119815668203, 0.9403218247148883, 0.939648075735748]",0.005740,outputs/c6_sam1_vit_h_pilot/predictions/153_0_p4_visible_points_box.png
153:0:p5_visible_points_negatives,153,B,Training/Rectal resection/9/355500,0,150,p5_visible_points_negatives,3,3,False,False,0,0.96074635,0.93974520,1,0.94059406,"[0.9607463479042053, 0.8726654052734375, 0.7659063339233398]","[0.9397451963241437, 0.9405940594059405, 0.552264522481129]",0.005710,outputs/c6_sam1_vit_h_pilot/predictions/153_0_p5_visible_points_negatives.png
153:0:p6_visible_points_box_negatives,153,B,Training/Rectal resection/9/355500,0,150,p6_visible_points_box_negatives,3,3,True,False,1,0.97699559,0.93886714,1,0.93886714,"[0.96796053647995, 0.976995587348938, 0.9515714645385742]","[0.934345291244288, 0.9388671365178805, 0.9380375997939737]",0.005786,outputs/c6_sam1_vit_h_pilot/predictions/153_0_p6_visible_points_box_negatives.png
153:0:p7_shifted_entry_ablation,153,B,Training/Rectal resection/9/355500,0,150,p7_shifted_entry_ablation,3,0,False,False,0,0.97020906,0.93991594,0,0.93991594,"[0.9702090620994568, 0.866273045539856, 0.5574148297309875]","[0.9399159445856898, 0.5972011353884745, 0.5714745032473796]",0.005424,outputs/c6_sam1_vit_h_pilot/predictions/153_0_p7_shifted_entry_ablation.png
153:1:p1_visible_points,153,B,Training/Rectal resection/9/355500,1,100,p1_visible_points,3,0,False,False,1,0.96004426,0.32426289,0,0.63656466,"[0.7300282120704651, 0.960044264793396, 0.7337979078292847]","[0.6365646559349019, 0.3242628912845824, 0.042027731302525045]",0.005554,outputs/c6_sam1_vit_h_pilot/predictions/153_1_p1_visible_points.png
153:1:p2_visible_skeleton,153,B,Training/Rectal resection/9/355500,1,100,p2_visible_skeleton,15,0,False,False,2,0.97344637,0.01884689,0,0.38917458,"[0.8708282113075256, 0.9607886075973511, 0.9734463691711426]","[0.3891745838054563, 0.004956031108626036, 0.018846894315533488]",0.005833,outputs/c6_sam1_vit_h_pilot/predictions/153_1_p2_visible_skeleton.png
153:1:p3_visible_box,153,B,Training/Rectal resection/9/355500,1,100,p3_visible_box,0,0,True,False,2,0.94257271,0.80674551,2,0.80674551,"[0.8172919154167175, 0.9412789344787598, 0.9425727128982544]","[0.4353529044347283, 0.7686454923471645, 0.8067455102934735]",0.004956,outputs/c6_sam1_vit_h_pilot/predictions/153_1_p3_visible_box.png
153:1:p4_visible_points_box,153,B,Training/Rectal resection/9/355500,1,100,p4_visible_points_box,3,0,True,False,1,0.94743168,0.78814738,2,0.80279503,"[0.9015972018241882, 0.9474316835403442, 0.9299814701080322]","[0.7369584438549955, 0.7881473757386166, 0.8027950310559007]",0.005783,outputs/c6_sam1_vit_h_pilot/predictions/153_1_p4_visible_points_box.png
153:1:p5_visible_points_negatives,153,B,Training/Rectal resection/9/355500,1,100,p5_visible_points_negatives,3,3,False,False,1,0.94994962,0.32683941,0,0.81610096,"[0.8727286458015442, 0.9499496221542358, 0.7239373922348022]","[0.8161009573542211, 0.326839405156179, 0.17120431689968113]",0.005455,outputs/c6_sam1_vit_h_pilot/predictions/153_1_p5_visible_points_negatives.png
153:1:p6_visible_points_box_negatives,153,B,Training/Rectal resection/9/355500,1,100,p6_visible_points_box_negatives,3,3,True,False,0,0.92325193,0.77847542,1,0.79639310,"[0.9232519268989563, 0.9148708581924438, 0.8813457489013672]","[0.7784754156349487, 0.7963930998431783, 0.4954901108454684]",0.005678,outputs/c6_sam1_vit_h_pilot/predictions/153_1_p6_visible_points_box_negatives.png
153:1:p7_shifted_entry_ablation,153,B,Training/Rectal resection/9/355500,1,100,p7_shifted_entry_ablation,3,0,False,False,1,0.96004426,0.32426289,0,0.63656466,"[0.7300282120704651, 0.960044264793396, 0.7337979078292847]","[0.6365646559349019, 0.3242628912845824, 0.042027731302525045]",0.005434,outputs/c6_sam1_vit_h_pilot/predictions/153_1_p7_shifted_entry_ablation.png
84:0:p1_visible_points,84,B,Training/Rectal resection/9/36000,0,150,p1_visible_points,3,0,False,False,2,0.99807382,0.09507319,0,0.53574542,"[0.6645119190216064, 0.9091527462005615, 0.9980738162994385]","[0.5357454228421971, 0.19288222230493418, 0.09507318803882742]",0.020743,outputs/c6_sam1_vit_h_pilot/predictions/084_0_p1_visible_points.png
84:0:p2_visible_skeleton,84,B,Training/Rectal resection/9/36000,0,150,p2_visible_skeleton,15,0,False,False,2,0.95869994,0.23220708,0,0.41260876,"[0.7980908155441284, 0.9126063585281372, 0.9586999416351318]","[0.41260875835216076, 0.25623580778369087, 0.23220707754192618]",0.005837,outputs/c6_sam1_vit_h_pilot/predictions/084_0_p2_visible_skeleton.png
84:0:p3_visible_box,84,B,Training/Rectal resection/9/36000,0,150,p3_visible_box,0,0,True,False,2,0.96176648,0.41261936,0,0.50350265,"[0.9333977103233337, 0.9592607021331787, 0.9617664813995361]","[0.503502653525398, 0.49060506809170834, 0.41261936419678474]",0.004957,outputs/c6_sam1_vit_h_pilot/predictions/084_0_p3_visible_box.png
84:0:p4_visible_points_box,84,B,Training/Rectal resection/9/36000,0,150,p4_visible_points_box,3,0,True,False,1,0.94367158,0.45969544,0,0.48583360,"[0.9300927519798279, 0.9436715841293335, 0.9341436624526978]","[0.48583359916480584, 0.4596954420248428, 0.4034154777345439]",0.005705,outputs/c6_sam1_vit_h_pilot/predictions/084_0_p4_visible_points_box.png
84:0:p5_visible_points_negatives,84,B,Training/Rectal resection/9/36000,0,150,p5_visible_points_negatives,3,6,False,False,2,0.93824768,0.14794029,0,0.48853177,"[0.6518856883049011, 0.9224414825439453, 0.9382476806640625]","[0.4885317677496393, 0.19354022333997659, 0.14794028993828046]",0.005695,outputs/c6_sam1_vit_h_pilot/predictions/084_0_p5_visible_points_negatives.png
84:0:p6_visible_points_box_negatives,84,B,Training/Rectal resection/9/36000,0,150,p6_visible_points_box_negatives,3,6,True,False,2,0.88515627,0.40573207,0,0.46216484,"[0.8720481991767883, 0.873078465461731, 0.8851562738418579]","[0.46216484075750675, 0.4483670567101619, 0.4057320661261986]",0.005868,outputs/c6_sam1_vit_h_pilot/predictions/084_0_p6_visible_points_box_negatives.png
84:0:p7_shifted_entry_ablation,84,B,Training/Rectal resection/9/36000,0,150,p7_shifted_entry_ablation,3,0,False,False,2,0.99807382,0.09507319,0,0.53574542,"[0.6645119190216064, 0.9091527462005615, 0.9980738162994385]","[0.5357454228421971, 0.19288222230493418, 0.09507318803882742]",0.005476,outputs/c6_sam1_vit_h_pilot/predictions/084_0_p7_shifted_entry_ablation.png
84:1:p1_visible_points,84,B,Training/Rectal resection/9/36000,1,100,p1_visible_points,3,0,False,False,1,0.98551965,0.91619027,1,0.91619027,"[0.9826043248176575, 0.9855196475982666, 0.6897354125976562]","[0.9091794233785904, 0.9161902707367059, 0.5246913580246914]",0.005640,outputs/c6_sam1_vit_h_pilot/predictions/084_1_p1_visible_points.png
84:1:p2_visible_skeleton,84,B,Training/Rectal resection/9/36000,1,100,p2_visible_skeleton,16,0,False,False,1,0.96182966,0.91515904,2,0.92442892,"[0.8671584725379944, 0.961829662322998, 0.9484337568283081]","[0.7739405163961216, 0.9151590430415294, 0.924428916957807]",0.005818,outputs/c6_sam1_vit_h_pilot/predictions/084_1_p2_visible_skeleton.png
84:1:p3_visible_box,84,B,Training/Rectal resection/9/36000,1,100,p3_visible_box,0,0,True,False,1,0.99135065,0.91143213,2,0.92235573,"[0.975054919719696, 0.9913506507873535, 0.9887278079986572]","[0.9005749620308093, 0.9114321268192394, 0.9223557303734038]",0.004870,outputs/c6_sam1_vit_h_pilot/predictions/084_1_p3_visible_box.png
84:1:p4_visible_points_box,84,B,Training/Rectal resection/9/36000,1,100,p4_visible_points_box,3,0,True,False,1,0.98735416,0.91498326,2,0.92385923,"[0.9777191281318665, 0.9873541593551636, 0.9614359140396118]","[0.9055684831430272, 0.9149832559144431, 0.9238592337494619]",0.005670,outputs/c6_sam1_vit_h_pilot/predictions/084_1_p4_visible_points_box.png
84:1:p5_visible_points_negatives,84,B,Training/Rectal resection/9/36000,1,100,p5_visible_points_negatives,3,6,False,False,0,0.95851237,0.89772111,1,0.91217532,"[0.9585123658180237, 0.9360955953598022, 0.8485217094421387]","[0.8977211068909386, 0.9121753246753247, 0.9070389388104407]",0.005457,outputs/c6_sam1_vit_h_pilot/predictions/084_1_p5_visible_points_negatives.png
84:1:p6_visible_points_box_negatives,84,B,Training/Rectal resection/9/36000,1,100,p6_visible_points_box_negatives,3,6,True,False,0,0.97241241,0.90520557,2,0.92582270,"[0.9724124073982239, 0.9717655181884766, 0.9301899671554565]","[0.9052055684957478, 0.9173866090712743, 0.9258227033980062]",0.005730,outputs/c6_sam1_vit_h_pilot/predictions/084_1_p6_visible_points_box_negatives.png
84:1:p7_shifted_entry_ablation,84,B,Training/Rectal resection/9/36000,1,100,p7_shifted_entry_ablation,3,0,False,False,1,0.98551965,0.91619027,1,0.91619027,"[0.9826043248176575, 0.9855196475982666, 0.6897354125976562]","[0.9091794233785904, 0.9161902707367059, 0.5246913580246914]",0.005509,outputs/c6_sam1_vit_h_pilot/predictions/084_1_p7_shifted_entry_ablation.png
84:2:p1_visible_points,84,B,Training/Rectal resection/9/36000,2,50,p1_visible_points,3,0,False,False,0,0.99065143,0.90178997,1,0.95229034,"[0.9906514286994934, 0.9586131572723389, 0.6828055381774902]","[0.9017899680119785, 0.9522903357346745, 0.27664964802351666]",0.005414,outputs/c6_sam1_vit_h_pilot/predictions/084_2_p1_visible_points.png
84:2:p2_visible_skeleton,84,B,Training/Rectal resection/9/36000,2,50,p2_visible_skeleton,17,0,False,False,1,0.97703397,0.90116991,2,0.95928702,"[0.8872681260108948, 0.9770339727401733, 0.9591996669769287]","[0.5227613465994275, 0.901169908855938, 0.9592870164067248]",0.005809,outputs/c6_sam1_vit_h_pilot/predictions/084_2_p2_visible_skeleton.png
84:2:p3_visible_box,84,B,Training/Rectal resection/9/36000,2,50,p3_visible_box,0,0,True,False,1,0.99681914,0.89455412,2,0.90716668,"[0.9878201484680176, 0.9968191385269165, 0.9954200983047485]","[0.8885558583106267, 0.8945541184479238, 0.9071666780099367]",0.004889,outputs/c6_sam1_vit_h_pilot/predictions/084_2_p3_visible_box.png
84:2:p4_visible_points_box,84,B,Training/Rectal resection/9/36000,2,50,p4_visible_points_box,3,0,True,False,1,0.99211311,0.89693669,2,0.90870156,"[0.9584599733352661, 0.9921131134033203, 0.9918676614761353]","[0.8218543497513454, 0.8969366916269571, 0.9087015635622026]",0.005692,outputs/c6_sam1_vit_h_pilot/predictions/084_2_p4_visible_points_box.png
84:2:p5_visible_points_negatives,84,B,Training/Rectal resection/9/36000,2,50,p5_visible_points_negatives,3,6,False,False,0,0.93956739,0.89970039,1,0.90943704,"[0.9395673871040344, 0.8358851671218872, 0.6780408620834351]","[0.8997003949339507, 0.9094370410660865, 0.2262156882903259]",0.005542,outputs/c6_sam1_vit_h_pilot/predictions/084_2_p5_visible_points_negatives.png
84:2:p6_visible_points_box_negatives,84,B,Training/Rectal resection/9/36000,2,50,p6_visible_points_box_negatives,3,6,True,False,1,0.98519230,0.90044941,2,0.91620414,"[0.9791461825370789, 0.9851922988891602, 0.9685201644897461]","[0.8888056142263405, 0.900449407599074, 0.916204142412346]",0.005667,outputs/c6_sam1_vit_h_pilot/predictions/084_2_p6_visible_points_box_negatives.png
84:2:p7_shifted_entry_ablation,84,B,Training/Rectal resection/9/36000,2,50,p7_shifted_entry_ablation,3,0,False,False,0,0.99065143,0.90178997,1,0.95229034,"[0.9906514286994934, 0.9586131572723389, 0.6828055381774902]","[0.9017899680119785, 0.9522903357346745, 0.27664964802351666]",0.005431,outputs/c6_sam1_vit_h_pilot/predictions/084_2_p7_shifted_entry_ablation.png
98:0:p1_visible_points,98,C,Training/Rectal resection/9/50098,0,50,p1_visible_points,2,0,False,False,1,0.95728290,0.81570227,1,0.81570227,"[0.8695855140686035, 0.9572829008102417, 0.778051495552063]","[0.7440246723207402, 0.8157022686719347, 0.011418951505402434]",0.020401,outputs/c6_sam1_vit_h_pilot/predictions/098_0_p1_visible_points.png
98:0:p2_visible_skeleton,98,C,Training/Rectal resection/9/50098,0,50,p2_visible_skeleton,2,0,False,False,1,0.95728290,0.81570227,1,0.81570227,"[0.8695855140686035, 0.9572829008102417, 0.778051495552063]","[0.7440246723207402, 0.8157022686719347, 0.011418951505402434]",0.005510,outputs/c6_sam1_vit_h_pilot/predictions/098_0_p2_visible_skeleton.png
98:0:p3_visible_box,98,C,Training/Rectal resection/9/50098,0,50,p3_visible_box,0,0,True,False,1,0.73822832,0.12179487,0,0.13533835,"[0.683589518070221, 0.7382283210754395, 0.7136281728744507]","[0.13533834586466165, 0.12179487179487179, 0.0323785803237858]",0.004941,outputs/c6_sam1_vit_h_pilot/predictions/098_0_p3_visible_box.png
98:0:p4_visible_points_box,98,C,Training/Rectal resection/9/50098,0,50,p4_visible_points_box,2,0,True,False,1,0.80497217,0.21827021,1,0.21827021,"[0.7880821228027344, 0.8049721717834473, 0.7559808492660522]","[0.14480077745383868, 0.21827021494370522, 0.19625]",0.005913,outputs/c6_sam1_vit_h_pilot/predictions/098_0_p4_visible_points_box.png
98:0:p5_visible_points_negatives,98,C,Training/Rectal resection/9/50098,0,50,p5_visible_points_negatives,2,0,False,False,1,0.95728290,0.81570227,1,0.81570227,"[0.8695855140686035, 0.9572829008102417, 0.778051495552063]","[0.7440246723207402, 0.8157022686719347, 0.011418951505402434]",0.005451,outputs/c6_sam1_vit_h_pilot/predictions/098_0_p5_visible_points_negatives.png
98:0:p6_visible_points_box_negatives,98,C,Training/Rectal resection/9/50098,0,50,p6_visible_points_box_negatives,2,0,True,False,1,0.80497217,0.21827021,1,0.21827021,"[0.7880821228027344, 0.8049721717834473, 0.7559808492660522]","[0.14480077745383868, 0.21827021494370522, 0.19625]",0.005684,outputs/c6_sam1_vit_h_pilot/predictions/098_0_p6_visible_points_box_negatives.png
98:0:p7_shifted_entry_ablation,98,C,Training/Rectal resection/9/50098,0,50,p7_shifted_entry_ablation,3,0,False,True,1,0.96341705,0.81484315,1,0.81484315,"[0.8375226855278015, 0.9634170532226562, 0.7425893545150757]","[0.5281217750257998, 0.8148431522570773, 0.011418245896987889]",0.005418,outputs/c6_sam1_vit_h_pilot/predictions/098_0_p7_shifted_entry_ablation.png
23:0:p1_visible_points,23,C,Training/Rectal resection/9/54874,0,50,p1_visible_points,1,0,False,False,0,0.92830706,0.40152672,1,0.67511346,"[0.928307056427002, 0.6630744934082031, 0.6183243989944458]","[0.4015267175572519, 0.6751134644478064, 0.005171320957105767]",0.020547,outputs/c6_sam1_vit_h_pilot/predictions/023_0_p1_visible_points.png
23:0:p2_visible_skeleton,23,C,Training/Rectal resection/9/54874,0,50,p2_visible_skeleton,1,0,False,False,0,0.92830706,0.40152672,1,0.67511346,"[0.928307056427002, 0.6630744934082031, 0.6183243989944458]","[0.4015267175572519, 0.6751134644478064, 0.005171320957105767]",0.005525,outputs/c6_sam1_vit_h_pilot/predictions/023_0_p2_visible_skeleton.png
23:0:p3_visible_box,23,C,Training/Rectal resection/9/54874,0,50,p3_visible_box,0,0,True,False,1,0.65055215,0.10992366,1,0.10992366,"[0.5405281782150269, 0.6505521535873413, 0.6016459465026855]","[0.05674558436677941, 0.1099236641221374, 0.07276657060518732]",0.004934,outputs/c6_sam1_vit_h_pilot/predictions/023_0_p3_visible_box.png
23:0:p4_visible_points_box,23,C,Training/Rectal resection/9/54874,0,50,p4_visible_points_box,1,0,True,False,1,0.66204482,0.12213740,1,0.12213740,"[0.5611968040466309, 0.6620448231697083, 0.6336243152618408]","[0.0703240058910162, 0.12213740458015267, 0.1192005710206995]",0.005749,outputs/c6_sam1_vit_h_pilot/predictions/023_0_p4_visible_points_box.png
23:0:p5_visible_points_negatives,23,C,Training/Rectal resection/9/54874,0,50,p5_visible_points_negatives,1,0,False,False,0,0.92830706,0.40152672,1,0.67511346,"[0.928307056427002, 0.6630744934082031, 0.6183243989944458]","[0.4015267175572519, 0.6751134644478064, 0.005171320957105767]",0.005538,outputs/c6_sam1_vit_h_pilot/predictions/023_0_p5_visible_points_negatives.png
23:0:p6_visible_points_box_negatives,23,C,Training/Rectal resection/9/54874,0,50,p6_visible_points_box_negatives,1,0,True,False,1,0.66204482,0.12213740,1,0.12213740,"[0.5611968040466309, 0.6620448231697083, 0.6336243152618408]","[0.0703240058910162, 0.12213740458015267, 0.1192005710206995]",0.005734,outputs/c6_sam1_vit_h_pilot/predictions/023_0_p6_visible_points_box_negatives.png
23:0:p7_shifted_entry_ablation,23,C,Training/Rectal resection/9/54874,0,50,p7_shifted_entry_ablation,2,0,False,True,0,0.94158047,0.40343511,1,0.68178382,"[0.9415804743766785, 0.7872494459152222, 0.6014454364776611]","[0.4034351145038168, 0.6817838246409675, 0.006469043849429602]",0.005520,outputs/c6_sam1_vit_h_pilot/predictions/023_0_p7_shifted_entry_ablation.png
